fullVisitorId,channelGrouping,device.deviceCategory,n_sessions,totals.hits,totals.pageviews,bounce_prop,weekend_prop,cluster,cluster_name
213131142648941,Direct,desktop,1,14.0,13.0,0.0,0.0,0,Desktop Engaged
435324061339869,Referral,desktop,3,14.0,11.0,0.0,0.6666666666666666,2,Weekend Warriors
562678147042735,Organic Search,desktop,2,12.5,10.5,0.0,0.0,0,Desktop Engaged
585708896049892,Referral,desktop,1,22.0,20.0,0.0,0.0,0,Desktop Engaged
670722016498267,Referral,desktop,2,9.5,9.5,0.0,0.0,1,Desktop Frecuente
852801263780322,Direct,desktop,1,28.0,22.0,0.0,0.0,0,Desktop Engaged
1123528056036404,Direct,desktop,1,35.0,31.0,0.0,0.0,0,Desktop Engaged
1905118576359487,Organic Search,desktop,2,17.5,17.0,0.0,0.0,0,Desktop Engaged
2527528149176601,Organic Search,mobile,1,15.0,13.0,0.0,0.0,3,Mobile Users
2709834583138581,Direct,desktop,2,8.0,8.0,0.5,0.0,1,Desktop Frecuente
2838359588704338,Organic Search,desktop,1,26.0,23.0,0.0,0.0,0,Desktop Engaged
2871498069867123,Referral,desktop,3,5.0,5.0,0.0,0.0,1,Desktop Frecuente
3038010493412298,Direct,desktop,2,9.5,9.5,0.0,1.0,2,Weekend Warriors
3438471796886087,Direct,desktop,3,15.0,14.0,0.0,0.6666666666666666,2,Weekend Warriors
3450834640354121,Organic Search,desktop,8,13.0,10.5,0.125,0.0,1,Desktop Frecuente
3717831825503026,Organic Search,mobile,2,15.5,15.0,0.5,0.0,3,Mobile Users
3961110741104601,Organic Search,desktop,2,16.5,13.0,0.0,0.5,2,Weekend Warriors
4638983005167591,Referral,desktop,8,3.0,3.0,0.25,0.375,1,Desktop Frecuente
4868452367846670,Organic Search,desktop,7,1.0,1.0,0.5714285714285714,0.1428571428571428,1,Desktop Frecuente
5339642194263188,Organic Search,desktop,16,1.0,1.0,0.75,0.1875,1,Desktop Frecuente
5791622267997002,Display,desktop,6,19.5,16.0,0.0,0.0,1,Desktop Frecuente
5879659021728039,Organic Search,desktop,5,7.0,7.0,0.0,0.0,1,Desktop Frecuente
5987390541733447,Organic Search,desktop,1,42.0,37.0,0.0,0.0,0,Desktop Engaged
6173812362189693,Direct,desktop,8,8.5,8.5,0.25,0.0,1,Desktop Frecuente
6366382357860597,Organic Search,desktop,3,4.0,4.0,0.0,0.0,1,Desktop Frecuente
6911334202687206,Organic Search,desktop,3,5.0,5.0,0.0,0.3333333333333333,1,Desktop Frecuente
7370307513460988,Referral,desktop,3,29.0,21.0,0.0,0.0,0,Desktop Engaged
7610360596308606,Direct,desktop,1,43.0,35.0,0.0,0.0,0,Desktop Engaged
7617910709180468,Organic Search,desktop,4,15.5,13.5,0.0,0.25,1,Desktop Frecuente
7785136914311905,Referral,desktop,6,9.0,8.0,0.0,0.0,1,Desktop Frecuente
7933257389091624,Direct,desktop,4,8.0,6.5,0.0,0.0,1,Desktop Frecuente
7943880251511904,Referral,desktop,2,21.0,16.0,0.0,0.0,0,Desktop Engaged
8569875679640708,Direct,desktop,1,45.0,36.0,0.0,0.0,0,Desktop Engaged
8635110543627771,Referral,desktop,3,35.0,21.0,0.0,0.0,0,Desktop Engaged
8803033727416939,Direct,mobile,1,16.0,13.0,0.0,0.0,3,Mobile Users
9046037663524262,Organic Search,desktop,5,12.0,9.0,0.0,0.0,1,Desktop Frecuente
9644182629851608,Referral,desktop,2,12.5,9.5,0.0,0.0,0,Desktop Engaged
10235349034444058,Referral,desktop,1,15.0,12.0,0.0,0.0,0,Desktop Engaged
10295111715775250,Referral,desktop,2,27.0,21.0,0.0,0.0,0,Desktop Engaged
11012202755429691,Direct,desktop,1,26.0,13.0,0.0,0.0,0,Desktop Engaged
11018661240317813,Referral,desktop,5,14.0,8.0,0.0,0.0,1,Desktop Frecuente
11223364686614335,Organic Search,desktop,1,29.0,22.0,0.0,0.0,0,Desktop Engaged
12559495913113852,Organic Search,desktop,1,14.0,12.0,0.0,0.0,0,Desktop Engaged
12561433643490595,Paid Search,desktop,3,37.0,30.0,0.0,0.0,0,Desktop Engaged
13296981549010416,Organic Search,desktop,1,26.0,21.0,0.0,0.0,0,Desktop Engaged
13937734216012052,Referral,desktop,4,24.0,18.5,0.0,0.0,0,Desktop Engaged
14253006455543633,Organic Search,desktop,2,11.5,11.0,0.0,0.5,2,Weekend Warriors
14262055593378383,Referral,desktop,8,10.5,9.5,0.25,0.125,1,Desktop Frecuente
15618322761092379,Referral,desktop,1,92.0,64.0,0.0,1.0,2,Weekend Warriors
15950283479889703,Organic Search,mobile,4,7.5,6.0,0.5,0.25,3,Mobile Users
16474246784013973,Social,desktop,1,16.0,15.0,0.0,0.0,0,Desktop Engaged
16600374334482677,Referral,desktop,3,39.0,26.0,0.0,0.0,0,Desktop Engaged
16925875208939543,Referral,desktop,6,8.5,7.0,0.1666666666666666,0.0,1,Desktop Frecuente
18248151443924739,Organic Search,desktop,1,26.0,22.0,0.0,1.0,2,Weekend Warriors
18386080117189534,Organic Search,mobile,2,12.0,10.5,0.0,0.0,3,Mobile Users
18400544049332170,Organic Search,desktop,1,25.0,23.0,0.0,0.0,0,Desktop Engaged
19772767330770548,Organic Search,desktop,2,33.5,25.5,0.0,0.0,0,Desktop Engaged
19814677684676098,Referral,desktop,8,6.0,4.5,0.25,0.0,1,Desktop Frecuente
20153652546549774,Referral,desktop,3,35.0,25.0,0.0,0.0,0,Desktop Engaged
20342483972052451,Referral,desktop,2,74.5,55.5,0.0,0.5,2,Weekend Warriors
20502892485275044,Referral,desktop,3,10.0,8.0,0.3333333333333333,0.6666666666666666,1,Desktop Frecuente
20712449954637118,Referral,desktop,2,35.0,24.0,0.0,0.0,0,Desktop Engaged
20772809165725592,Direct,desktop,3,6.0,6.0,0.0,0.0,1,Desktop Frecuente
20941213751022444,Organic Search,desktop,3,13.0,11.0,0.3333333333333333,1.0,2,Weekend Warriors
21724590578150399,Organic Search,desktop,1,27.0,21.0,0.0,0.0,0,Desktop Engaged
21939395292136520,Paid Search,desktop,1,107.0,82.0,0.0,0.0,0,Desktop Engaged
22078954710203778,Referral,desktop,1,82.0,64.0,0.0,0.0,0,Desktop Engaged
24164219255036061,Organic Search,desktop,6,17.0,13.5,0.0,0.1666666666666666,1,Desktop Frecuente
24304007537579808,Referral,desktop,2,20.0,17.5,0.0,0.0,0,Desktop Engaged
24314485741511650,Referral,desktop,4,11.0,8.5,0.0,0.5,1,Desktop Frecuente
24507252193437459,Direct,desktop,3,23.0,16.0,0.0,0.0,0,Desktop Engaged
24725579067754075,Referral,desktop,1,71.0,56.0,0.0,0.0,0,Desktop Engaged
24932550342595467,Paid Search,desktop,2,26.5,21.5,0.0,0.5,2,Weekend Warriors
25383618704224288,Organic Search,desktop,2,14.0,10.5,0.0,0.0,0,Desktop Engaged
25733439009029964,Organic Search,desktop,2,9.5,8.5,0.0,0.0,1,Desktop Frecuente
26203741366904270,Organic Search,desktop,5,16.0,10.0,0.0,0.0,1,Desktop Frecuente
26286046518884836,Social,desktop,3,1.0,1.0,0.6666666666666666,0.0,1,Desktop Frecuente
26329820781202527,Referral,desktop,2,20.0,15.0,0.0,0.0,0,Desktop Engaged
26401348536755877,Referral,desktop,9,6.0,4.0,0.0,0.0,1,Desktop Frecuente
27729301290398668,Direct,desktop,2,16.5,13.0,0.5,0.0,1,Desktop Frecuente
27819532062608348,Organic Search,desktop,5,19.0,15.0,0.2,0.0,1,Desktop Frecuente
28714765282885780,Referral,desktop,7,6.0,6.0,0.0,0.0,1,Desktop Frecuente
28920166996312450,Referral,desktop,12,1.0,1.0,0.75,0.0833333333333333,1,Desktop Frecuente
28984301129433960,Organic Search,desktop,1,15.0,12.0,0.0,0.0,0,Desktop Engaged
29131400687020410,Referral,desktop,4,16.0,12.0,0.25,0.0,1,Desktop Frecuente
29534875378731789,Direct,desktop,2,72.0,46.5,0.0,0.5,2,Weekend Warriors
29617802319560280,Social,desktop,1,54.0,40.0,0.0,0.0,0,Desktop Engaged
30596413607230095,Direct,desktop,9,4.0,4.0,0.1111111111111111,0.1111111111111111,1,Desktop Frecuente
30600107416389173,Referral,desktop,2,11.0,9.5,0.0,0.0,0,Desktop Engaged
31037404193448771,Organic Search,desktop,3,29.0,19.0,0.0,0.0,0,Desktop Engaged
31607904142435840,Referral,desktop,4,14.0,13.0,0.0,0.0,1,Desktop Frecuente
31812050678769251,Direct,mobile,1,19.0,15.0,0.0,0.0,3,Mobile Users
32080452871669006,Direct,desktop,2,26.5,21.0,0.0,0.0,0,Desktop Engaged
32285388804234573,Direct,desktop,1,28.0,26.0,0.0,0.0,0,Desktop Engaged
32288790526152703,Direct,desktop,1,9.0,8.0,0.0,0.0,0,Desktop Engaged
32417370717978320,Referral,desktop,3,21.0,19.0,0.0,0.0,0,Desktop Engaged
32604353961096725,Organic Search,desktop,2,17.0,14.5,0.0,0.0,0,Desktop Engaged
32658239211545930,Direct,mobile,2,10.0,10.0,0.5,0.0,3,Mobile Users
32664267931257576,Organic Search,desktop,4,7.5,6.0,0.0,0.0,1,Desktop Frecuente
32685444859747984,Direct,desktop,3,9.0,9.0,0.0,0.0,1,Desktop Frecuente
33024620802809684,Referral,desktop,5,36.0,20.0,0.0,0.0,0,Desktop Engaged
34988778973749269,Organic Search,desktop,7,5.0,5.0,0.0,0.0,1,Desktop Frecuente
35322769016923863,Referral,desktop,1,116.0,90.0,0.0,0.0,0,Desktop Engaged
35660671109530802,Referral,desktop,2,21.0,15.0,0.0,0.5,2,Weekend Warriors
36131108463384213,Organic Search,desktop,1,23.0,18.0,0.0,0.0,0,Desktop Engaged
36194035121102485,Direct,desktop,2,10.5,9.5,0.5,0.0,1,Desktop Frecuente
36266427154622625,Referral,desktop,1,28.0,23.0,0.0,0.0,0,Desktop Engaged
36417634769000138,Organic Search,desktop,4,22.0,18.0,0.0,0.0,0,Desktop Engaged
36419370338727902,Referral,desktop,1,41.0,34.0,0.0,0.0,0,Desktop Engaged
36515130282846944,Organic Search,desktop,2,35.5,31.5,0.5,0.0,0,Desktop Engaged
36617629525523089,Referral,desktop,3,12.0,12.0,0.0,1.0,2,Weekend Warriors
36703532725992752,Referral,desktop,4,11.5,8.0,0.0,0.25,1,Desktop Frecuente
36810350983196519,Referral,desktop,6,9.0,7.5,0.0,0.1666666666666666,1,Desktop Frecuente
37220895437756047,Referral,desktop,4,9.0,8.5,0.25,0.0,1,Desktop Frecuente
37518757923116572,Referral,desktop,3,14.0,9.0,0.0,0.3333333333333333,1,Desktop Frecuente
37806222406366969,Organic Search,desktop,1,23.0,21.0,0.0,0.0,0,Desktop Engaged
38111265827681261,Direct,desktop,2,42.0,32.0,0.0,0.0,0,Desktop Engaged
38208004954801781,Organic Search,desktop,1,15.0,12.0,0.0,1.0,2,Weekend Warriors
38212114833888799,Paid Search,desktop,2,8.5,8.0,0.0,0.0,1,Desktop Frecuente
39194810552478835,Direct,desktop,2,11.0,10.5,0.0,0.5,2,Weekend Warriors
39355803762628039,Referral,desktop,2,20.5,17.0,0.0,1.0,2,Weekend Warriors
39400440658825933,Referral,desktop,4,7.0,6.0,0.25,0.25,1,Desktop Frecuente
39541267107154262,Organic Search,desktop,3,29.0,22.0,0.0,0.3333333333333333,0,Desktop Engaged
39844092206555576,Direct,desktop,2,20.5,16.0,0.0,0.0,0,Desktop Engaged
40332680018799680,Referral,desktop,1,88.0,65.0,0.0,0.0,0,Desktop Engaged
40361081244991496,Direct,desktop,5,14.0,14.0,0.2,0.0,1,Desktop Frecuente
41938820295489339,Paid Search,desktop,7,5.0,5.0,0.0,0.0,1,Desktop Frecuente
41955139058139143,Referral,desktop,9,8.0,8.0,0.0,0.6666666666666666,1,Desktop Frecuente
42057117403474149,Referral,desktop,1,21.0,17.0,0.0,0.0,0,Desktop Engaged
42122995088591617,Paid Search,desktop,1,38.0,30.0,0.0,0.0,0,Desktop Engaged
42147785799333528,Referral,desktop,1,57.0,34.0,0.0,0.0,0,Desktop Engaged
42744959300558986,Referral,desktop,6,15.5,12.5,0.0,0.0,1,Desktop Frecuente
42872006688710090,Direct,desktop,1,25.0,20.0,0.0,0.0,0,Desktop Engaged
43584487743669327,Referral,desktop,4,28.0,18.5,0.0,0.0,0,Desktop Engaged
43770390702768717,Direct,desktop,2,17.5,14.0,0.0,0.0,0,Desktop Engaged
43984908262145271,Referral,desktop,2,9.0,7.5,0.0,0.0,1,Desktop Frecuente
44206379216818403,Referral,desktop,1,49.0,41.0,0.0,0.0,0,Desktop Engaged
44860406295705915,Referral,desktop,3,16.0,14.0,0.0,0.3333333333333333,1,Desktop Frecuente
44869357011346837,Organic Search,desktop,1,33.0,29.0,0.0,1.0,2,Weekend Warriors
45204488424585972,Direct,desktop,2,5.5,4.5,0.5,0.0,1,Desktop Frecuente
45411762601202035,Organic Search,desktop,2,13.5,11.5,0.5,0.0,1,Desktop Frecuente
45695832453548364,Referral,desktop,4,17.0,13.0,0.0,0.0,1,Desktop Frecuente
47078955120420928,Referral,desktop,1,28.0,21.0,0.0,0.0,0,Desktop Engaged
47096740790346861,Organic Search,desktop,2,45.0,35.0,0.0,0.5,2,Weekend Warriors
47471876951764213,Paid Search,desktop,1,18.0,16.0,0.0,0.0,0,Desktop Engaged
47507722101025881,Organic Search,desktop,1,24.0,20.0,0.0,0.0,0,Desktop Engaged
47509547902079820,Direct,desktop,4,25.5,21.0,0.0,0.0,0,Desktop Engaged
47511660497565285,Paid Search,desktop,1,123.0,93.0,0.0,0.0,0,Desktop Engaged
47868538532140235,Direct,desktop,9,6.0,6.0,0.0,0.0,1,Desktop Frecuente
48002411086393228,Referral,desktop,1,28.0,21.0,0.0,1.0,2,Weekend Warriors
48315652365779540,Referral,desktop,4,14.5,12.0,0.0,0.5,1,Desktop Frecuente
49618887282998852,Organic Search,mobile,1,45.0,34.0,0.0,1.0,3,Mobile Users
49628940161747998,Direct,mobile,3,1.0,1.0,0.6666666666666666,0.0,3,Mobile Users
49832664882617771,Referral,desktop,2,14.5,13.0,0.0,1.0,2,Weekend Warriors
51204193313789401,Direct,desktop,1,31.0,23.0,0.0,0.0,0,Desktop Engaged
51257374560700342,Referral,desktop,8,3.5,3.5,0.0,0.0,1,Desktop Frecuente
51312971389642254,Referral,desktop,1,24.0,21.0,0.0,0.0,0,Desktop Engaged
51516119104547275,Organic Search,desktop,1,16.0,14.0,0.0,0.0,0,Desktop Engaged
52757360225662149,Organic Search,desktop,3,6.0,6.0,0.3333333333333333,0.0,1,Desktop Frecuente
52868681653220057,Direct,mobile,1,46.0,42.0,0.0,0.0,3,Mobile Users
52947395050573230,Organic Search,desktop,6,10.0,10.0,0.0,0.0,1,Desktop Frecuente
53010816158486672,Referral,desktop,3,9.0,5.0,0.3333333333333333,0.0,1,Desktop Frecuente
53077699040878872,Organic Search,desktop,1,13.0,11.0,0.0,0.0,0,Desktop Engaged
53534274976399191,Referral,desktop,2,30.0,23.5,0.0,0.0,0,Desktop Engaged
53544367470918772,Display,desktop,4,9.5,8.5,0.0,0.0,1,Desktop Frecuente
53866968780969645,Organic Search,desktop,1,39.0,30.0,0.0,0.0,0,Desktop Engaged
54279989591037024,Referral,desktop,3,11.0,11.0,0.3333333333333333,0.3333333333333333,1,Desktop Frecuente
54330779667294142,Direct,desktop,2,14.5,11.5,0.5,0.0,1,Desktop Frecuente
54391506396728030,Referral,desktop,3,10.0,9.0,0.0,0.0,1,Desktop Frecuente
54635571205456448,Organic Search,desktop,1,45.0,36.0,0.0,1.0,2,Weekend Warriors
54873055567921661,Direct,desktop,3,16.0,11.0,0.3333333333333333,0.0,1,Desktop Frecuente
55230885834366137,Organic Search,desktop,1,49.0,35.0,0.0,1.0,2,Weekend Warriors
55571790399340202,Organic Search,desktop,4,40.5,29.0,0.0,0.0,0,Desktop Engaged
55817731640677436,Organic Search,desktop,1,63.0,52.0,0.0,0.0,0,Desktop Engaged
56623046680377668,Organic Search,desktop,2,8.5,8.0,0.0,0.5,1,Desktop Frecuente
56746998029721050,Organic Search,desktop,7,3.0,2.0,0.4285714285714285,0.0,1,Desktop Frecuente
57074893306125434,Referral,desktop,2,23.5,18.5,0.0,0.0,0,Desktop Engaged
57216119262557235,Referral,desktop,2,28.5,23.5,0.0,0.0,0,Desktop Engaged
57601461431341521,Direct,desktop,6,6.5,5.5,0.0,0.0,1,Desktop Frecuente
57601503302114470,Referral,desktop,1,60.0,46.0,0.0,0.0,0,Desktop Engaged
57693500927581077,Referral,desktop,4,55.5,39.5,0.25,0.75,2,Weekend Warriors
57826677844639343,Organic Search,desktop,3,13.0,10.0,0.3333333333333333,0.3333333333333333,1,Desktop Frecuente
58062449645143625,Referral,desktop,2,19.5,15.0,0.0,0.0,0,Desktop Engaged
59545191328861629,Organic Search,desktop,4,10.0,10.0,0.25,0.0,1,Desktop Frecuente
60208176042336566,Direct,desktop,2,18.0,17.0,0.5,0.0,1,Desktop Frecuente
60402135554655326,Direct,desktop,8,22.5,19.0,0.375,0.375,1,Desktop Frecuente
60552898118020687,Referral,desktop,6,4.5,4.0,0.0,0.3333333333333333,1,Desktop Frecuente
60637300837021971,Organic Search,mobile,1,31.0,29.0,0.0,0.0,3,Mobile Users
60707564057653567,Organic Search,desktop,1,25.0,18.0,0.0,0.0,0,Desktop Engaged
60709694942461401,Referral,desktop,3,4.0,4.0,0.3333333333333333,0.6666666666666666,1,Desktop Frecuente
60802643524541285,Organic Search,mobile,4,3.0,2.0,0.5,0.5,3,Mobile Users
60873674881142784,Referral,desktop,6,4.5,4.5,0.3333333333333333,0.0,1,Desktop Frecuente
61519776091452595,Organic Search,desktop,3,30.0,24.0,0.0,0.3333333333333333,0,Desktop Engaged
61548717459564263,Referral,desktop,3,4.0,4.0,0.0,0.6666666666666666,1,Desktop Frecuente
61892085087294527,Organic Search,desktop,6,5.5,4.0,0.3333333333333333,0.5,1,Desktop Frecuente
62301548425288744,Direct,desktop,3,61.0,46.0,0.0,0.0,0,Desktop Engaged
62337808774510362,Display,desktop,7,7.0,6.0,0.1428571428571428,0.0,1,Desktop Frecuente
62398744583501057,Referral,desktop,1,83.0,57.0,0.0,0.0,0,Desktop Engaged
62722204677243801,Referral,desktop,3,12.0,9.0,0.0,0.0,1,Desktop Frecuente
63411837669447330,Social,desktop,1,23.0,17.0,0.0,0.0,0,Desktop Engaged
63706256894298571,Referral,desktop,2,27.0,12.0,0.0,0.5,2,Weekend Warriors
63736161805998675,Organic Search,desktop,5,5.0,5.0,0.0,0.0,1,Desktop Frecuente
64739735733627926,Organic Search,desktop,6,2.5,2.0,0.5,0.3333333333333333,1,Desktop Frecuente
65245131914018329,Referral,desktop,1,43.0,34.0,0.0,0.0,0,Desktop Engaged
66547844041573580,Display,desktop,13,2.0,2.0,0.3076923076923077,0.1538461538461538,1,Desktop Frecuente
67046950690742012,Paid Search,desktop,3,19.0,19.0,0.0,0.0,0,Desktop Engaged
67144867645757015,Organic Search,mobile,1,59.0,50.0,0.0,0.0,3,Mobile Users
67427211374180015,Organic Search,desktop,2,27.0,20.0,0.0,0.0,0,Desktop Engaged
67475292701707948,Referral,desktop,4,13.5,11.0,0.0,0.0,1,Desktop Frecuente
67516997967648879,Referral,desktop,4,30.0,22.0,0.0,0.0,0,Desktop Engaged
67566216922331849,Referral,desktop,2,9.0,7.5,0.0,0.0,1,Desktop Frecuente
67586620214837441,Paid Search,desktop,2,16.0,14.5,0.0,0.0,0,Desktop Engaged
68301324269312205,Organic Search,desktop,3,3.0,3.0,0.0,0.0,1,Desktop Frecuente
68337214858488115,Referral,desktop,3,29.0,25.0,0.3333333333333333,0.0,0,Desktop Engaged
68437640696494161,Organic Search,desktop,3,15.0,15.0,0.3333333333333333,0.0,1,Desktop Frecuente
68546456225736307,Paid Search,desktop,4,15.5,12.0,0.0,0.75,2,Weekend Warriors
68590151265795437,Direct,desktop,3,10.0,10.0,0.0,0.0,1,Desktop Frecuente
68932429089394729,Organic Search,desktop,3,27.0,18.0,0.0,0.0,0,Desktop Engaged
69147671341681060,Referral,desktop,2,24.5,18.0,0.5,0.0,0,Desktop Engaged
69563023975860043,Organic Search,desktop,4,8.5,7.5,0.0,0.0,1,Desktop Frecuente
69780920436052632,Direct,desktop,7,6.0,4.0,0.2857142857142857,0.0,1,Desktop Frecuente
69932627935135372,Referral,desktop,2,20.5,15.0,0.5,0.0,0,Desktop Engaged
69975515256019300,Referral,desktop,2,39.5,27.0,0.0,0.0,0,Desktop Engaged
70622933908011467,Referral,desktop,2,14.0,12.0,0.0,0.0,0,Desktop Engaged
70749496194697211,Referral,desktop,2,14.5,12.5,0.0,0.0,0,Desktop Engaged
70893140406305841,Referral,desktop,1,76.0,33.0,0.0,0.0,0,Desktop Engaged
70976956518566605,Referral,desktop,5,5.0,5.0,0.2,0.0,1,Desktop Frecuente
71298010648822329,Direct,desktop,11,16.0,12.0,0.0909090909090909,0.0909090909090909,1,Desktop Frecuente
71731629789524187,Organic Search,desktop,1,25.0,18.0,0.0,0.0,0,Desktop Engaged
71915269577377513,Organic Search,desktop,3,26.0,19.0,0.0,0.0,0,Desktop Engaged
72256802357894342,Referral,desktop,2,9.0,9.0,0.0,0.0,1,Desktop Frecuente
72595322994470645,Referral,desktop,6,10.5,8.5,0.1666666666666666,0.0,1,Desktop Frecuente
72816889761746008,Organic Search,tablet,2,48.0,20.0,0.5,0.0,3,Mobile Users
72871379479619546,Organic Search,desktop,5,4.0,4.0,0.2,0.0,1,Desktop Frecuente
72871522029318255,Direct,desktop,3,12.0,12.0,0.0,0.0,1,Desktop Frecuente
72965257504694282,Referral,desktop,5,1.0,1.0,0.6,0.0,1,Desktop Frecuente
74075706296764845,Display,desktop,4,13.0,9.5,0.0,0.0,1,Desktop Frecuente
74650632244292633,Organic Search,desktop,4,10.5,8.0,0.0,0.0,1,Desktop Frecuente
74766195217803929,Organic Search,desktop,1,66.0,45.0,0.0,0.0,0,Desktop Engaged
75015293465008373,Paid Search,desktop,1,24.0,22.0,0.0,0.0,0,Desktop Engaged
75154193118539969,Organic Search,desktop,1,23.0,19.0,0.0,0.0,0,Desktop Engaged
75338234785752253,Display,desktop,1,44.0,36.0,0.0,0.0,0,Desktop Engaged
75449012662152580,Referral,desktop,5,4.0,2.0,0.2,0.0,1,Desktop Frecuente
76255265047374256,Referral,desktop,1,23.0,20.0,0.0,0.0,0,Desktop Engaged
76529729049367813,Referral,desktop,7,2.0,2.0,0.2857142857142857,0.0,1,Desktop Frecuente
77222285299709169,Organic Search,desktop,4,23.0,19.5,0.25,0.0,1,Desktop Frecuente
77910788641080085,Direct,desktop,8,5.0,4.5,0.25,0.0,1,Desktop Frecuente
79204932396995037,Organic Search,desktop,8,12.0,9.0,0.0,0.0,1,Desktop Frecuente
79363053947930450,Organic Search,desktop,1,81.0,62.0,0.0,0.0,0,Desktop Engaged
79455793222269162,Referral,desktop,3,6.0,6.0,0.3333333333333333,0.0,1,Desktop Frecuente
79475762358903551,Direct,desktop,4,17.5,15.5,0.0,0.0,1,Desktop Frecuente
79656074413776629,Referral,desktop,3,25.0,21.0,0.3333333333333333,0.3333333333333333,1,Desktop Frecuente
79827535407240779,Direct,desktop,9,8.0,6.0,0.0,0.0,1,Desktop Frecuente
79867210646960655,Organic Search,desktop,2,13.0,9.5,0.0,0.0,0,Desktop Engaged
80317544461352905,Organic Search,desktop,2,11.0,10.5,0.0,0.0,0,Desktop Engaged
80479763428955064,Organic Search,desktop,3,5.0,5.0,0.0,0.0,1,Desktop Frecuente
80533986466271934,Display,desktop,18,4.0,4.0,0.0555555555555555,0.0,1,Desktop Frecuente
81281456829886913,Referral,desktop,6,9.0,6.5,0.0,0.6666666666666666,1,Desktop Frecuente
81556422471965129,Referral,desktop,2,26.0,19.5,0.0,0.0,0,Desktop Engaged
81840705529000272,Referral,desktop,7,7.0,7.0,0.0,0.1428571428571428,1,Desktop Frecuente
81985686030532619,Direct,desktop,3,114.0,89.0,0.0,0.0,0,Desktop Engaged
82234340449923799,Organic Search,desktop,5,7.0,5.0,0.2,0.0,1,Desktop Frecuente
82422266360134560,Referral,desktop,2,37.5,27.5,0.0,0.0,0,Desktop Engaged
82806901961150595,Referral,desktop,1,75.0,51.0,0.0,0.0,0,Desktop Engaged
83055806370747628,Referral,desktop,2,13.5,11.5,0.0,0.0,0,Desktop Engaged
83964139069484153,Organic Search,desktop,1,22.0,19.0,0.0,0.0,0,Desktop Engaged
84372863075461291,Direct,desktop,1,16.0,15.0,0.0,0.0,0,Desktop Engaged
84383590795093998,Referral,desktop,1,26.0,21.0,0.0,0.0,0,Desktop Engaged
84741906853491251,Referral,desktop,5,16.0,13.0,0.2,0.0,1,Desktop Frecuente
84834161383601528,Referral,desktop,4,18.5,15.5,0.0,0.0,1,Desktop Frecuente
85057281729508802,Organic Search,desktop,14,9.0,7.5,0.0,0.0,1,Desktop Frecuente
85193654581094288,Direct,desktop,3,10.0,7.0,0.0,0.0,1,Desktop Frecuente
85319952392271706,Referral,desktop,1,48.0,36.0,0.0,0.0,0,Desktop Engaged
85830972238265715,Organic Search,desktop,6,3.0,3.0,0.0,0.0,1,Desktop Frecuente
85857472938612779,Referral,desktop,4,6.5,6.0,0.5,0.0,1,Desktop Frecuente
86102919761743448,Referral,desktop,5,2.0,2.0,0.4,0.0,1,Desktop Frecuente
86382053515995633,Organic Search,desktop,2,70.0,52.0,0.0,0.0,0,Desktop Engaged
86439549065030167,Referral,desktop,1,30.0,25.0,0.0,0.0,0,Desktop Engaged
87422696443112888,Referral,desktop,3,9.0,9.0,0.3333333333333333,0.3333333333333333,1,Desktop Frecuente
87919605807565397,Organic Search,desktop,1,33.0,25.0,0.0,0.0,0,Desktop Engaged
88657980877164102,Referral,desktop,1,14.0,14.0,0.0,0.0,0,Desktop Engaged
88808220383842202,Organic Search,desktop,2,119.0,87.0,0.0,0.5,2,Weekend Warriors
88945266147609238,Referral,desktop,4,22.5,17.0,0.25,0.0,1,Desktop Frecuente
89261173995807343,Paid Search,desktop,5,2.0,2.0,0.4,0.0,1,Desktop Frecuente
89893008278013433,Organic Search,desktop,1,16.0,15.0,0.0,0.0,0,Desktop Engaged
90053188432158994,Direct,desktop,4,7.0,6.0,0.0,0.0,1,Desktop Frecuente
90327840318017838,Organic Search,desktop,1,27.0,24.0,0.0,0.0,0,Desktop Engaged
91281264079346677,Organic Search,mobile,1,25.0,17.0,0.0,0.0,3,Mobile Users
91725120799498455,Referral,desktop,2,17.0,12.0,0.0,0.0,0,Desktop Engaged
91784190289128568,Organic Search,desktop,3,3.0,3.0,0.0,0.3333333333333333,1,Desktop Frecuente
91992348252102887,Referral,desktop,2,45.0,33.5,0.0,0.0,0,Desktop Engaged
92577710025173656,Organic Search,desktop,4,40.5,32.5,0.0,0.0,0,Desktop Engaged
92787485928461155,Referral,desktop,2,11.0,8.0,0.5,0.0,1,Desktop Frecuente
92836986022494187,Direct,desktop,4,11.0,9.5,0.25,0.0,1,Desktop Frecuente
93310453484553750,Referral,desktop,1,21.0,21.0,0.0,0.0,0,Desktop Engaged
94024465151480107,Organic Search,desktop,8,12.0,10.5,0.0,0.5,1,Desktop Frecuente
94073617799666175,Referral,desktop,1,23.0,17.0,0.0,0.0,0,Desktop Engaged
94314192369270538,Referral,desktop,3,3.0,3.0,0.0,0.6666666666666666,1,Desktop Frecuente
94901025743788716,Referral,desktop,2,10.5,9.5,0.0,0.0,1,Desktop Frecuente
95069773067468232,Organic Search,desktop,2,17.0,15.0,0.0,1.0,2,Weekend Warriors
95747507496204221,Referral,desktop,5,3.0,3.0,0.4,0.0,1,Desktop Frecuente
96138798737237315,Direct,desktop,3,5.0,4.0,0.3333333333333333,0.3333333333333333,1,Desktop Frecuente
96749416396933823,Referral,desktop,2,23.5,18.0,0.0,0.0,0,Desktop Engaged
96830421763570474,Referral,desktop,7,8.0,7.0,0.0,0.0,1,Desktop Frecuente
96843987855909025,Direct,desktop,1,58.0,45.0,0.0,0.0,0,Desktop Engaged
97021672781707916,Referral,desktop,8,6.0,5.5,0.125,0.0,1,Desktop Frecuente
97216552247524030,Direct,desktop,5,20.0,18.0,0.0,0.2,1,Desktop Frecuente
97371986665596420,Direct,desktop,11,20.0,16.0,0.0,0.0,1,Desktop Frecuente
97563825178820508,Display,desktop,2,11.5,9.5,0.0,0.0,0,Desktop Engaged
99448207973363509,Paid Search,desktop,1,13.0,13.0,0.0,1.0,2,Weekend Warriors
99879093370825436,Organic Search,mobile,4,14.5,13.0,0.25,0.0,3,Mobile Users
100290510717383378,Referral,desktop,1,25.0,21.0,0.0,1.0,2,Weekend Warriors
101246539776970727,Referral,desktop,22,13.5,9.5,0.2272727272727272,0.0,1,Desktop Frecuente
101514212085223206,Organic Search,desktop,1,104.0,76.0,0.0,0.0,0,Desktop Engaged
102127042498450827,Referral,desktop,2,21.0,18.0,0.0,0.5,2,Weekend Warriors
102527091741838919,Referral,desktop,4,19.5,14.5,0.0,0.0,1,Desktop Frecuente
102929360833194213,Direct,desktop,9,5.0,4.0,0.1111111111111111,0.0,1,Desktop Frecuente
102967551018757579,Referral,desktop,1,62.0,43.0,0.0,0.0,0,Desktop Engaged
103234801488366057,Organic Search,desktop,1,32.0,26.0,0.0,0.0,0,Desktop Engaged
103488992784926412,Direct,desktop,2,15.0,14.0,0.0,0.5,2,Weekend Warriors
104208155752393756,Referral,desktop,1,46.0,40.0,0.0,0.0,0,Desktop Engaged
105953259825061684,Direct,desktop,6,6.0,4.5,0.1666666666666666,0.1666666666666666,1,Desktop Frecuente
106737648841708519,Referral,desktop,1,23.0,21.0,0.0,0.0,0,Desktop Engaged
107029174520648874,Direct,desktop,1,51.0,39.0,0.0,0.0,0,Desktop Engaged
109278995741921995,Display,desktop,2,20.0,17.0,0.0,0.0,0,Desktop Engaged
109375183949292344,Paid Search,desktop,3,9.0,9.0,0.0,0.3333333333333333,1,Desktop Frecuente
110237584337011595,Direct,desktop,2,47.0,38.5,0.0,0.0,0,Desktop Engaged
110888394822957190,Organic Search,mobile,2,14.0,11.0,0.0,1.0,3,Mobile Users
111084999408344922,Organic Search,desktop,1,54.0,41.0,0.0,0.0,0,Desktop Engaged
111261597665013586,Referral,desktop,2,42.0,39.0,0.0,1.0,2,Weekend Warriors
111624627546859050,Organic Search,desktop,11,5.0,5.0,0.0909090909090909,0.1818181818181818,1,Desktop Frecuente
112305056557684257,Referral,desktop,5,12.0,10.0,0.0,0.2,1,Desktop Frecuente
112712853580593351,Referral,desktop,2,13.0,9.5,0.5,0.0,1,Desktop Frecuente
113842242927238752,Referral,desktop,6,18.0,13.5,0.0,0.0,1,Desktop Frecuente
114215561909122661,Direct,mobile,2,15.5,14.5,0.5,0.0,3,Mobile Users
114233892855684794,Referral,desktop,2,46.5,35.5,0.0,0.0,0,Desktop Engaged
114291970451691046,Referral,desktop,2,25.0,19.0,0.0,0.0,0,Desktop Engaged
114308184877865561,Direct,mobile,2,6.5,6.5,0.0,1.0,3,Mobile Users
114365990396544051,Referral,desktop,2,22.5,18.5,0.0,0.0,0,Desktop Engaged
114893528564579143,Organic Search,tablet,9,3.0,3.0,0.1111111111111111,0.6666666666666666,3,Mobile Users
115494075054963031,Referral,desktop,5,15.0,15.0,0.2,0.0,1,Desktop Frecuente
115940065332308119,Referral,desktop,3,4.0,4.0,0.0,0.3333333333333333,1,Desktop Frecuente
116147939572219012,Organic Search,desktop,2,26.0,19.5,0.0,1.0,2,Weekend Warriors
116189328741483178,Referral,desktop,2,43.0,30.5,0.0,0.0,0,Desktop Engaged
116430981904323422,Organic Search,desktop,1,30.0,25.0,0.0,1.0,2,Weekend Warriors
117006987850476291,Organic Search,mobile,1,32.0,27.0,0.0,1.0,3,Mobile Users
117526410729664708,Paid Search,mobile,1,28.0,24.0,0.0,0.0,3,Mobile Users
118139814032445850,Referral,desktop,6,5.0,3.5,0.3333333333333333,0.0,1,Desktop Frecuente
119870259714905967,Direct,desktop,9,64.0,46.0,0.0,0.0,0,Desktop Engaged
120266359617148298,Organic Search,desktop,5,8.0,6.0,0.4,0.0,1,Desktop Frecuente
120815826861008901,Referral,desktop,1,24.0,22.0,0.0,0.0,0,Desktop Engaged
120880613308281459,Referral,desktop,2,7.5,6.0,0.5,0.0,1,Desktop Frecuente
120951074287268149,Referral,desktop,6,22.0,16.0,0.0,0.3333333333333333,1,Desktop Frecuente
121856061140944855,Organic Search,desktop,3,12.0,10.0,0.0,0.3333333333333333,1,Desktop Frecuente
123061672608906745,Direct,desktop,1,17.0,16.0,0.0,0.0,0,Desktop Engaged
123242859437730802,Direct,desktop,2,59.0,42.5,0.0,0.0,0,Desktop Engaged
123515470539381845,Referral,desktop,1,20.0,16.0,0.0,0.0,0,Desktop Engaged
123644124068077489,Organic Search,mobile,3,6.0,5.0,0.3333333333333333,0.0,3,Mobile Users
123916055895596958,Paid Search,desktop,1,113.0,84.0,0.0,0.0,0,Desktop Engaged
124850203340830679,Organic Search,desktop,9,3.0,3.0,0.4444444444444444,0.0,1,Desktop Frecuente
126078863044975242,Referral,desktop,2,30.0,24.0,0.0,0.0,0,Desktop Engaged
126511061239826414,Organic Search,desktop,2,23.5,18.5,0.5,0.0,0,Desktop Engaged
126587065113364520,Organic Search,desktop,2,29.5,19.5,0.0,0.0,0,Desktop Engaged
126612099954375841,Direct,desktop,6,6.0,6.0,0.3333333333333333,0.0,1,Desktop Frecuente
127019947788366078,Referral,desktop,3,33.0,21.0,0.0,0.0,0,Desktop Engaged
127249576187763439,Paid Search,desktop,3,43.0,27.0,0.0,1.0,2,Weekend Warriors
127755228974756313,Direct,desktop,1,15.0,14.0,0.0,0.0,0,Desktop Engaged
128432477990891906,Referral,desktop,1,15.0,12.0,0.0,0.0,0,Desktop Engaged
128830210468179660,Display,desktop,4,21.0,17.0,0.0,0.0,0,Desktop Engaged
129249086143937145,Referral,desktop,3,11.0,7.0,0.0,0.0,1,Desktop Frecuente
129621051269020257,Referral,desktop,1,18.0,16.0,0.0,0.0,0,Desktop Engaged
131875932724045086,Direct,desktop,7,1.0,1.0,0.8571428571428571,0.1428571428571428,1,Desktop Frecuente
132607078854874041,Referral,desktop,1,37.0,33.0,0.0,0.0,0,Desktop Engaged
133153998054254261,Referral,desktop,1,27.0,20.0,0.0,0.0,0,Desktop Engaged
134088266984701296,Referral,desktop,8,4.0,4.0,0.0,0.125,1,Desktop Frecuente
134543573456503980,Organic Search,desktop,28,5.0,5.0,0.2142857142857142,0.0,1,Desktop Frecuente
134706903159877912,Organic Search,desktop,2,22.0,17.5,0.0,0.0,0,Desktop Engaged
134817585377058947,Referral,desktop,5,4.0,4.0,0.2,0.2,1,Desktop Frecuente
135432212707864703,Social,desktop,3,1.0,1.0,0.6666666666666666,0.0,1,Desktop Frecuente
135731445166621856,Referral,desktop,5,17.0,11.0,0.0,0.0,1,Desktop Frecuente
136876972401975041,Organic Search,mobile,4,8.5,7.0,0.0,0.0,3,Mobile Users
138119430456484693,Organic Search,desktop,6,5.0,4.0,0.3333333333333333,0.6666666666666666,1,Desktop Frecuente
138351554340162956,Referral,desktop,1,40.0,36.0,0.0,0.0,0,Desktop Engaged
138687086866157685,Paid Search,desktop,1,30.0,22.0,0.0,0.0,0,Desktop Engaged
139256351437404200,Organic Search,desktop,2,22.0,15.0,0.0,0.0,0,Desktop Engaged
139472357811670278,Organic Search,desktop,2,39.5,29.0,0.0,1.0,2,Weekend Warriors
139838509739212862,Referral,desktop,6,17.5,12.5,0.0,0.0,1,Desktop Frecuente
140251351786321746,Organic Search,mobile,2,10.5,9.0,0.5,0.0,3,Mobile Users
140406319378490383,Referral,desktop,2,15.5,11.5,0.0,0.0,0,Desktop Engaged
141333337786935920,Referral,desktop,1,19.0,17.0,0.0,0.0,0,Desktop Engaged
142116411233847758,Direct,desktop,1,29.0,24.0,0.0,0.0,0,Desktop Engaged
143782636543876435,Referral,desktop,3,21.0,17.0,0.0,0.6666666666666666,2,Weekend Warriors
143946332685671919,Direct,desktop,1,54.0,46.0,0.0,0.0,0,Desktop Engaged
144847938814859371,Referral,desktop,2,13.0,11.0,0.0,0.5,2,Weekend Warriors
145862566057652583,Direct,desktop,1,33.0,29.0,0.0,0.0,0,Desktop Engaged
146230958339102078,Paid Search,desktop,1,20.0,18.0,0.0,0.0,0,Desktop Engaged
146782520456386149,Organic Search,desktop,2,28.5,23.5,0.0,0.0,0,Desktop Engaged
146792174333379175,Organic Search,desktop,1,36.0,29.0,0.0,0.0,0,Desktop Engaged
147270510979304610,Organic Search,mobile,3,3.0,3.0,0.3333333333333333,0.0,3,Mobile Users
147601968852145702,Direct,desktop,3,22.0,19.0,0.0,0.3333333333333333,0,Desktop Engaged
147828372863938733,Organic Search,desktop,11,10.0,10.0,0.0909090909090909,0.2727272727272727,1,Desktop Frecuente
148135394525872002,Organic Search,desktop,2,59.0,40.5,0.0,0.0,0,Desktop Engaged
148720899219079299,Referral,desktop,1,26.0,23.0,0.0,0.0,0,Desktop Engaged
148866414705224159,Organic Search,desktop,1,28.0,25.0,0.0,0.0,0,Desktop Engaged
148919186298580226,Direct,desktop,1,14.0,14.0,0.0,1.0,2,Weekend Warriors
150031486512354806,Referral,desktop,1,35.0,30.0,0.0,0.0,0,Desktop Engaged
150038807203175716,Referral,desktop,4,10.0,7.5,0.0,0.0,1,Desktop Frecuente
151961311923926411,Organic Search,desktop,1,12.0,9.0,0.0,0.0,0,Desktop Engaged
152778576197288117,Organic Search,desktop,1,24.0,17.0,0.0,0.0,0,Desktop Engaged
153202739036956642,Referral,desktop,4,10.0,7.0,0.25,0.75,1,Desktop Frecuente
154104806751769000,Organic Search,desktop,9,12.0,10.0,0.1111111111111111,0.2222222222222222,1,Desktop Frecuente
154216796177071016,Organic Search,desktop,2,44.0,31.0,0.5,0.5,2,Weekend Warriors
155361204971183101,Direct,desktop,7,7.0,7.0,0.0,0.0,1,Desktop Frecuente
155711517942843047,Organic Search,desktop,12,5.0,5.0,0.25,0.0,1,Desktop Frecuente
155890066027533778,Referral,desktop,2,26.0,21.0,0.0,0.0,0,Desktop Engaged
156015502078053139,Referral,desktop,1,14.0,12.0,0.0,0.0,0,Desktop Engaged
156140817362296281,Organic Search,desktop,2,15.0,12.5,0.0,0.0,0,Desktop Engaged
156905236318704928,Direct,desktop,15,14.0,10.0,0.2,0.2,1,Desktop Frecuente
157019484210987302,Direct,mobile,13,4.0,3.0,0.0769230769230769,0.5384615384615384,3,Mobile Users
157339933798750931,Referral,desktop,7,5.0,5.0,0.1428571428571428,0.4285714285714285,1,Desktop Frecuente
157592049434831040,Referral,desktop,1,45.0,36.0,0.0,0.0,0,Desktop Engaged
158490408567482105,Referral,desktop,5,2.0,2.0,0.2,0.0,1,Desktop Frecuente
158994139683228392,Organic Search,desktop,2,19.0,14.0,0.5,0.0,0,Desktop Engaged
159084910202112487,Direct,desktop,2,10.5,7.5,0.5,0.0,1,Desktop Frecuente
159273579432738537,Referral,desktop,7,8.0,7.0,0.0,0.0,1,Desktop Frecuente
160370198171303042,Organic Search,mobile,5,13.0,12.0,0.2,0.0,3,Mobile Users
160507326253742421,Organic Search,mobile,1,34.0,31.0,0.0,1.0,3,Mobile Users
160575523826516091,Paid Search,desktop,2,17.5,15.5,0.0,0.0,0,Desktop Engaged
161009524292009252,Organic Search,desktop,7,2.0,2.0,0.0,0.1428571428571428,1,Desktop Frecuente
162341046495604782,Organic Search,desktop,1,35.0,27.0,0.0,0.0,0,Desktop Engaged
163532416839889055,Referral,desktop,7,6.0,5.0,0.1428571428571428,0.0,1,Desktop Frecuente
163790840341192154,Organic Search,desktop,1,29.0,23.0,0.0,0.0,0,Desktop Engaged
163910434575936100,Organic Search,tablet,4,11.0,9.5,0.25,0.0,3,Mobile Users
164339786303841762,Referral,desktop,3,22.0,16.0,0.0,0.3333333333333333,0,Desktop Engaged
165104775254170953,Referral,desktop,12,3.0,3.0,0.1666666666666666,0.0,1,Desktop Frecuente
165109760635455356,Organic Search,desktop,1,31.0,25.0,0.0,0.0,0,Desktop Engaged
165267667365212716,Referral,desktop,2,9.5,9.5,0.0,0.0,1,Desktop Frecuente
165989831014724733,Direct,desktop,8,18.5,14.5,0.0,0.25,1,Desktop Frecuente
166183639311529563,Organic Search,tablet,2,24.5,22.0,0.0,0.0,3,Mobile Users
166887489328887096,Direct,desktop,2,18.0,14.0,0.0,0.0,0,Desktop Engaged
167578525300211228,Referral,desktop,1,36.0,31.0,0.0,0.0,0,Desktop Engaged
168621227564680642,Organic Search,desktop,2,9.5,8.5,0.0,0.0,1,Desktop Frecuente
169337349809177349,Referral,desktop,3,4.0,4.0,0.0,0.3333333333333333,1,Desktop Frecuente
169374166787808619,Organic Search,mobile,2,7.5,6.0,0.5,0.0,3,Mobile Users
169854884741652554,Referral,desktop,4,13.0,9.0,0.0,0.0,1,Desktop Frecuente
170075213753657012,Referral,desktop,3,7.0,5.0,0.0,0.0,1,Desktop Frecuente
170103428948217931,Referral,desktop,2,38.0,24.0,0.0,0.0,0,Desktop Engaged
170546418513334382,Referral,desktop,2,40.5,30.0,0.0,0.5,2,Weekend Warriors
170783936986517711,Organic Search,desktop,1,39.0,31.0,0.0,0.0,0,Desktop Engaged
170829442621021492,Referral,desktop,4,7.0,6.0,0.0,0.0,1,Desktop Frecuente
170940722150121590,Paid Search,desktop,2,15.0,11.0,0.0,0.5,2,Weekend Warriors
171495933986068782,Referral,desktop,1,55.0,44.0,0.0,1.0,2,Weekend Warriors
172081148860791358,Referral,desktop,2,14.0,10.0,0.0,0.0,0,Desktop Engaged
173033808547433503,Organic Search,desktop,3,21.0,17.0,0.0,0.3333333333333333,0,Desktop Engaged
173142935390182524,Referral,desktop,1,61.0,44.0,0.0,1.0,2,Weekend Warriors
173863901552294318,Display,desktop,19,9.0,6.0,0.1578947368421052,0.0526315789473684,1,Desktop Frecuente
174589862877239119,Referral,desktop,3,38.0,29.0,0.0,0.0,0,Desktop Engaged
175318834283875506,Referral,desktop,7,11.0,11.0,0.1428571428571428,0.0,1,Desktop Frecuente
175507400983740299,Organic Search,desktop,2,34.0,28.5,0.0,1.0,2,Weekend Warriors
175518117099857981,Organic Search,mobile,3,23.0,18.0,0.0,0.3333333333333333,3,Mobile Users
175697895967494517,Direct,mobile,1,15.0,13.0,0.0,0.0,3,Mobile Users
175784634919851322,Direct,desktop,2,22.0,16.5,0.0,0.0,0,Desktop Engaged
176005021706950083,Organic Search,desktop,1,33.0,26.0,0.0,0.0,0,Desktop Engaged
177276045605547096,Organic Search,mobile,2,28.5,26.5,0.0,0.5,3,Mobile Users
177468866234312315,Referral,desktop,3,3.0,3.0,0.3333333333333333,0.0,1,Desktop Frecuente
177475133170193656,Referral,desktop,1,32.0,23.0,0.0,0.0,0,Desktop Engaged
177654337280434386,Organic Search,desktop,1,59.0,49.0,0.0,0.0,0,Desktop Engaged
178222732694337574,Organic Search,mobile,1,65.0,54.0,0.0,0.0,3,Mobile Users
178425107324127018,Direct,desktop,1,28.0,25.0,0.0,0.0,0,Desktop Engaged
179180640146798691,Direct,desktop,5,14.0,12.0,0.0,0.0,1,Desktop Frecuente
179691971144176992,Organic Search,desktop,2,20.0,16.5,0.0,0.0,0,Desktop Engaged
180142943692926101,Direct,desktop,2,25.5,22.0,0.0,0.0,0,Desktop Engaged
180651560743135704,Organic Search,mobile,1,51.0,39.0,0.0,0.0,3,Mobile Users
180838537120109242,Referral,desktop,1,48.0,32.0,0.0,0.0,0,Desktop Engaged
180933733703571150,Organic Search,desktop,2,24.0,17.5,0.0,1.0,2,Weekend Warriors
181376187781387051,Referral,desktop,2,8.5,7.5,0.0,0.0,1,Desktop Frecuente
182664823417063218,Referral,desktop,7,15.0,14.0,0.0,0.0,1,Desktop Frecuente
183218035021860438,Display,desktop,5,8.0,6.0,0.0,0.0,1,Desktop Frecuente
183237071516128923,Organic Search,desktop,1,17.0,17.0,0.0,0.0,0,Desktop Engaged
184057760170077857,Referral,desktop,6,28.0,21.5,0.0,0.0,1,Desktop Frecuente
185156579195979630,Referral,desktop,3,14.0,12.0,0.0,0.0,1,Desktop Frecuente
185467632009737931,Referral,desktop,6,8.5,7.5,0.0,0.0,1,Desktop Frecuente
186231215995844689,Referral,desktop,3,4.0,4.0,0.3333333333333333,0.0,1,Desktop Frecuente
187116230369481128,Referral,desktop,5,3.0,2.0,0.4,0.2,1,Desktop Frecuente
187866444913017683,Paid Search,mobile,2,13.0,11.5,0.5,1.0,3,Mobile Users
188247823522588210,Organic Search,desktop,2,16.0,14.0,0.0,0.0,0,Desktop Engaged
188308435688462855,Referral,desktop,7,21.0,16.0,0.1428571428571428,0.1428571428571428,1,Desktop Frecuente
188481372919586914,Referral,desktop,9,4.0,4.0,0.0,0.0,1,Desktop Frecuente
190492934318255272,Organic Search,desktop,7,3.0,3.0,0.0,0.1428571428571428,1,Desktop Frecuente
190642816438085656,Referral,desktop,8,10.5,8.5,0.0,0.0,1,Desktop Frecuente
191180858641286054,Referral,desktop,3,17.0,14.0,0.0,0.0,0,Desktop Engaged
191382203292370318,Organic Search,desktop,1,18.0,18.0,0.0,0.0,0,Desktop Engaged
191473448043211052,Organic Search,desktop,2,19.0,15.5,0.0,0.0,0,Desktop Engaged
191633990580866366,Referral,desktop,3,4.0,3.0,0.0,0.0,1,Desktop Frecuente
191995188120830505,Referral,desktop,2,51.0,38.5,0.0,0.0,0,Desktop Engaged
192269026404761198,Direct,desktop,2,9.5,9.0,0.0,0.0,1,Desktop Frecuente
192710626799609960,Organic Search,desktop,1,16.0,14.0,0.0,0.0,0,Desktop Engaged
192847875246565811,Organic Search,desktop,6,24.0,19.0,0.0,0.3333333333333333,1,Desktop Frecuente
193041826287662991,Direct,desktop,3,12.0,12.0,0.0,0.0,1,Desktop Frecuente
193361951439999580,Direct,desktop,1,9.0,9.0,0.0,1.0,2,Weekend Warriors
194729737445123123,Direct,desktop,1,14.0,13.0,0.0,0.0,0,Desktop Engaged
195229052670476258,Organic Search,desktop,1,16.0,14.0,0.0,0.0,0,Desktop Engaged
195434588004709231,Organic Search,desktop,1,33.0,30.0,0.0,0.0,0,Desktop Engaged
196352031623164153,Referral,desktop,1,13.0,11.0,0.0,0.0,0,Desktop Engaged
196856185999787180,Referral,desktop,4,7.0,5.5,0.25,0.0,1,Desktop Frecuente
196884374665560705,Referral,desktop,1,21.0,21.0,0.0,0.0,0,Desktop Engaged
197277329550470329,Paid Search,desktop,5,27.0,20.0,0.0,0.0,0,Desktop Engaged
197640110870848557,Paid Search,desktop,2,11.5,10.0,0.0,0.0,0,Desktop Engaged
198049799955668412,Organic Search,desktop,1,15.0,15.0,0.0,0.0,0,Desktop Engaged
198403235748042235,Referral,desktop,3,15.0,13.0,0.0,0.0,1,Desktop Frecuente
199007580877867026,Organic Search,mobile,4,5.5,5.5,0.25,0.5,3,Mobile Users
199097744636621972,Direct,desktop,1,106.0,81.0,0.0,0.0,0,Desktop Engaged
199117534740864877,Referral,desktop,2,35.5,16.5,0.0,0.0,0,Desktop Engaged
199390506505564850,Referral,desktop,8,8.0,6.0,0.0,0.0,1,Desktop Frecuente
199756139590139879,Direct,desktop,9,2.0,2.0,0.0,0.0,1,Desktop Frecuente
199826286790923643,Referral,desktop,2,14.5,10.5,0.0,0.0,0,Desktop Engaged
200288716023252495,Direct,desktop,1,41.0,30.0,0.0,1.0,2,Weekend Warriors
200510094584379080,Referral,desktop,2,33.5,23.5,0.0,1.0,2,Weekend Warriors
200523063890471612,Referral,desktop,5,20.0,15.0,0.2,0.4,1,Desktop Frecuente
200858359127299953,Referral,desktop,3,14.0,14.0,0.0,0.0,1,Desktop Frecuente
201226261435270434,Direct,desktop,1,38.0,30.0,0.0,0.0,0,Desktop Engaged
202488139684365954,Referral,desktop,3,7.0,7.0,0.3333333333333333,0.0,1,Desktop Frecuente
203503895549680791,Organic Search,desktop,1,47.0,38.0,0.0,0.0,0,Desktop Engaged
204082098779114456,Direct,desktop,1,27.0,22.0,0.0,1.0,2,Weekend Warriors
204360574486607491,Referral,desktop,5,5.0,5.0,0.0,0.2,1,Desktop Frecuente
205723721674321991,Organic Search,desktop,4,10.5,8.5,0.0,0.0,1,Desktop Frecuente
205818826345710444,Organic Search,desktop,9,8.0,6.0,0.1111111111111111,0.1111111111111111,1,Desktop Frecuente
205892253400268407,Referral,desktop,3,2.0,2.0,0.3333333333333333,0.0,1,Desktop Frecuente
207758697026045863,Direct,desktop,2,26.5,20.5,0.5,1.0,2,Weekend Warriors
208951486693076734,Referral,desktop,6,8.5,8.5,0.0,0.1666666666666666,1,Desktop Frecuente
209588266013545629,Referral,desktop,2,30.0,21.0,0.0,0.0,0,Desktop Engaged
209859376587833277,Organic Search,mobile,1,23.0,21.0,0.0,1.0,3,Mobile Users
210005071508705826,Direct,desktop,1,16.0,16.0,0.0,0.0,0,Desktop Engaged
210797287974741332,Referral,desktop,2,16.0,15.0,0.0,0.0,0,Desktop Engaged
211027870956680579,Direct,desktop,1,13.0,12.0,0.0,0.0,0,Desktop Engaged
211475535612871703,Organic Search,desktop,3,47.0,37.0,0.0,0.3333333333333333,0,Desktop Engaged
211945437070044601,Referral,desktop,3,34.0,22.0,0.3333333333333333,1.0,2,Weekend Warriors
211986650009953276,Display,desktop,2,36.5,16.5,0.0,0.0,0,Desktop Engaged
212377737904674454,Referral,desktop,2,28.0,21.5,0.0,0.0,0,Desktop Engaged
212879651166366114,Referral,desktop,8,12.0,6.5,0.125,0.0,1,Desktop Frecuente
213003977022600203,Referral,desktop,4,6.5,4.5,0.0,0.0,1,Desktop Frecuente
213071560453106423,Direct,desktop,1,6.0,6.0,0.0,0.0,0,Desktop Engaged
213223799802259232,Organic Search,mobile,2,16.5,13.0,0.5,0.0,3,Mobile Users
213278104301515841,Referral,desktop,10,8.5,8.5,0.1,0.1,1,Desktop Frecuente
213313042176849782,Referral,desktop,3,8.0,7.0,0.0,0.0,1,Desktop Frecuente
213465488216513322,Direct,desktop,10,24.0,17.0,0.0,0.0,1,Desktop Frecuente
213948867346978337,Referral,desktop,1,42.0,31.0,0.0,0.0,0,Desktop Engaged
214415686397071336,Referral,desktop,6,12.0,8.5,0.3333333333333333,0.0,1,Desktop Frecuente
214776722271775969,Referral,desktop,8,12.0,10.0,0.0,0.0,1,Desktop Frecuente
215127855032555146,Organic Search,tablet,2,27.0,19.0,0.5,0.5,3,Mobile Users
215418549265528143,Referral,desktop,2,29.5,22.0,0.0,0.0,0,Desktop Engaged
216182135691067032,Organic Search,desktop,1,328.0,224.0,0.0,0.0,0,Desktop Engaged
216379390200329933,Display,desktop,6,7.0,5.5,0.1666666666666666,0.0,1,Desktop Frecuente
217143916288493658,Display,desktop,1,21.0,18.0,0.0,0.0,0,Desktop Engaged
217188275236417745,Direct,desktop,2,20.0,18.0,0.0,0.0,0,Desktop Engaged
217550297208282577,Organic Search,mobile,4,15.5,11.0,0.0,0.25,3,Mobile Users
217565022356586977,Organic Search,desktop,8,3.0,3.0,0.0,0.375,1,Desktop Frecuente
217681705986137511,Organic Search,desktop,4,9.5,8.0,0.0,0.0,1,Desktop Frecuente
218721670797647024,Referral,desktop,5,26.0,17.0,0.0,0.0,0,Desktop Engaged
219877622979658253,Direct,desktop,3,26.0,21.0,0.0,0.0,0,Desktop Engaged
220006931292049293,Referral,desktop,1,29.0,24.0,0.0,0.0,0,Desktop Engaged
220293028121038519,Paid Search,desktop,2,31.0,24.0,0.0,0.0,0,Desktop Engaged
220695720492664721,Referral,desktop,16,6.0,5.0,0.25,0.25,1,Desktop Frecuente
220916715926164647,Direct,desktop,4,10.0,8.0,0.0,0.0,1,Desktop Frecuente
220950878922124751,Direct,desktop,1,60.0,35.0,0.0,0.0,0,Desktop Engaged
223326003832256461,Referral,desktop,4,6.5,6.5,0.0,0.0,1,Desktop Frecuente
223683667601132018,Paid Search,desktop,8,7.0,5.0,0.125,0.0,1,Desktop Frecuente
223992111609267003,Organic Search,desktop,7,4.0,4.0,0.1428571428571428,0.8571428571428571,1,Desktop Frecuente
224145829303599500,Referral,desktop,1,24.0,17.0,0.0,0.0,0,Desktop Engaged
224703071908989026,Referral,desktop,4,10.5,9.0,0.0,0.5,1,Desktop Frecuente
225374027452882593,Referral,desktop,1,36.0,28.0,0.0,1.0,2,Weekend Warriors
225621684999318305,Display,desktop,4,6.0,4.5,0.0,0.0,1,Desktop Frecuente
225663065504333530,Organic Search,desktop,2,30.0,25.5,0.0,0.0,0,Desktop Engaged
225991706421654357,Referral,desktop,3,1.0,1.0,0.6666666666666666,0.0,1,Desktop Frecuente
226612145817715297,Organic Search,desktop,9,2.0,2.0,0.2222222222222222,0.3333333333333333,1,Desktop Frecuente
227223667732638007,Referral,desktop,4,9.0,8.0,0.0,0.0,1,Desktop Frecuente
227952716086847756,Referral,desktop,2,27.0,20.5,0.0,0.0,0,Desktop Engaged
229738108093221604,Referral,desktop,4,6.5,6.5,0.25,0.0,1,Desktop Frecuente
230412258531789338,Referral,desktop,1,40.0,35.0,0.0,0.0,0,Desktop Engaged
230415850493745117,Referral,desktop,4,24.0,11.5,0.0,0.0,0,Desktop Engaged
231481887069911183,Referral,desktop,1,19.0,17.0,0.0,0.0,0,Desktop Engaged
231643641360400675,Referral,desktop,8,5.5,4.0,0.125,0.25,1,Desktop Frecuente
232377434237234751,Direct,desktop,135,3.0,3.0,0.2814814814814815,0.0,1,Desktop Frecuente
234006696582066330,Referral,desktop,4,14.5,10.5,0.0,0.0,1,Desktop Frecuente
235043003725411619,Paid Search,desktop,4,14.5,12.5,0.0,0.5,1,Desktop Frecuente
235352179583924900,Organic Search,desktop,1,36.0,32.0,0.0,0.0,0,Desktop Engaged
235385155808315096,Paid Search,mobile,1,32.0,28.0,0.0,0.0,3,Mobile Users
235594707904808624,Paid Search,tablet,5,16.0,14.0,0.0,0.4,3,Mobile Users
236160742740831906,Referral,desktop,1,120.0,83.0,0.0,1.0,2,Weekend Warriors
236902697327333068,Referral,desktop,3,17.0,14.0,0.0,0.0,0,Desktop Engaged
237463554769485825,Organic Search,desktop,1,30.0,19.0,0.0,0.0,0,Desktop Engaged
237543228088148288,Referral,desktop,1,37.0,32.0,0.0,0.0,0,Desktop Engaged
237572851648543104,Referral,desktop,1,32.0,24.0,0.0,0.0,0,Desktop Engaged
237719183402042239,Direct,desktop,3,18.0,14.0,0.0,0.0,0,Desktop Engaged
238046754537073811,Referral,desktop,6,9.0,7.5,0.3333333333333333,0.0,1,Desktop Frecuente
238421727680250617,Organic Search,desktop,20,1.0,1.0,0.65,0.1,1,Desktop Frecuente
238771388615303644,Referral,desktop,11,5.0,4.0,0.0909090909090909,0.0,1,Desktop Frecuente
238925310298938861,Referral,desktop,8,7.0,7.0,0.125,0.0,1,Desktop Frecuente
239011216868684634,Referral,desktop,4,18.5,12.5,0.0,0.0,1,Desktop Frecuente
239232141736563627,Referral,desktop,2,14.0,11.5,0.5,0.0,1,Desktop Frecuente
239563913417476259,Organic Search,desktop,8,7.5,5.0,0.0,0.375,1,Desktop Frecuente
239598330790272854,Referral,desktop,3,16.0,13.0,0.0,0.3333333333333333,1,Desktop Frecuente
240177559062852098,Referral,desktop,3,29.0,26.0,0.0,0.0,0,Desktop Engaged
240359488343865855,Referral,desktop,7,11.0,9.0,0.0,0.1428571428571428,1,Desktop Frecuente
240776453322054523,Referral,desktop,5,8.0,8.0,0.2,0.0,1,Desktop Frecuente
240953752649297686,Direct,desktop,1,33.0,28.0,0.0,0.0,0,Desktop Engaged
241662707620167476,Organic Search,mobile,2,22.0,19.0,0.0,1.0,3,Mobile Users
242463556251231215,Referral,desktop,4,28.5,23.5,0.0,0.0,0,Desktop Engaged
243443174438768554,Organic Search,mobile,4,22.0,10.5,0.25,0.5,3,Mobile Users
243955375764569680,Organic Search,desktop,2,20.5,16.5,0.5,0.0,0,Desktop Engaged
244170299994763393,Direct,desktop,5,7.0,6.0,0.0,0.0,1,Desktop Frecuente
244256673220806549,Referral,desktop,3,39.0,27.0,0.0,0.0,0,Desktop Engaged
244535803596038100,Organic Search,desktop,5,12.0,12.0,0.2,0.0,1,Desktop Frecuente
244766556983704128,Paid Search,desktop,2,53.0,39.5,0.0,1.0,2,Weekend Warriors
246073136702899889,Direct,desktop,2,11.5,11.0,0.5,0.0,1,Desktop Frecuente
246574639180766080,Referral,desktop,3,12.0,12.0,0.0,0.3333333333333333,1,Desktop Frecuente
246615802967721430,Organic Search,desktop,1,63.0,50.0,0.0,0.0,0,Desktop Engaged
247613008812895646,Referral,desktop,4,20.0,17.0,0.0,0.0,1,Desktop Frecuente
247764274628455945,Direct,mobile,1,19.0,18.0,0.0,0.0,3,Mobile Users
248816373515809143,Paid Search,desktop,2,50.5,34.5,0.0,0.0,0,Desktop Engaged
249200089780217479,Direct,mobile,1,33.0,26.0,0.0,0.0,3,Mobile Users
249511131827396757,Direct,desktop,1,39.0,28.0,0.0,0.0,0,Desktop Engaged
249659095832018179,Direct,desktop,1,20.0,16.0,0.0,0.0,0,Desktop Engaged
249856897836798285,Referral,desktop,2,19.0,14.0,0.0,0.0,0,Desktop Engaged
250826361874221555,Referral,desktop,1,12.0,11.0,0.0,0.0,0,Desktop Engaged
251388402050554159,Referral,desktop,1,28.0,22.0,0.0,0.0,0,Desktop Engaged
253197226133513839,Organic Search,desktop,5,9.0,8.0,0.0,0.6,1,Desktop Frecuente
253217605888117906,Referral,desktop,5,17.0,15.0,0.2,0.0,1,Desktop Frecuente
253232075861039593,Paid Search,desktop,1,31.0,25.0,0.0,0.0,0,Desktop Engaged
253454431071066526,Direct,mobile,8,3.0,3.0,0.25,0.0,3,Mobile Users
253776212101014141,Organic Search,desktop,5,22.0,18.0,0.0,0.0,1,Desktop Frecuente
253940903586003186,Organic Search,desktop,8,18.0,12.5,0.125,0.125,1,Desktop Frecuente
254089780577334336,Organic Search,mobile,2,8.5,8.5,0.0,0.0,3,Mobile Users
254413001205574315,Organic Search,desktop,1,42.0,33.0,0.0,0.0,0,Desktop Engaged
255313102890306362,Organic Search,tablet,1,37.0,31.0,0.0,1.0,3,Mobile Users
256685022822687518,Organic Search,desktop,2,33.0,25.5,0.0,0.0,0,Desktop Engaged
256705626318819929,Referral,desktop,1,51.0,37.0,0.0,0.0,0,Desktop Engaged
256970382442076470,Referral,tablet,1,26.0,24.0,0.0,1.0,3,Mobile Users
257005972779390180,Direct,desktop,1,103.0,73.0,0.0,0.0,0,Desktop Engaged
259650808338553210,Referral,desktop,5,3.0,3.0,0.0,0.0,1,Desktop Frecuente
260404193548201384,Paid Search,mobile,2,17.5,16.0,0.5,0.0,3,Mobile Users
261239019059518659,Referral,desktop,2,18.5,15.0,0.0,0.0,0,Desktop Engaged
261652492539003914,Referral,desktop,1,37.0,26.0,0.0,0.0,0,Desktop Engaged
261669143599587910,Organic Search,mobile,1,22.0,16.0,0.0,0.0,3,Mobile Users
262536943380332040,Organic Search,mobile,7,11.0,11.0,0.0,0.1428571428571428,3,Mobile Users
262902792123089700,Organic Search,desktop,2,11.5,10.5,0.0,0.5,2,Weekend Warriors
263896833266166939,Direct,desktop,2,28.0,19.5,0.0,0.0,0,Desktop Engaged
264141526022556434,Organic Search,desktop,3,5.0,5.0,0.0,0.6666666666666666,1,Desktop Frecuente
264336289575017383,Referral,desktop,1,30.0,23.0,0.0,0.0,0,Desktop Engaged
264439262506145643,Referral,desktop,4,4.0,4.0,0.25,0.0,1,Desktop Frecuente
265773447087902231,Referral,desktop,3,11.0,8.0,0.0,0.0,1,Desktop Frecuente
266182930830968097,Direct,desktop,2,25.0,19.0,0.0,0.0,0,Desktop Engaged
267020882885435601,Referral,desktop,1,33.0,21.0,0.0,0.0,0,Desktop Engaged
267986414856681204,Referral,desktop,3,22.0,18.0,0.0,0.3333333333333333,0,Desktop Engaged
268469528689115459,Referral,desktop,6,8.0,5.5,0.1666666666666666,0.0,1,Desktop Frecuente
269585902888060045,Direct,desktop,3,14.0,10.0,0.0,0.0,1,Desktop Frecuente
271500268252738088,Referral,desktop,10,5.5,4.5,0.5,0.2,1,Desktop Frecuente
271850397437998021,Organic Search,mobile,5,7.0,7.0,0.2,0.0,3,Mobile Users
272605252764469232,Paid Search,mobile,1,16.0,14.0,0.0,0.0,3,Mobile Users
273584168531981189,Direct,desktop,1,12.0,11.0,0.0,0.0,0,Desktop Engaged
274035778263408429,Referral,desktop,9,4.0,4.0,0.0,0.1111111111111111,1,Desktop Frecuente
274928241784014996,Referral,desktop,4,6.5,5.5,0.5,0.25,1,Desktop Frecuente
276183710230160692,Referral,desktop,1,17.0,13.0,0.0,0.0,0,Desktop Engaged
276483305236391136,Direct,desktop,4,13.5,9.5,0.0,0.0,1,Desktop Frecuente
276648651758070096,Display,desktop,17,8.0,7.0,0.1176470588235294,0.0588235294117647,1,Desktop Frecuente
277222292888807077,Organic Search,desktop,1,41.0,33.0,0.0,0.0,0,Desktop Engaged
277630796350055956,Referral,desktop,3,3.0,3.0,0.0,0.0,1,Desktop Frecuente
277995947055991027,Referral,desktop,3,59.0,43.0,0.3333333333333333,0.0,0,Desktop Engaged
278006067838626060,Direct,desktop,1,23.0,17.0,0.0,0.0,0,Desktop Engaged
278294025625890361,Referral,desktop,2,35.0,26.0,0.0,0.0,0,Desktop Engaged
279519454681566557,Direct,desktop,1,28.0,21.0,0.0,0.0,0,Desktop Engaged
279642541136862187,Referral,desktop,3,28.0,23.0,0.0,0.0,0,Desktop Engaged
280042180877582714,Organic Search,desktop,1,48.0,35.0,0.0,0.0,0,Desktop Engaged
280088274265058989,Organic Search,desktop,1,26.0,23.0,0.0,0.0,0,Desktop Engaged
280571682929338005,Organic Search,desktop,2,22.0,18.5,0.0,0.0,0,Desktop Engaged
280589015308186459,Direct,desktop,3,26.0,14.0,0.0,0.0,0,Desktop Engaged
280738376597848400,Referral,desktop,8,11.0,8.0,0.0,0.125,1,Desktop Frecuente
281396010416698886,Organic Search,desktop,4,5.0,4.5,0.25,0.0,1,Desktop Frecuente
281795238965680893,Direct,desktop,8,25.0,17.0,0.0,0.125,1,Desktop Frecuente
281952976428623195,Referral,desktop,9,5.0,4.0,0.2222222222222222,0.0,1,Desktop Frecuente
282580967786243960,Referral,desktop,5,6.0,6.0,0.0,0.2,1,Desktop Frecuente
283777721763173267,Referral,desktop,4,6.0,5.5,0.25,0.0,1,Desktop Frecuente
284038027711788036,Referral,desktop,3,3.0,3.0,0.0,0.0,1,Desktop Frecuente
284098486783069978,Organic Search,desktop,1,35.0,28.0,0.0,0.0,0,Desktop Engaged
286670465887517107,Referral,desktop,4,17.0,13.5,0.0,0.75,2,Weekend Warriors
287041233238865864,Referral,desktop,4,9.0,7.0,0.0,0.5,1,Desktop Frecuente
287904279013543394,Referral,desktop,10,13.0,9.0,0.1,0.1,1,Desktop Frecuente
287908533589459604,Organic Search,desktop,3,25.0,22.0,0.3333333333333333,0.0,0,Desktop Engaged
290333981372798422,Organic Search,desktop,2,13.5,11.0,0.0,0.0,0,Desktop Engaged
290663072707523580,Organic Search,desktop,13,10.0,9.0,0.0769230769230769,0.0,1,Desktop Frecuente
290718739519939792,Direct,desktop,1,36.0,26.0,0.0,0.0,0,Desktop Engaged
291002892578472269,Display,desktop,2,42.0,26.0,0.5,0.0,0,Desktop Engaged
291161766415927075,Organic Search,desktop,1,51.0,37.0,0.0,0.0,0,Desktop Engaged
292453978388693769,Referral,desktop,5,29.0,17.0,0.0,0.0,0,Desktop Engaged
292962023286659973,Organic Search,tablet,1,40.0,31.0,0.0,1.0,2,Weekend Warriors
293387037477216156,Direct,mobile,1,17.0,15.0,0.0,0.0,3,Mobile Users
294093638755103061,Referral,desktop,3,8.0,6.0,0.0,0.0,1,Desktop Frecuente
294715325435275737,Organic Search,desktop,5,21.0,16.0,0.0,0.0,1,Desktop Frecuente
295938792891590357,Organic Search,desktop,4,9.5,9.5,0.0,0.0,1,Desktop Frecuente
296416077588295589,Referral,desktop,2,11.0,9.0,0.0,0.0,0,Desktop Engaged
297816563358688328,Referral,desktop,1,47.0,37.0,0.0,0.0,0,Desktop Engaged
297836806162838021,Organic Search,desktop,12,8.5,8.5,0.0833333333333333,0.0833333333333333,1,Desktop Frecuente
299113451946744821,Organic Search,mobile,2,11.5,8.5,0.5,1.0,3,Mobile Users
299679623448520578,Direct,mobile,3,4.0,4.0,0.0,0.0,3,Mobile Users
300387133164635049,Organic Search,desktop,1,76.0,53.0,0.0,0.0,0,Desktop Engaged
300620866577241349,Organic Search,desktop,1,51.0,41.0,0.0,1.0,2,Weekend Warriors
301568042851919466,Referral,desktop,2,57.0,45.0,0.5,0.0,0,Desktop Engaged
301639941678052859,Referral,mobile,1,21.0,19.0,0.0,0.0,3,Mobile Users
301972032250850193,Organic Search,desktop,1,40.0,32.0,0.0,1.0,2,Weekend Warriors
302704045753662604,Organic Search,desktop,1,14.0,14.0,0.0,0.0,0,Desktop Engaged
303295591639486135,Direct,desktop,1,27.0,23.0,0.0,0.0,0,Desktop Engaged
303733040875070154,Organic Search,desktop,2,14.5,14.0,0.0,0.0,0,Desktop Engaged
303985457220103186,Organic Search,desktop,2,10.0,8.5,0.5,0.0,1,Desktop Frecuente
304034087246868080,Organic Search,desktop,1,24.0,22.0,0.0,0.0,0,Desktop Engaged
304674693006681857,Referral,desktop,7,2.0,2.0,0.2857142857142857,0.2857142857142857,1,Desktop Frecuente
305113785839637634,Referral,desktop,3,16.0,14.0,0.0,0.0,1,Desktop Frecuente
306177142313155903,Organic Search,desktop,1,29.0,22.0,0.0,1.0,2,Weekend Warriors
306293428725549657,Organic Search,desktop,4,29.0,19.0,0.0,0.0,0,Desktop Engaged
306638466008157195,Direct,desktop,1,17.0,15.0,0.0,1.0,2,Weekend Warriors
306895922494129375,Display,desktop,1,31.0,26.0,0.0,0.0,0,Desktop Engaged
307884915539160890,Direct,desktop,4,7.5,6.0,0.0,0.0,1,Desktop Frecuente
308001535433955546,Direct,desktop,2,7.5,7.0,0.5,0.0,1,Desktop Frecuente
308396243566145332,Direct,desktop,1,60.0,48.0,0.0,0.0,0,Desktop Engaged
308402457029592335,Direct,mobile,3,3.0,3.0,0.3333333333333333,0.0,3,Mobile Users
309385525240537775,Referral,desktop,5,8.0,7.0,0.0,0.4,1,Desktop Frecuente
310411461029176203,Referral,desktop,12,2.0,2.0,0.4166666666666667,0.1666666666666666,1,Desktop Frecuente
310809961260136971,Referral,desktop,3,7.0,6.0,0.0,0.0,1,Desktop Frecuente
311720433666096854,Referral,desktop,4,15.5,12.5,0.25,0.0,1,Desktop Frecuente
312226371899637611,Organic Search,mobile,7,1.0,1.0,0.5714285714285714,0.0,3,Mobile Users
312555661484077014,Referral,desktop,6,18.0,12.5,0.1666666666666666,0.0,1,Desktop Frecuente
313128019616030998,Organic Search,desktop,1,26.0,21.0,0.0,0.0,0,Desktop Engaged
314464405997489773,Referral,desktop,1,32.0,25.0,0.0,0.0,0,Desktop Engaged
314528826654841027,Referral,desktop,5,11.0,7.0,0.0,0.0,1,Desktop Frecuente
314533611538644167,Referral,desktop,2,36.5,28.5,0.0,0.0,0,Desktop Engaged
314623674794258357,Referral,desktop,1,41.0,30.0,0.0,0.0,0,Desktop Engaged
314733033105141755,Referral,desktop,1,28.0,21.0,0.0,0.0,0,Desktop Engaged
315017261115039181,Direct,desktop,20,13.0,11.5,0.25,0.15,1,Desktop Frecuente
315387128062353822,Referral,desktop,1,19.0,15.0,0.0,0.0,0,Desktop Engaged
316080058721038988,Organic Search,desktop,3,3.0,3.0,0.3333333333333333,0.0,1,Desktop Frecuente
316167355630094350,Direct,desktop,1,18.0,18.0,0.0,0.0,0,Desktop Engaged
316636715154446720,Referral,desktop,5,7.0,5.0,0.4,0.0,1,Desktop Frecuente
317257995730740367,Display,desktop,3,4.0,3.0,0.0,0.0,1,Desktop Frecuente
317661710948460673,Referral,desktop,1,34.0,32.0,0.0,0.0,0,Desktop Engaged
318476411656972479,Referral,desktop,1,28.0,22.0,0.0,0.0,0,Desktop Engaged
318787809582411406,Organic Search,desktop,3,10.0,10.0,0.0,0.6666666666666666,1,Desktop Frecuente
319620292000180209,Organic Search,tablet,1,55.0,48.0,0.0,0.0,3,Mobile Users
319754919174019978,Organic Search,tablet,2,12.5,9.0,0.5,0.0,3,Mobile Users
320170113964429981,Referral,desktop,2,22.0,20.0,0.0,0.0,0,Desktop Engaged
320727560379630083,Referral,desktop,6,4.5,4.5,0.0,0.0,1,Desktop Frecuente
321597188422599094,Organic Search,desktop,3,14.0,10.0,0.0,0.0,0,Desktop Engaged
321677574274707983,Referral,desktop,1,114.0,85.0,0.0,0.0,0,Desktop Engaged
321747208131220508,Direct,desktop,1,20.0,16.0,0.0,0.0,0,Desktop Engaged
322228537289095245,Organic Search,desktop,1,23.0,20.0,0.0,1.0,2,Weekend Warriors
324425236836309886,Referral,desktop,3,16.0,13.0,0.0,0.3333333333333333,1,Desktop Frecuente
324564641241038377,Organic Search,desktop,12,22.5,16.0,0.4166666666666667,0.1666666666666666,1,Desktop Frecuente
324590067455212562,Organic Search,tablet,2,13.5,10.0,0.5,0.0,3,Mobile Users
326671467950015369,Referral,desktop,5,9.0,6.0,0.0,0.2,1,Desktop Frecuente
327132720272185354,Referral,desktop,4,18.0,15.0,0.0,0.0,1,Desktop Frecuente
327221397987539071,Organic Search,desktop,3,14.0,14.0,0.0,0.0,1,Desktop Frecuente
327577005764423652,Direct,desktop,2,9.5,8.5,0.5,0.0,1,Desktop Frecuente
328080880890336475,Referral,desktop,5,12.0,9.0,0.0,0.0,1,Desktop Frecuente
328697016629947962,Referral,desktop,5,15.0,12.0,0.0,0.0,1,Desktop Frecuente
330062846836232829,Organic Search,desktop,2,23.0,15.5,0.0,0.0,0,Desktop Engaged
330070454475724462,Direct,desktop,1,25.0,16.0,0.0,1.0,2,Weekend Warriors
330289116549575054,Referral,desktop,19,6.0,6.0,0.0526315789473684,0.0,1,Desktop Frecuente
331053449765638219,Organic Search,desktop,1,31.0,26.0,0.0,0.0,0,Desktop Engaged
331726548434689533,Direct,tablet,3,1.0,1.0,0.6666666666666666,0.3333333333333333,3,Mobile Users
333033833560922860,Organic Search,desktop,2,15.5,13.5,0.5,0.0,1,Desktop Frecuente
334730787234841354,Referral,desktop,10,3.0,3.0,0.1,0.0,1,Desktop Frecuente
334916383849466701,Referral,desktop,4,14.0,11.0,0.0,0.0,1,Desktop Frecuente
336251173702144221,Organic Search,tablet,1,38.0,31.0,0.0,0.0,3,Mobile Users
336686212624145715,Direct,desktop,2,31.5,27.0,0.0,0.0,0,Desktop Engaged
338113462470582050,Paid Search,desktop,1,53.0,45.0,0.0,0.0,0,Desktop Engaged
339334311045885434,Referral,desktop,3,10.0,10.0,0.0,0.0,1,Desktop Frecuente
339607919256111349,Direct,desktop,3,3.0,3.0,0.0,0.0,1,Desktop Frecuente
339985125689048804,Referral,desktop,3,7.0,6.0,0.0,0.0,1,Desktop Frecuente
340785498701794891,Referral,desktop,1,35.0,28.0,0.0,0.0,0,Desktop Engaged
341126939247417424,Referral,desktop,6,5.0,4.0,0.0,0.0,1,Desktop Frecuente
341351070942762610,Direct,desktop,1,12.0,12.0,0.0,1.0,2,Weekend Warriors
341723817943217505,Direct,desktop,2,24.5,20.0,0.0,0.0,0,Desktop Engaged
342282266188517272,Referral,desktop,2,71.0,50.0,0.0,0.0,0,Desktop Engaged
342565333518409484,Referral,desktop,4,8.5,6.5,0.25,0.0,1,Desktop Frecuente
343104487250705794,Organic Search,desktop,9,13.0,11.0,0.0,0.0,1,Desktop Frecuente
343219748684366958,Referral,desktop,1,39.0,35.0,0.0,1.0,2,Weekend Warriors
344249657622392251,Referral,desktop,3,8.0,8.0,0.0,0.0,1,Desktop Frecuente
344338099914658416,Paid Search,desktop,1,31.0,25.0,0.0,0.0,0,Desktop Engaged
344842538233543056,Organic Search,mobile,2,25.0,22.5,0.0,0.0,3,Mobile Users
344902595596940552,Paid Search,desktop,1,57.0,48.0,0.0,0.0,0,Desktop Engaged
345388872996692187,Organic Search,desktop,11,4.0,4.0,0.1818181818181818,0.0,1,Desktop Frecuente
345672699449577691,Referral,desktop,2,5.5,5.5,0.0,0.0,1,Desktop Frecuente
347078791302547544,Paid Search,desktop,3,8.0,6.0,0.3333333333333333,0.0,1,Desktop Frecuente
347426080243057728,Direct,desktop,4,16.5,15.5,0.0,0.0,1,Desktop Frecuente
347855419861857256,Direct,desktop,2,20.5,14.5,0.0,0.0,0,Desktop Engaged
348641465070077039,Referral,desktop,3,13.0,10.0,0.0,0.0,1,Desktop Frecuente
348759248625736228,Referral,desktop,28,2.0,2.0,0.3571428571428571,0.1428571428571428,1,Desktop Frecuente
348842070964414318,Organic Search,desktop,4,11.5,10.5,0.0,0.0,1,Desktop Frecuente
349098195293316395,Referral,desktop,1,13.0,11.0,0.0,0.0,0,Desktop Engaged
349551334219637713,Referral,desktop,2,13.0,12.5,0.0,0.0,0,Desktop Engaged
349598333236458498,Organic Search,desktop,2,11.5,11.0,0.0,0.0,0,Desktop Engaged
349780264810210042,Referral,desktop,2,26.5,18.5,0.0,0.0,0,Desktop Engaged
349934101169965198,Organic Search,desktop,1,42.0,34.0,0.0,0.0,0,Desktop Engaged
351681171177883933,Referral,desktop,13,4.0,4.0,0.0769230769230769,0.0,1,Desktop Frecuente
352372860744696733,Paid Search,desktop,3,10.0,7.0,0.0,0.6666666666666666,2,Weekend Warriors
352394936298937026,Organic Search,desktop,6,6.5,6.5,0.1666666666666666,0.6666666666666666,1,Desktop Frecuente
352600760122668518,Organic Search,desktop,1,112.0,81.0,0.0,1.0,2,Weekend Warriors
353184725767379430,Organic Search,mobile,1,23.0,19.0,0.0,0.0,3,Mobile Users
353233028093637648,Organic Search,tablet,1,30.0,25.0,0.0,0.0,3,Mobile Users
353894935573695986,Organic Search,desktop,2,14.5,12.5,0.0,1.0,2,Weekend Warriors
354039095806856279,Referral,desktop,8,4.5,4.5,0.125,0.0,1,Desktop Frecuente
354329453399627810,Referral,desktop,4,4.0,4.0,0.25,0.0,1,Desktop Frecuente
354395446181773550,Social,mobile,2,15.0,14.0,0.0,1.0,3,Mobile Users
354787200849804630,Referral,desktop,2,19.0,15.0,0.0,0.0,0,Desktop Engaged
354852234744200549,Referral,desktop,2,35.5,29.0,0.0,1.0,2,Weekend Warriors
354897802426513779,Referral,desktop,3,3.0,3.0,0.0,0.0,1,Desktop Frecuente
355692456617973868,Referral,desktop,5,6.0,4.0,0.2,0.2,1,Desktop Frecuente
356092515832769251,Referral,desktop,2,29.0,18.5,0.0,0.0,0,Desktop Engaged
357440337109667396,Direct,desktop,8,7.0,3.5,0.0,0.25,1,Desktop Frecuente
357636120727052842,Referral,desktop,6,13.0,13.0,0.0,0.0,1,Desktop Frecuente
358654455062914123,Direct,desktop,2,54.0,38.0,0.0,0.0,0,Desktop Engaged
359164954247345378,Direct,desktop,11,7.0,7.0,0.0,0.0,1,Desktop Frecuente
359543575011787613,Paid Search,desktop,8,10.0,7.0,0.0,0.0,1,Desktop Frecuente
360037071155817238,Direct,desktop,1,25.0,21.0,0.0,0.0,0,Desktop Engaged
361534245405505016,Organic Search,desktop,25,3.0,3.0,0.4,0.2,1,Desktop Frecuente
362055310928414530,Paid Search,desktop,6,7.0,7.0,0.0,0.0,1,Desktop Frecuente
363134569444706133,Organic Search,mobile,9,7.0,7.0,0.0,0.3333333333333333,3,Mobile Users
363878417378060116,Referral,desktop,2,8.0,6.5,0.0,0.0,1,Desktop Frecuente
364162594599982277,Referral,desktop,1,38.0,33.0,0.0,0.0,0,Desktop Engaged
364393857133608210,Referral,desktop,2,36.0,29.0,0.5,0.0,0,Desktop Engaged
364476402815734772,Referral,desktop,11,3.0,3.0,0.0,0.1818181818181818,1,Desktop Frecuente
365101430299852345,Referral,desktop,2,19.0,15.5,0.0,0.0,0,Desktop Engaged
365800323147392278,Referral,desktop,11,11.0,8.0,0.0,0.0909090909090909,1,Desktop Frecuente
366796863244619267,Referral,desktop,2,12.5,10.0,0.0,0.5,2,Weekend Warriors
366995018749053135,Referral,desktop,3,5.0,5.0,0.3333333333333333,0.0,1,Desktop Frecuente
367699875055542808,Referral,desktop,2,9.0,8.5,0.5,0.0,1,Desktop Frecuente
367831398209472460,Referral,desktop,1,62.0,43.0,0.0,1.0,2,Weekend Warriors
367939665226673705,Direct,desktop,3,12.0,10.0,0.0,0.6666666666666666,2,Weekend Warriors
368179555131058914,Organic Search,desktop,6,14.5,11.0,0.0,0.0,1,Desktop Frecuente
369829332229344580,Organic Search,desktop,2,19.5,19.0,0.0,0.0,0,Desktop Engaged
370316422769734568,Organic Search,mobile,2,11.0,9.0,0.0,0.5,3,Mobile Users
370457166717871813,Referral,desktop,3,4.0,4.0,0.0,0.0,1,Desktop Frecuente
370653840812117479,Direct,desktop,1,15.0,14.0,0.0,0.0,0,Desktop Engaged
370963443633670703,Direct,desktop,2,12.5,10.0,0.5,0.0,1,Desktop Frecuente
371602582972882095,Organic Search,desktop,2,48.0,20.5,0.0,0.0,0,Desktop Engaged
371943164406822128,Referral,desktop,1,31.0,28.0,0.0,0.0,0,Desktop Engaged
372494637846892090,Referral,desktop,6,16.0,11.5,0.0,0.0,1,Desktop Frecuente
372706149688864468,Referral,desktop,16,8.5,8.5,0.0,0.0625,1,Desktop Frecuente
372741889888882659,Direct,desktop,1,36.0,30.0,0.0,0.0,0,Desktop Engaged
374253765923087294,Referral,desktop,6,1.0,1.0,0.6666666666666666,0.0,1,Desktop Frecuente
375424311834211727,Paid Search,desktop,1,17.0,16.0,0.0,0.0,0,Desktop Engaged
375962687766031488,Organic Search,desktop,5,18.0,14.0,0.0,0.0,1,Desktop Frecuente
376116041887932016,Organic Search,desktop,3,18.0,13.0,0.0,0.3333333333333333,0,Desktop Engaged
376313822453352161,Organic Search,desktop,2,20.0,17.0,0.0,0.5,2,Weekend Warriors
376394056092189113,Referral,desktop,10,2.0,2.0,0.1,0.0,1,Desktop Frecuente
376544334500131710,Direct,desktop,2,50.0,39.5,0.0,0.5,2,Weekend Warriors
377374830135310453,Organic Search,desktop,2,11.0,10.0,0.5,0.0,1,Desktop Frecuente
377447207002641791,Organic Search,desktop,3,10.0,9.0,0.3333333333333333,0.3333333333333333,1,Desktop Frecuente
377506370870345639,Referral,desktop,7,11.0,11.0,0.2857142857142857,0.0,1,Desktop Frecuente
379075858210159530,Referral,desktop,5,10.0,10.0,0.0,1.0,1,Desktop Frecuente
379584412519217754,Organic Search,tablet,3,6.0,6.0,0.3333333333333333,0.3333333333333333,3,Mobile Users
379910820910540808,Referral,desktop,1,42.0,29.0,0.0,0.0,0,Desktop Engaged
380297679354627080,Referral,desktop,2,15.5,11.5,0.0,0.5,2,Weekend Warriors
380899024148326784,Direct,desktop,1,12.0,12.0,0.0,1.0,2,Weekend Warriors
382608034711593401,Referral,desktop,2,10.0,9.5,0.0,0.0,1,Desktop Frecuente
382764578031539000,Organic Search,desktop,13,3.0,3.0,0.3846153846153846,0.0,1,Desktop Frecuente
383083436389104117,Referral,desktop,2,28.0,21.5,0.0,0.0,0,Desktop Engaged
383714650593435379,Organic Search,desktop,1,31.0,27.0,0.0,0.0,0,Desktop Engaged
383882812253630720,Organic Search,desktop,1,28.0,24.0,0.0,0.0,0,Desktop Engaged
384990845055862114,Organic Search,mobile,17,12.0,10.0,0.2352941176470588,0.1764705882352941,3,Mobile Users
385604754912299240,Organic Search,mobile,4,8.0,4.5,0.5,1.0,3,Mobile Users
385969934087457197,Referral,desktop,4,9.0,6.0,0.0,0.0,1,Desktop Frecuente
386945787239594893,Referral,desktop,1,19.0,17.0,0.0,0.0,0,Desktop Engaged
387243570666153965,Organic Search,desktop,2,9.5,9.5,0.0,1.0,2,Weekend Warriors
387539919956993522,Organic Search,desktop,3,3.0,3.0,0.0,0.0,1,Desktop Frecuente
387849079599046538,Referral,desktop,31,3.0,2.0,0.4516129032258064,0.0,1,Desktop Frecuente
388149666502674178,Direct,desktop,1,68.0,41.0,0.0,1.0,2,Weekend Warriors
388208942401904035,Referral,desktop,1,36.0,30.0,0.0,0.0,0,Desktop Engaged
388540104773034683,Referral,desktop,2,16.5,13.5,0.0,0.0,0,Desktop Engaged
389136722695149263,Organic Search,desktop,1,31.0,26.0,0.0,0.0,0,Desktop Engaged
389168811037319268,Referral,desktop,8,11.0,9.5,0.0,0.0,1,Desktop Frecuente
389488682405584834,Referral,desktop,2,14.5,14.0,0.0,0.0,0,Desktop Engaged
389986037860676472,Organic Search,desktop,3,66.0,39.0,0.0,0.0,0,Desktop Engaged
390998170566117826,Organic Search,desktop,1,17.0,17.0,0.0,0.0,0,Desktop Engaged
391659178324668475,Referral,desktop,1,35.0,29.0,0.0,0.0,0,Desktop Engaged
391734717153151205,Paid Search,desktop,4,1.5,1.5,0.5,0.0,1,Desktop Frecuente
393641314117635386,Organic Search,desktop,2,16.5,14.0,0.0,0.0,0,Desktop Engaged
393755544087774339,Referral,desktop,6,21.5,15.0,0.0,0.1666666666666666,1,Desktop Frecuente
394645209696766041,Organic Search,desktop,3,19.0,11.0,0.0,0.0,0,Desktop Engaged
394685600472849886,Referral,desktop,1,13.0,13.0,0.0,0.0,0,Desktop Engaged
394724420324392696,Organic Search,desktop,2,31.0,15.5,0.0,0.0,0,Desktop Engaged
394838067178638501,Referral,desktop,1,20.0,18.0,0.0,0.0,0,Desktop Engaged
395012696484203225,Display,desktop,6,7.0,7.0,0.1666666666666666,0.0,1,Desktop Frecuente
395050647250429598,Organic Search,desktop,2,35.0,27.0,0.0,0.0,0,Desktop Engaged
395177713873271845,Direct,desktop,1,32.0,26.0,0.0,0.0,0,Desktop Engaged
395878510909861453,Referral,desktop,2,23.5,19.5,0.0,0.0,0,Desktop Engaged
396381842924367514,Organic Search,desktop,1,26.0,26.0,0.0,0.0,0,Desktop Engaged
396718069117936487,Referral,desktop,3,25.0,17.0,0.0,0.3333333333333333,0,Desktop Engaged
397053123672758925,Referral,desktop,4,9.5,9.5,0.0,0.0,1,Desktop Frecuente
397096195399292263,Direct,desktop,2,20.0,18.0,0.0,0.0,0,Desktop Engaged
397440133393463294,Referral,desktop,1,35.0,26.0,0.0,0.0,0,Desktop Engaged
397897232696727433,Referral,desktop,3,11.0,9.0,0.0,0.0,1,Desktop Frecuente
400123865495017006,Paid Search,mobile,2,9.0,8.0,0.5,0.0,3,Mobile Users
400913504715815672,Organic Search,mobile,3,8.0,6.0,0.0,0.0,3,Mobile Users
401157104421670800,Organic Search,desktop,3,11.0,11.0,0.3333333333333333,0.0,1,Desktop Frecuente
402324876089509346,Referral,desktop,3,2.0,2.0,0.3333333333333333,0.0,1,Desktop Frecuente
402676978143600773,Organic Search,desktop,1,40.0,31.0,0.0,0.0,0,Desktop Engaged
403029217967321711,Organic Search,desktop,4,5.5,4.5,0.5,0.0,1,Desktop Frecuente
403377724115575972,Organic Search,mobile,1,18.0,15.0,0.0,0.0,3,Mobile Users
403789659645595849,Organic Search,desktop,8,8.5,6.5,0.125,0.0,1,Desktop Frecuente
403854633867059264,Organic Search,mobile,1,43.0,29.0,0.0,0.0,3,Mobile Users
404597489263781955,Referral,desktop,3,13.0,9.0,0.0,0.3333333333333333,1,Desktop Frecuente
405484788554421584,Referral,desktop,1,15.0,15.0,0.0,0.0,0,Desktop Engaged
405613301455395523,Organic Search,desktop,9,7.0,7.0,0.1111111111111111,0.0,1,Desktop Frecuente
405641263394677056,Referral,desktop,5,11.0,7.0,0.0,0.0,1,Desktop Frecuente
405802957777196055,Organic Search,desktop,1,28.0,22.0,0.0,1.0,2,Weekend Warriors
405913439928695900,Direct,desktop,2,23.0,17.5,0.0,0.0,0,Desktop Engaged
405996727678488611,Organic Search,desktop,1,33.5,26.0,0.0,1.0,2,Weekend Warriors
406001208091891832,Referral,desktop,1,57.0,45.0,0.0,0.0,0,Desktop Engaged
406062413536161782,Referral,desktop,2,13.5,12.0,0.0,0.0,0,Desktop Engaged
406190417919854320,Referral,desktop,1,45.0,35.0,0.0,0.0,0,Desktop Engaged
407927208045481071,Organic Search,desktop,12,8.0,7.0,0.0,0.0833333333333333,1,Desktop Frecuente
408716403041557794,Referral,desktop,3,7.0,7.0,0.3333333333333333,0.0,1,Desktop Frecuente
408772535287063411,Referral,desktop,1,93.0,67.0,0.0,0.0,0,Desktop Engaged
408893888652154187,Organic Search,desktop,4,16.5,13.0,0.0,0.25,1,Desktop Frecuente
409393961827380777,Direct,mobile,1,16.0,16.0,0.0,1.0,3,Mobile Users
409659276768997113,Referral,desktop,3,11.0,11.0,0.0,0.0,1,Desktop Frecuente
410236987316567002,Referral,desktop,4,5.0,5.0,0.0,0.0,1,Desktop Frecuente
410486793212449872,Direct,desktop,1,20.0,17.0,0.0,0.0,0,Desktop Engaged
411216216330611461,Organic Search,desktop,2,18.0,13.5,0.0,0.0,0,Desktop Engaged
412089515434398683,Referral,desktop,11,5.0,5.0,0.0,0.0,1,Desktop Frecuente
412554141248368974,Direct,mobile,1,18.0,16.0,0.0,0.0,3,Mobile Users
412874493990262782,Direct,desktop,2,24.5,19.5,0.0,0.0,0,Desktop Engaged
413580391899416331,Referral,desktop,2,16.0,13.0,0.0,0.0,0,Desktop Engaged
413980996169202271,Direct,mobile,9,2.0,2.0,0.4444444444444444,0.5555555555555556,3,Mobile Users
415088391126514183,Organic Search,desktop,1,48.0,39.0,0.0,0.0,0,Desktop Engaged
415394625340972240,Organic Search,desktop,1,39.0,35.0,0.0,0.0,0,Desktop Engaged
415608676546432559,Referral,desktop,1,46.0,37.0,0.0,0.0,0,Desktop Engaged
417281456122837207,Organic Search,tablet,1,12.0,11.0,0.0,0.0,3,Mobile Users
417374407421467352,Referral,desktop,10,3.0,3.0,0.3,0.0,1,Desktop Frecuente
418240738826473159,Referral,desktop,1,15.0,11.0,0.0,0.0,0,Desktop Engaged
418715380582536680,Organic Search,tablet,8,1.5,1.5,0.5,0.125,3,Mobile Users
419161784882208907,Direct,desktop,13,21.0,17.0,0.1538461538461538,0.0,1,Desktop Frecuente
419611240165258862,Referral,desktop,5,26.0,21.0,0.2,0.2,1,Desktop Frecuente
420252480915406869,Referral,desktop,5,5.0,4.0,0.0,0.0,1,Desktop Frecuente
420713714276209262,Organic Search,desktop,11,3.0,3.0,0.0909090909090909,0.0909090909090909,1,Desktop Frecuente
421965906840211099,Referral,desktop,1,19.0,14.0,0.0,0.0,0,Desktop Engaged
422544802270284821,Organic Search,desktop,14,2.5,2.0,0.4285714285714285,0.1428571428571428,1,Desktop Frecuente
422682096572302497,Direct,desktop,1,29.0,22.0,0.0,0.0,0,Desktop Engaged
423307133606435481,Referral,desktop,1,16.0,11.0,0.0,0.0,0,Desktop Engaged
425433276966204823,Organic Search,desktop,2,20.0,16.5,0.5,0.0,0,Desktop Engaged
425873917948400044,Organic Search,desktop,1,28.0,22.0,0.0,1.0,2,Weekend Warriors
426743790293007914,Direct,desktop,1,21.0,19.0,0.0,0.0,0,Desktop Engaged
426890790154936586,Organic Search,desktop,2,23.0,17.5,0.0,0.0,0,Desktop Engaged
427908274656251192,Organic Search,desktop,1,62.0,53.0,0.0,0.0,0,Desktop Engaged
428377751227330617,Referral,desktop,3,2.0,2.0,0.0,0.0,1,Desktop Frecuente
428994201200499894,Display,desktop,19,5.0,4.0,0.0,0.0,1,Desktop Frecuente
429502726115959763,Organic Search,desktop,2,13.0,12.5,0.0,0.0,0,Desktop Engaged
429905913707585380,Organic Search,desktop,4,27.5,21.5,0.0,0.0,0,Desktop Engaged
430094899859964214,Referral,desktop,1,21.0,16.0,0.0,0.0,0,Desktop Engaged
430335774937069840,Referral,desktop,2,52.0,35.5,0.0,0.0,0,Desktop Engaged
431394148721181795,Paid Search,desktop,1,22.0,19.0,0.0,0.0,0,Desktop Engaged
431557134723843230,Organic Search,desktop,2,58.0,39.0,0.0,1.0,2,Weekend Warriors
431719229375940985,Organic Search,desktop,4,11.5,10.0,0.0,0.25,1,Desktop Frecuente
432606793105704004,Direct,desktop,1,60.0,47.0,0.0,0.0,0,Desktop Engaged
433158162838188739,Referral,desktop,3,29.0,21.0,0.0,0.6666666666666666,2,Weekend Warriors
433977539031077073,Organic Search,desktop,2,15.0,15.0,0.0,0.0,0,Desktop Engaged
434565836567581245,Organic Search,desktop,1,45.0,39.0,0.0,0.0,0,Desktop Engaged
435284079726114731,Referral,desktop,2,37.5,29.5,0.0,0.0,0,Desktop Engaged
435373542373805498,Referral,desktop,15,6.0,4.0,0.1333333333333333,0.1333333333333333,1,Desktop Frecuente
435591376205999996,Referral,desktop,1,58.0,52.0,0.0,0.0,0,Desktop Engaged
436141361480108416,Organic Search,desktop,6,12.0,10.0,0.0,0.0,1,Desktop Frecuente
436308854548495165,Organic Search,desktop,1,38.0,28.0,0.0,1.0,2,Weekend Warriors
437168720279817148,Referral,desktop,3,15.0,13.0,0.3333333333333333,0.3333333333333333,1,Desktop Frecuente
437239129006442110,Direct,desktop,1,39.0,31.0,0.0,0.0,0,Desktop Engaged
437273981466271229,Referral,desktop,4,8.0,7.0,0.0,0.0,1,Desktop Frecuente
437357987201411491,Direct,mobile,6,3.0,2.5,0.0,0.1666666666666666,3,Mobile Users
438120303152930309,Referral,desktop,4,4.5,4.0,0.0,0.25,1,Desktop Frecuente
438166916528767491,Direct,desktop,1,12.0,11.0,0.0,0.0,0,Desktop Engaged
438293355702649619,Direct,desktop,3,7.0,7.0,0.0,0.3333333333333333,1,Desktop Frecuente
438364665131336868,Paid Search,desktop,2,17.0,15.0,0.0,0.0,0,Desktop Engaged
438887787668714744,Organic Search,desktop,2,17.5,13.0,0.0,0.0,0,Desktop Engaged
439226753637545757,Organic Search,desktop,8,6.0,6.0,0.125,0.0,1,Desktop Frecuente
439352190837086995,Direct,desktop,1,26.0,21.0,0.0,0.0,0,Desktop Engaged
439449392549956950,Organic Search,desktop,4,21.5,15.5,0.0,0.0,0,Desktop Engaged
439585555102338304,Direct,desktop,2,18.5,13.5,0.0,0.5,2,Weekend Warriors
439986574557559228,Organic Search,desktop,1,47.0,39.0,0.0,0.0,0,Desktop Engaged
440818788755263058,Direct,desktop,2,10.5,10.5,0.0,0.5,2,Weekend Warriors
441066271285731501,Referral,desktop,2,34.0,25.5,0.0,0.0,0,Desktop Engaged
441571162186980261,Direct,desktop,4,6.5,6.5,0.0,0.0,1,Desktop Frecuente
442021180879108839,Direct,desktop,4,4.5,4.5,0.0,0.0,1,Desktop Frecuente
442139279401914275,Paid Search,desktop,1,29.0,23.0,0.0,0.0,0,Desktop Engaged
442233560830525068,Organic Search,mobile,1,20.0,16.0,0.0,0.0,3,Mobile Users
442359446750687328,Referral,desktop,3,14.0,14.0,0.0,0.0,1,Desktop Frecuente
442570016186963075,Referral,desktop,8,6.5,6.0,0.25,0.0,1,Desktop Frecuente
443432155573447485,Referral,desktop,1,44.0,36.0,0.0,1.0,2,Weekend Warriors
444526989485504305,Organic Search,desktop,1,68.0,45.0,0.0,0.0,0,Desktop Engaged
444821471625212420,Paid Search,mobile,2,21.0,16.0,0.5,0.0,3,Mobile Users
445007965605847225,Referral,desktop,5,2.0,2.0,0.4,0.2,1,Desktop Frecuente
445196580526849660,Referral,desktop,1,35.0,24.0,0.0,1.0,2,Weekend Warriors
445631247863989355,Direct,desktop,1,30.0,21.0,0.0,0.0,0,Desktop Engaged
446307598015350028,Organic Search,mobile,3,1.0,1.0,0.6666666666666666,1.0,3,Mobile Users
446530628716956924,Referral,desktop,3,19.0,17.0,0.0,0.0,0,Desktop Engaged
446821635919209531,Referral,desktop,4,16.5,11.5,0.25,0.5,1,Desktop Frecuente
448734640649218784,Direct,desktop,1,15.0,13.0,0.0,0.0,0,Desktop Engaged
449424538549488734,Referral,desktop,1,25.0,19.0,0.0,0.0,0,Desktop Engaged
449754892287493650,Direct,desktop,1,21.0,19.0,0.0,0.0,0,Desktop Engaged
450212169679268027,Organic Search,desktop,7,2.0,1.0,0.4285714285714285,0.0,1,Desktop Frecuente
450369492992993160,Organic Search,desktop,4,44.5,41.0,0.0,0.0,0,Desktop Engaged
451272146698301239,Referral,desktop,6,8.0,6.0,0.1666666666666666,0.0,1,Desktop Frecuente
452384137560800015,Referral,desktop,1,24.0,17.0,0.0,0.0,0,Desktop Engaged
452728441970444157,Organic Search,desktop,1,40.0,29.0,0.0,0.0,0,Desktop Engaged
453417896500580053,Referral,desktop,4,10.0,8.0,0.0,0.0,1,Desktop Frecuente
454845221896711463,Referral,desktop,4,13.0,10.0,0.0,0.0,1,Desktop Frecuente
455277019106287876,Organic Search,desktop,1,58.0,42.0,0.0,0.0,0,Desktop Engaged
455718321769006834,Organic Search,desktop,2,41.5,33.0,0.5,0.0,3,Mobile Users
456585804826434876,Organic Search,mobile,2,9.0,7.5,0.0,1.0,3,Mobile Users
456807427403774085,Referral,desktop,13,7.0,5.0,0.0769230769230769,0.0769230769230769,1,Desktop Frecuente
456995923783583208,Organic Search,desktop,4,8.5,7.5,0.0,0.0,1,Desktop Frecuente
457044505102305564,Organic Search,desktop,2,11.0,10.0,0.5,0.0,1,Desktop Frecuente
457069299190177448,Direct,desktop,1,12.0,11.0,0.0,0.0,0,Desktop Engaged
457499068268843030,Paid Search,desktop,2,15.5,14.5,0.0,0.0,0,Desktop Engaged
457728965473786479,Organic Search,desktop,1,29.0,26.0,0.0,1.0,2,Weekend Warriors
458269436653090518,Referral,desktop,2,14.5,12.0,0.0,0.0,0,Desktop Engaged
459251814254391578,Referral,desktop,1,20.0,17.0,0.0,0.0,0,Desktop Engaged
459959187480356493,Organic Search,tablet,2,11.0,10.0,0.5,0.0,3,Mobile Users
460590127025597143,Referral,desktop,3,26.0,23.0,0.0,0.0,0,Desktop Engaged
460646718150298450,Referral,desktop,3,13.0,11.0,0.0,0.0,1,Desktop Frecuente
460762242311738436,Referral,desktop,2,14.0,12.5,0.0,0.0,0,Desktop Engaged
461223591546552456,Referral,desktop,1,59.0,43.0,0.0,0.0,0,Desktop Engaged
461226362137454102,Referral,desktop,1,33.0,26.0,0.0,0.0,0,Desktop Engaged
461656900049182225,Referral,desktop,1,31.0,24.0,0.0,0.0,0,Desktop Engaged
463325773564352787,Referral,desktop,4,13.0,11.0,0.0,0.25,1,Desktop Frecuente
463874227731644825,Referral,desktop,1,38.0,31.0,0.0,0.0,0,Desktop Engaged
464008745098440718,Referral,desktop,7,4.0,4.0,0.0,0.0,1,Desktop Frecuente
464364196228560484,Organic Search,desktop,1,34.0,27.0,0.0,0.0,0,Desktop Engaged
465397546668226126,Referral,desktop,3,22.0,14.0,0.0,0.0,0,Desktop Engaged
466572721242688035,Referral,desktop,2,15.0,13.0,0.0,0.0,0,Desktop Engaged
466834914358216815,Paid Search,mobile,1,25.0,20.0,0.0,0.0,3,Mobile Users
467904620717928287,Referral,desktop,2,10.5,9.0,0.5,0.5,1,Desktop Frecuente
469837372694186370,Organic Search,mobile,3,2.0,2.0,0.3333333333333333,0.0,3,Mobile Users
470917192636663681,Referral,desktop,1,45.0,36.0,0.0,0.0,0,Desktop Engaged
471753134403424239,Referral,desktop,3,8.0,8.0,0.0,0.3333333333333333,1,Desktop Frecuente
472388433264551158,Direct,desktop,4,64.0,49.0,0.0,0.0,0,Desktop Engaged
472971982753353098,Direct,desktop,1,19.0,17.0,0.0,0.0,0,Desktop Engaged
473442131850032599,Direct,desktop,1,11.0,11.0,0.0,1.0,2,Weekend Warriors
473815800118504130,Referral,desktop,1,17.0,16.0,0.0,0.0,0,Desktop Engaged
473905218555423969,Referral,desktop,1,25.0,21.0,0.0,0.0,0,Desktop Engaged
474194738383570173,Referral,desktop,3,16.0,13.0,0.3333333333333333,0.0,1,Desktop Frecuente
475993971295433883,Referral,desktop,1,36.0,28.0,0.0,0.0,0,Desktop Engaged
476894088375216381,Paid Search,desktop,8,6.5,6.5,0.5,0.125,1,Desktop Frecuente
476915905383539402,Referral,desktop,2,14.5,11.5,0.0,0.0,0,Desktop Engaged
477281910993120754,Display,desktop,1,15.0,13.0,0.0,0.0,0,Desktop Engaged
477994560911860676,Referral,desktop,2,30.0,24.5,0.0,0.5,2,Weekend Warriors
478403815632492375,Paid Search,desktop,5,3.0,3.0,0.4,0.2,1,Desktop Frecuente
480596774651345765,Organic Search,desktop,3,38.0,26.0,0.0,0.0,0,Desktop Engaged
480683872448243932,Referral,desktop,2,19.0,13.5,0.0,0.0,0,Desktop Engaged
481095003060297640,Referral,desktop,8,5.0,5.0,0.375,0.125,1,Desktop Frecuente
481361866832333678,Organic Search,desktop,3,44.0,32.0,0.0,0.3333333333333333,0,Desktop Engaged
481562034862119313,Direct,desktop,3,13.0,9.0,0.0,0.0,1,Desktop Frecuente
481908738776854721,Referral,desktop,1,21.0,19.0,0.0,0.0,0,Desktop Engaged
482588777140962763,Direct,desktop,3,6.0,6.0,0.0,0.0,1,Desktop Frecuente
483111126014707673,Referral,desktop,6,4.0,4.0,0.0,0.0,1,Desktop Frecuente
485196789418021564,Referral,desktop,2,77.0,64.0,0.0,0.5,2,Weekend Warriors
485451635785646273,Direct,desktop,3,5.0,5.0,0.0,0.0,1,Desktop Frecuente
485966265900702326,Direct,desktop,1,31.0,23.0,0.0,1.0,2,Weekend Warriors
487480427659606163,Organic Search,desktop,3,11.0,10.0,0.0,0.0,1,Desktop Frecuente
487776113418404925,Direct,desktop,2,10.5,10.0,0.0,0.0,1,Desktop Frecuente
488047684682615330,Organic Search,desktop,5,3.0,3.0,0.0,0.4,1,Desktop Frecuente
488236137527169951,Referral,desktop,9,42.0,30.0,0.1111111111111111,0.3333333333333333,1,Desktop Frecuente
489387095051650874,Organic Search,desktop,4,15.0,14.0,0.0,0.5,1,Desktop Frecuente
491177567878140069,Referral,desktop,1,51.0,40.0,0.0,0.0,0,Desktop Engaged
491193409314675096,Referral,desktop,2,18.5,14.5,0.0,0.0,0,Desktop Engaged
491316713136054865,Referral,desktop,2,7.0,6.5,0.0,0.0,1,Desktop Frecuente
491427743200379908,Direct,desktop,2,11.0,9.5,0.0,0.5,2,Weekend Warriors
492938094127153086,Direct,desktop,4,12.0,9.0,0.0,0.0,1,Desktop Frecuente
493200894475132340,Referral,desktop,7,10.0,9.0,0.1428571428571428,0.4285714285714285,1,Desktop Frecuente
493300060667614321,Referral,desktop,3,3.0,3.0,0.0,0.0,1,Desktop Frecuente
496156536586018580,Referral,desktop,3,6.0,4.0,0.0,0.0,1,Desktop Frecuente
496188460748118919,Direct,desktop,1,14.0,13.0,0.0,0.0,0,Desktop Engaged
496833883845920731,Organic Search,desktop,4,11.5,7.5,0.25,0.0,1,Desktop Frecuente
497209842877259289,Referral,desktop,3,9.0,9.0,0.0,0.0,1,Desktop Frecuente
498519259844308517,Referral,desktop,3,5.0,5.0,0.3333333333333333,0.0,1,Desktop Frecuente
498810256715966268,Referral,desktop,1,46.0,28.0,0.0,0.0,0,Desktop Engaged
498824129707847807,Direct,desktop,1,9.0,9.0,0.0,1.0,2,Weekend Warriors
499173638332659780,Referral,desktop,3,39.0,30.0,0.0,0.0,0,Desktop Engaged
500460722094613747,Referral,desktop,6,7.5,6.5,0.0,0.0,1,Desktop Frecuente
500766381427960566,Referral,desktop,3,1.0,1.0,0.6666666666666666,0.3333333333333333,1,Desktop Frecuente
500771270741221130,Organic Search,desktop,3,6.0,6.0,0.3333333333333333,0.0,1,Desktop Frecuente
500926353574528949,Organic Search,desktop,9,13.0,11.0,0.0,0.2222222222222222,1,Desktop Frecuente
502027330594674519,Organic Search,desktop,15,9.0,8.0,0.1333333333333333,0.0,1,Desktop Frecuente
502079743101647640,Organic Search,desktop,1,26.0,24.0,0.0,0.0,0,Desktop Engaged
502427268661784166,Direct,desktop,1,47.0,36.0,0.0,0.0,0,Desktop Engaged
507378123137078709,Organic Search,desktop,1,60.0,38.0,0.0,0.0,0,Desktop Engaged
507664246019057034,Direct,desktop,3,2.0,2.0,0.0,0.0,1,Desktop Frecuente
508002860985321055,Direct,desktop,2,6.0,5.5,0.5,0.0,1,Desktop Frecuente
509428697410335222,Referral,desktop,12,5.0,5.0,0.0833333333333333,0.0833333333333333,1,Desktop Frecuente
509537543362594682,Referral,desktop,1,62.0,51.0,0.0,0.0,0,Desktop Engaged
509637927726464785,Referral,desktop,5,40.0,18.0,0.2,0.0,0,Desktop Engaged
509972280802528263,Organic Search,desktop,4,16.0,13.0,0.0,0.0,1,Desktop Frecuente
510399340773152452,Organic Search,desktop,1,19.0,19.0,0.0,1.0,2,Weekend Warriors
511506099436408879,Organic Search,desktop,3,18.0,13.0,0.0,0.0,0,Desktop Engaged
511729257667195605,Referral,desktop,4,15.5,10.5,0.25,0.0,1,Desktop Frecuente
512376512516526849,Referral,mobile,6,9.0,9.0,0.3333333333333333,0.8333333333333334,3,Mobile Users
512988788718016553,Direct,desktop,1,16.0,13.0,0.0,0.0,0,Desktop Engaged
513403330506317388,Organic Search,desktop,6,13.0,11.0,0.1666666666666666,0.0,1,Desktop Frecuente
514071303908585314,Direct,tablet,2,5.0,5.0,0.5,0.0,3,Mobile Users
514253309422836642,Direct,desktop,1,11.0,10.0,0.0,0.0,0,Desktop Engaged
514366605460721708,Referral,desktop,2,20.0,16.0,0.0,0.0,0,Desktop Engaged
514478324726152361,Referral,desktop,2,19.0,15.0,0.0,0.0,0,Desktop Engaged
514517908760071241,Referral,desktop,3,8.0,6.0,0.0,0.0,1,Desktop Frecuente
515195001502319520,Referral,desktop,1,51.0,42.0,0.0,0.0,0,Desktop Engaged
515583444261228947,Organic Search,desktop,1,32.0,28.0,0.0,1.0,2,Weekend Warriors
515770511624914543,Referral,desktop,4,14.0,12.0,0.0,0.0,1,Desktop Frecuente
516734366347147622,Organic Search,desktop,1,59.0,46.0,0.0,1.0,2,Weekend Warriors
517434536441380071,Direct,desktop,2,9.0,8.0,0.5,0.5,1,Desktop Frecuente
517644101045776450,Direct,desktop,2,10.0,9.0,0.0,1.0,2,Weekend Warriors
517782955209773732,Referral,desktop,1,22.0,18.0,0.0,0.0,0,Desktop Engaged
517804428885255967,Referral,desktop,7,4.0,4.0,0.2857142857142857,0.0,1,Desktop Frecuente
518455108809968270,Organic Search,desktop,5,7.0,7.0,0.0,0.0,1,Desktop Frecuente
518977830588706496,Referral,desktop,3,6.0,6.0,0.0,0.0,1,Desktop Frecuente
520662463655484321,Direct,desktop,3,14.0,10.0,0.0,0.0,1,Desktop Frecuente
520805520579177810,Referral,desktop,1,17.0,14.0,0.0,0.0,0,Desktop Engaged
521283007599569568,Referral,desktop,4,19.5,18.0,0.0,0.0,1,Desktop Frecuente
522359013237328012,Referral,desktop,3,10.0,10.0,0.0,0.0,1,Desktop Frecuente
525470181967108180,Affiliates,mobile,2,22.5,19.5,0.0,0.0,3,Mobile Users
526145197292765731,Organic Search,desktop,1,43.0,33.0,0.0,0.0,0,Desktop Engaged
527426783375720325,Referral,desktop,3,15.0,11.0,0.3333333333333333,0.6666666666666666,1,Desktop Frecuente
527512175460551498,Organic Search,mobile,6,15.0,12.0,0.0,0.5,3,Mobile Users
527903113421923907,Referral,desktop,3,25.0,18.0,0.0,0.0,0,Desktop Engaged
528231576022767993,Referral,desktop,5,10.0,9.0,0.2,0.4,1,Desktop Frecuente
528933380496819911,Referral,desktop,4,6.0,6.0,0.0,0.0,1,Desktop Frecuente
529281851523725509,Referral,desktop,1,112.0,83.0,0.0,0.0,0,Desktop Engaged
530238188668261857,Direct,mobile,3,1.0,1.0,0.6666666666666666,0.0,3,Mobile Users
530920366625737605,Referral,desktop,1,60.0,40.0,0.0,0.0,0,Desktop Engaged
531400332110604167,Referral,desktop,3,24.0,21.0,0.0,0.3333333333333333,0,Desktop Engaged
531496906783225698,Referral,desktop,2,15.0,13.0,0.0,0.5,2,Weekend Warriors
531638978305910082,Organic Search,desktop,3,7.0,7.0,0.0,0.0,1,Desktop Frecuente
531829155524217247,Organic Search,desktop,3,13.0,12.0,0.3333333333333333,0.3333333333333333,1,Desktop Frecuente
532016816923357737,Direct,desktop,3,5.0,4.0,0.0,1.0,2,Weekend Warriors
532638128006986594,Paid Search,mobile,1,45.0,37.0,0.0,0.0,3,Mobile Users
533361455920078502,Organic Search,desktop,1,27.0,21.0,0.0,0.0,0,Desktop Engaged
533462479025888957,Referral,desktop,6,11.0,7.5,0.0,0.0,1,Desktop Frecuente
533869951708837257,Referral,desktop,1,19.0,18.0,0.0,0.0,0,Desktop Engaged
534455027035361433,Organic Search,desktop,1,31.0,27.0,0.0,0.0,0,Desktop Engaged
534798930498547151,Organic Search,desktop,4,13.5,10.5,0.0,0.0,1,Desktop Frecuente
535271430252634961,Direct,desktop,1,17.0,14.0,0.0,0.0,0,Desktop Engaged
535797652559788641,Organic Search,desktop,2,21.5,18.5,0.0,0.5,2,Weekend Warriors
536428604379922267,Referral,desktop,2,20.0,17.0,0.0,0.0,0,Desktop Engaged
536559199229561402,Referral,desktop,5,6.0,6.0,0.2,0.4,1,Desktop Frecuente
536651165928149969,Organic Search,desktop,1,23.0,19.0,0.0,0.0,0,Desktop Engaged
537940071228449977,Referral,desktop,6,4.5,4.5,0.1666666666666666,0.3333333333333333,1,Desktop Frecuente
538316939897477687,Organic Search,desktop,3,3.0,3.0,0.0,0.3333333333333333,1,Desktop Frecuente
539032312488458869,Referral,desktop,1,31.0,26.0,0.0,1.0,2,Weekend Warriors
539181992389988672,Referral,desktop,3,19.0,15.0,0.0,0.3333333333333333,0,Desktop Engaged
540193727116110682,Referral,desktop,2,20.0,15.0,0.0,0.0,0,Desktop Engaged
541723931810773095,Referral,desktop,3,21.0,18.0,0.0,0.3333333333333333,0,Desktop Engaged
541801617495136574,Display,desktop,1,29.0,23.0,0.0,0.0,0,Desktop Engaged
541939415042873067,Referral,desktop,1,20.0,12.0,0.0,0.0,0,Desktop Engaged
542333354260444568,Organic Search,desktop,2,55.0,33.0,0.0,0.0,0,Desktop Engaged
542454857691775401,Referral,desktop,1,37.0,31.0,0.0,0.0,0,Desktop Engaged
543100701177479713,Referral,desktop,2,29.5,23.0,0.0,0.5,2,Weekend Warriors
543133542685191215,Organic Search,desktop,1,13.0,12.0,0.0,1.0,2,Weekend Warriors
543272304721995322,Organic Search,desktop,3,14.0,10.0,0.0,0.0,0,Desktop Engaged
543368443296403226,Referral,desktop,2,9.5,8.0,0.5,0.0,1,Desktop Frecuente
543371810281064125,Direct,mobile,3,7.0,5.0,0.3333333333333333,0.0,3,Mobile Users
543454429875721280,Referral,desktop,3,18.0,13.0,0.0,0.0,0,Desktop Engaged
543654610852010937,Referral,desktop,5,10.0,8.0,0.2,0.4,1,Desktop Frecuente
544099410312340973,Referral,desktop,2,26.0,18.5,0.0,1.0,2,Weekend Warriors
544222846238969798,Organic Search,desktop,1,74.0,56.0,0.0,0.0,0,Desktop Engaged
544953081124286184,Paid Search,desktop,5,14.0,11.0,0.0,0.4,1,Desktop Frecuente
544989058215133805,Referral,desktop,4,7.0,5.5,0.0,0.0,1,Desktop Frecuente
545209862900348723,Referral,desktop,1,34.0,32.0,0.0,0.0,0,Desktop Engaged
545302570079415113,Referral,desktop,2,10.0,10.0,0.0,0.5,1,Desktop Frecuente
546450430035162938,Direct,mobile,3,6.0,6.0,0.3333333333333333,0.3333333333333333,3,Mobile Users
547013638763660090,Referral,desktop,8,3.5,3.5,0.0,0.0,1,Desktop Frecuente
548413255562852386,Direct,desktop,2,22.5,18.0,0.0,0.0,0,Desktop Engaged
548610265008552694,Organic Search,desktop,1,26.0,13.0,0.0,0.0,0,Desktop Engaged
548744394505098293,Direct,desktop,1,20.0,16.0,0.0,0.0,0,Desktop Engaged
549158270848959308,Direct,desktop,9,4.0,4.0,0.0,0.0,1,Desktop Frecuente
549380289036184273,Direct,desktop,3,1.0,1.0,0.6666666666666666,0.3333333333333333,1,Desktop Frecuente
549953281463203327,Direct,desktop,2,23.5,16.5,0.0,0.0,0,Desktop Engaged
549958621872674126,Referral,desktop,1,16.0,14.0,0.0,0.0,0,Desktop Engaged
550660948694018203,Referral,desktop,2,12.5,10.5,0.0,0.0,0,Desktop Engaged
551930514989058018,Referral,desktop,2,11.5,9.5,0.0,0.0,0,Desktop Engaged
552165022845624889,Referral,desktop,1,29.0,22.0,0.0,0.0,0,Desktop Engaged
553037813052104682,Organic Search,desktop,1,22.0,18.0,0.0,0.0,0,Desktop Engaged
553274180487420287,Direct,desktop,1,18.0,15.0,0.0,0.0,0,Desktop Engaged
553368558009293652,Referral,desktop,5,17.0,12.0,0.0,0.0,1,Desktop Frecuente
553904149065456549,Direct,mobile,9,3.0,3.0,0.2222222222222222,0.3333333333333333,3,Mobile Users
554420125524525961,Direct,desktop,2,39.0,32.5,0.0,1.0,2,Weekend Warriors
554532408320415638,Organic Search,desktop,3,7.0,7.0,0.3333333333333333,1.0,1,Desktop Frecuente
554581394170643542,Paid Search,desktop,1,55.0,44.0,0.0,0.0,0,Desktop Engaged
554657701286789547,Referral,desktop,8,6.5,5.5,0.25,0.0,1,Desktop Frecuente
554728164623826608,Organic Search,desktop,1,21.0,19.0,0.0,0.0,0,Desktop Engaged
555043313953093171,Referral,desktop,2,17.0,14.5,0.0,0.0,0,Desktop Engaged
555059843722195488,Organic Search,desktop,1,57.0,27.0,0.0,0.0,0,Desktop Engaged
555790844446941439,Direct,desktop,3,22.0,17.0,0.0,0.0,0,Desktop Engaged
556556488234585145,Referral,desktop,2,12.5,12.0,0.0,0.0,0,Desktop Engaged
557041874411922739,Referral,desktop,3,21.0,13.0,0.0,0.0,0,Desktop Engaged
557267724728292293,Direct,mobile,1,24.0,24.0,0.0,1.0,3,Mobile Users
560045648140089234,Organic Search,desktop,6,14.0,11.0,0.0,0.0,1,Desktop Frecuente
560278389700464572,Referral,desktop,7,5.0,4.0,0.4285714285714285,0.1428571428571428,1,Desktop Frecuente
560684445670763197,Paid Search,desktop,1,189.0,121.0,0.0,0.0,0,Desktop Engaged
560805040196785546,Referral,desktop,2,48.0,34.5,0.0,0.0,0,Desktop Engaged
561827271234161338,Organic Search,desktop,4,4.0,4.0,0.5,0.25,1,Desktop Frecuente
562303340035925415,Referral,desktop,5,14.0,13.0,0.0,0.0,1,Desktop Frecuente
562325699784469979,Referral,desktop,3,13.0,11.0,0.0,0.0,1,Desktop Frecuente
563490046617768162,Referral,desktop,1,21.0,18.0,0.0,0.0,0,Desktop Engaged
563963070031405352,Direct,desktop,44,6.0,6.0,0.1818181818181818,0.0,1,Desktop Frecuente
564132620307271174,Referral,desktop,4,5.0,4.0,0.0,0.25,1,Desktop Frecuente
565056780083615308,Organic Search,desktop,9,2.0,1.0,0.4444444444444444,0.2222222222222222,1,Desktop Frecuente
565287882698874437,Referral,desktop,5,11.0,9.0,0.0,0.2,1,Desktop Frecuente
566055411938639598,Organic Search,desktop,2,54.5,40.0,0.0,0.0,0,Desktop Engaged
566233357235128805,Referral,desktop,9,13.0,11.0,0.1111111111111111,0.4444444444444444,1,Desktop Frecuente
566269193391274218,Referral,desktop,1,79.0,57.0,0.0,1.0,2,Weekend Warriors
566709157525308339,Referral,desktop,1,24.0,22.0,0.0,0.0,0,Desktop Engaged
567114702296201573,Referral,desktop,2,10.5,9.5,0.5,0.0,1,Desktop Frecuente
567258049821128407,Referral,desktop,2,11.5,10.0,0.5,0.5,1,Desktop Frecuente
567269899914580234,Organic Search,desktop,3,49.0,38.0,0.3333333333333333,0.0,0,Desktop Engaged
568624962920879221,Organic Search,desktop,1,43.0,36.0,0.0,1.0,2,Weekend Warriors
569356915734606916,Referral,desktop,3,5.0,5.0,0.3333333333333333,0.0,1,Desktop Frecuente
569752743034520183,Referral,desktop,5,8.0,8.0,0.2,0.0,1,Desktop Frecuente
570123615296033261,Direct,desktop,2,9.5,7.5,0.0,0.0,1,Desktop Frecuente
572135527461851083,Direct,desktop,1,22.0,20.0,0.0,1.0,2,Weekend Warriors
572741150050251305,Referral,desktop,4,30.0,22.5,0.0,0.0,0,Desktop Engaged
573507698325171315,Referral,desktop,1,40.0,33.0,0.0,0.0,0,Desktop Engaged
573752651828621469,Organic Search,desktop,1,33.0,29.0,0.0,0.0,0,Desktop Engaged
573792080831880040,Referral,desktop,2,14.0,13.0,0.5,1.0,2,Weekend Warriors
573944389511782755,Referral,desktop,1,25.0,21.0,0.0,0.0,0,Desktop Engaged
574149303737191374,Referral,desktop,1,63.0,46.0,0.0,0.0,0,Desktop Engaged
574546672447624856,Referral,desktop,4,11.0,9.0,0.0,0.25,1,Desktop Frecuente
575143870190264156,Referral,desktop,3,9.0,9.0,0.0,0.6666666666666666,1,Desktop Frecuente
575603546892390824,Referral,desktop,2,17.0,13.5,0.0,0.0,0,Desktop Engaged
576962765196044517,Referral,desktop,2,23.0,18.5,0.0,0.5,2,Weekend Warriors
577430234323994672,Organic Search,desktop,1,19.0,19.0,0.0,0.0,0,Desktop Engaged
577572983337426313,Referral,desktop,3,24.0,19.0,0.0,0.0,0,Desktop Engaged
577700480509527611,Organic Search,mobile,5,12.0,6.0,0.2,0.4,3,Mobile Users
579022412844305962,Referral,desktop,1,28.0,27.0,0.0,0.0,0,Desktop Engaged
579326161967924544,Referral,desktop,1,29.0,24.0,0.0,0.0,0,Desktop Engaged
582129409932854437,Organic Search,desktop,2,19.0,16.5,0.0,0.0,0,Desktop Engaged
582369017403340851,Direct,tablet,2,30.5,20.0,0.0,0.0,3,Mobile Users
582559656298634054,Organic Search,mobile,1,57.0,45.0,0.0,0.0,3,Mobile Users
582615830345755974,Organic Search,desktop,1,37.0,30.0,0.0,0.0,0,Desktop Engaged
582674888457699636,Referral,desktop,2,43.5,29.5,0.0,0.5,2,Weekend Warriors
583165761373207455,Organic Search,desktop,3,12.0,7.0,0.0,0.3333333333333333,1,Desktop Frecuente
584233587428145418,Referral,desktop,2,8.5,7.0,0.5,0.0,1,Desktop Frecuente
586022395219552336,Referral,desktop,3,53.0,38.0,0.0,0.6666666666666666,2,Weekend Warriors
587123899418457189,Referral,desktop,2,29.0,25.5,0.0,0.0,0,Desktop Engaged
587844728135319683,Referral,desktop,3,11.0,11.0,0.0,0.0,1,Desktop Frecuente
587886297354228717,Organic Search,desktop,1,54.0,43.0,0.0,0.0,0,Desktop Engaged
588920124789640640,Referral,desktop,1,14.0,14.0,0.0,1.0,2,Weekend Warriors
589243891238071459,Organic Search,desktop,2,42.0,34.0,0.0,0.0,0,Desktop Engaged
589822830087218823,Direct,desktop,1,16.0,15.0,0.0,0.0,0,Desktop Engaged
589967396396729491,Direct,desktop,21,6.0,6.0,0.0476190476190476,0.0952380952380952,1,Desktop Frecuente
590094729131157044,Direct,mobile,1,31.0,21.0,0.0,1.0,3,Mobile Users
591513434559245487,Organic Search,desktop,1,15.0,13.0,0.0,0.0,0,Desktop Engaged
591773013265200816,Organic Search,desktop,2,11.0,8.5,0.0,0.0,0,Desktop Engaged
591820689738311862,Organic Search,desktop,4,34.5,23.5,0.0,0.25,0,Desktop Engaged
592466522618439413,Organic Search,mobile,2,15.0,13.5,0.0,0.0,3,Mobile Users
593564601992081966,Organic Search,desktop,2,15.0,12.0,0.0,0.0,0,Desktop Engaged
594022882962204579,Organic Search,mobile,4,4.0,4.0,0.25,0.75,3,Mobile Users
594032029140324639,Referral,desktop,5,13.0,12.0,0.0,0.4,1,Desktop Frecuente
594511863093043281,Referral,desktop,1,39.0,28.0,0.0,1.0,2,Weekend Warriors
594563238977976970,Organic Search,tablet,2,29.5,23.0,0.0,1.0,3,Mobile Users
594824422792523749,Referral,desktop,4,26.5,12.0,0.0,0.0,0,Desktop Engaged
594874658574182443,Direct,desktop,4,4.0,3.0,0.5,0.25,1,Desktop Frecuente
596169222611729599,Organic Search,mobile,1,37.0,30.0,0.0,1.0,3,Mobile Users
596895434219823695,Organic Search,desktop,22,9.5,9.5,0.0454545454545454,0.4545454545454545,1,Desktop Frecuente
597489337358394308,Organic Search,desktop,6,16.0,12.5,0.0,0.5,1,Desktop Frecuente
598117673403235855,Referral,desktop,1,36.0,18.0,0.0,1.0,2,Weekend Warriors
598195240627817837,Organic Search,desktop,2,27.0,22.0,0.5,1.0,2,Weekend Warriors
598476687815353252,Paid Search,desktop,5,8.0,6.0,0.4,0.0,1,Desktop Frecuente
599110551792149234,Referral,desktop,8,14.5,11.5,0.125,0.125,1,Desktop Frecuente
600237702497948707,Referral,desktop,1,64.0,49.0,0.0,0.0,0,Desktop Engaged
601115360451826853,Organic Search,desktop,1,47.0,38.0,0.0,1.0,2,Weekend Warriors
601161405716299904,Direct,desktop,2,21.5,18.5,0.0,0.5,2,Weekend Warriors
601406166745975278,Referral,desktop,3,5.0,5.0,0.3333333333333333,0.0,1,Desktop Frecuente
602050736534015192,Direct,desktop,1,16.0,15.0,0.0,0.0,0,Desktop Engaged
602460866377412564,Organic Search,desktop,1,31.0,25.0,0.0,0.0,0,Desktop Engaged
602865033633296199,Organic Search,desktop,3,6.0,6.0,0.3333333333333333,0.0,1,Desktop Frecuente
603507101721972238,Referral,desktop,5,17.0,17.0,0.0,0.0,1,Desktop Frecuente
604314853571328266,Organic Search,desktop,1,30.0,27.0,0.0,0.0,0,Desktop Engaged
604365545479003017,Referral,desktop,3,6.0,4.0,0.0,0.3333333333333333,1,Desktop Frecuente
605298878287002654,Paid Search,desktop,2,15.5,13.0,0.0,0.0,0,Desktop Engaged
605582860135446327,Referral,desktop,1,17.0,17.0,0.0,0.0,0,Desktop Engaged
606735064258270722,Referral,desktop,3,15.0,10.0,0.0,0.0,0,Desktop Engaged
608132583314752466,Organic Search,desktop,1,18.0,16.0,0.0,0.0,0,Desktop Engaged
608915197735218105,Referral,desktop,17,23.0,18.0,0.0588235294117647,0.0,1,Desktop Frecuente
611184075850086902,Referral,desktop,3,29.0,21.0,0.0,0.0,0,Desktop Engaged
611556253076247456,Referral,desktop,8,22.5,17.5,0.25,0.0,1,Desktop Frecuente
611561045307562255,Organic Search,mobile,2,77.0,52.5,0.5,0.0,3,Mobile Users
612931240198528311,Organic Search,desktop,1,30.0,26.0,0.0,0.0,0,Desktop Engaged
614194214723197176,Organic Search,desktop,3,11.0,10.0,0.0,0.0,1,Desktop Frecuente
614324104402254023,Direct,desktop,2,48.0,35.5,0.0,0.0,0,Desktop Engaged
616530401183877867,Organic Search,desktop,7,20.0,13.0,0.0,0.0,1,Desktop Frecuente
616813475440297008,Referral,desktop,4,38.5,24.5,0.0,0.0,0,Desktop Engaged
617283905493277793,Referral,desktop,8,5.5,5.5,0.125,0.125,1,Desktop Frecuente
617329235458001539,Direct,desktop,3,1.0,1.0,0.6666666666666666,0.0,1,Desktop Frecuente
618198661111278556,Organic Search,desktop,1,16.0,14.0,0.0,1.0,2,Weekend Warriors
618831613303765725,Paid Search,desktop,2,21.0,17.0,0.0,0.0,0,Desktop Engaged
622093215836923895,Direct,desktop,6,9.0,7.5,0.1666666666666666,0.1666666666666666,1,Desktop Frecuente
622280363748067669,Referral,desktop,5,8.0,6.0,0.4,0.0,1,Desktop Frecuente
623238387362841295,Referral,desktop,1,53.0,39.0,0.0,0.0,0,Desktop Engaged
624114855878604514,Referral,desktop,3,11.0,8.0,0.0,0.0,1,Desktop Frecuente
625087577271634600,Direct,desktop,3,10.0,8.0,0.3333333333333333,0.0,1,Desktop Frecuente
625333892395560084,Direct,desktop,2,56.5,42.0,0.0,0.5,2,Weekend Warriors
626284759664097746,Referral,desktop,7,2.0,2.0,0.1428571428571428,0.0,1,Desktop Frecuente
626650043568445812,Organic Search,desktop,5,10.0,7.0,0.0,0.2,1,Desktop Frecuente
626672651895030919,Organic Search,desktop,22,6.0,5.0,0.1363636363636363,0.2727272727272727,1,Desktop Frecuente
627462873100311863,Paid Search,mobile,2,9.0,6.5,0.5,0.0,3,Mobile Users
627858122618485897,Referral,desktop,4,15.5,12.5,0.25,0.0,1,Desktop Frecuente
627911872499384695,Organic Search,desktop,6,5.0,4.0,0.1666666666666666,0.0,1,Desktop Frecuente
628121127521169790,Direct,desktop,1,48.0,36.0,0.0,1.0,2,Weekend Warriors
628736701415781712,Organic Search,desktop,3,3.0,3.0,0.0,0.0,1,Desktop Frecuente
629329919532379545,Paid Search,desktop,1,32.0,24.0,0.0,1.0,2,Weekend Warriors
631033932630241909,Referral,desktop,3,22.0,16.0,0.0,0.0,0,Desktop Engaged
631883605401031518,Organic Search,desktop,1,15.0,13.0,0.0,0.0,0,Desktop Engaged
632796253738106478,Direct,desktop,2,8.5,8.5,0.5,0.0,1,Desktop Frecuente
633090494027651510,Paid Search,mobile,3,17.0,16.0,0.0,0.6666666666666666,3,Mobile Users
633420224856417225,Organic Search,mobile,1,12.0,12.0,0.0,1.0,3,Mobile Users
633547848089854806,Organic Search,desktop,2,12.0,9.5,0.0,1.0,2,Weekend Warriors
634506282991036601,Direct,desktop,4,7.5,7.5,0.25,0.0,1,Desktop Frecuente
634809971349181384,Organic Search,mobile,2,30.0,25.0,0.0,1.0,3,Mobile Users
635884302803759037,Referral,desktop,2,25.5,18.0,0.0,0.5,2,Weekend Warriors
636165671438716582,Referral,desktop,2,61.0,44.0,0.0,0.0,0,Desktop Engaged
636481946896347011,Organic Search,mobile,2,28.5,23.0,0.5,0.5,3,Mobile Users
636983386776288406,Organic Search,desktop,4,51.5,38.0,0.0,0.0,0,Desktop Engaged
638910012539429673,Referral,desktop,2,10.0,10.0,0.0,0.5,1,Desktop Frecuente
639095902615054058,Organic Search,desktop,9,16.0,12.0,0.1111111111111111,0.0,1,Desktop Frecuente
640040708763897460,Display,desktop,4,16.0,13.5,0.0,0.0,1,Desktop Frecuente
640433429877929929,Referral,desktop,5,3.0,3.0,0.2,0.0,1,Desktop Frecuente
640698688315594544,Organic Search,desktop,1,30.0,26.0,0.0,1.0,2,Weekend Warriors
642830728760694475,Referral,desktop,8,21.0,14.5,0.0,0.0,1,Desktop Frecuente
643132668463442280,Organic Search,desktop,2,34.0,22.5,0.5,0.5,2,Weekend Warriors
643575983930852714,Referral,desktop,1,20.0,15.0,0.0,0.0,0,Desktop Engaged
643723713237461327,Referral,desktop,4,7.0,7.0,0.25,0.0,1,Desktop Frecuente
643786734868244401,Referral,desktop,7,14.0,12.0,0.0,0.1428571428571428,1,Desktop Frecuente
644061149609662421,Referral,desktop,2,10.5,8.5,0.0,0.0,1,Desktop Frecuente
644407009401848542,Direct,desktop,3,5.0,5.0,0.0,0.0,1,Desktop Frecuente
644443100947741701,Organic Search,desktop,1,52.0,43.0,0.0,1.0,2,Weekend Warriors
644832033333540742,Organic Search,desktop,3,18.0,14.0,0.0,0.0,0,Desktop Engaged
645131442954167518,Referral,desktop,3,28.0,18.0,0.3333333333333333,0.3333333333333333,0,Desktop Engaged
645993360426050019,Organic Search,mobile,4,4.5,4.0,0.0,0.0,3,Mobile Users
646210848993699313,Organic Search,desktop,1,13.0,13.0,0.0,0.0,0,Desktop Engaged
646337888671074736,Organic Search,mobile,1,33.0,30.0,0.0,0.0,3,Mobile Users
646691864025431846,Referral,desktop,1,90.0,70.0,0.0,0.0,0,Desktop Engaged
647053720847399351,Direct,desktop,1,34.0,26.0,0.0,0.0,0,Desktop Engaged
647109355709882719,Organic Search,desktop,1,18.0,16.0,0.0,0.0,0,Desktop Engaged
647701940544723891,Referral,desktop,5,6.0,6.0,0.2,0.4,1,Desktop Frecuente
647846008417877869,Referral,desktop,3,6.0,6.0,0.0,0.0,1,Desktop Frecuente
648493675026382201,Referral,desktop,2,21.0,16.0,0.0,0.0,0,Desktop Engaged
648777904915125343,Organic Search,desktop,2,41.5,30.5,0.5,0.0,0,Desktop Engaged
649093489751982679,Organic Search,mobile,1,61.0,48.0,0.0,0.0,3,Mobile Users
650056086385776129,Direct,desktop,3,8.0,6.0,0.3333333333333333,0.0,1,Desktop Frecuente
650592587910089346,Organic Search,desktop,2,12.5,10.5,0.0,0.0,0,Desktop Engaged
650915590272619388,Direct,desktop,3,11.0,11.0,0.0,0.0,1,Desktop Frecuente
651435875392157361,Referral,desktop,10,10.0,9.0,0.2,0.1,1,Desktop Frecuente
651862055672264578,Organic Search,mobile,1,37.0,33.0,0.0,1.0,3,Mobile Users
651960369207538151,Paid Search,desktop,1,24.0,21.0,0.0,0.0,0,Desktop Engaged
652202420147185334,Organic Search,desktop,2,32.0,22.0,0.0,0.0,0,Desktop Engaged
652634152265730494,Organic Search,tablet,3,8.0,7.0,0.0,0.0,3,Mobile Users
652686133169550028,Direct,desktop,2,16.0,16.0,0.0,0.0,0,Desktop Engaged
652777252868843895,Direct,desktop,2,36.5,27.5,0.0,0.0,0,Desktop Engaged
652992594863430909,Referral,desktop,4,7.0,6.0,0.0,0.25,1,Desktop Frecuente
653069947099114599,Referral,desktop,2,29.0,22.5,0.0,0.0,0,Desktop Engaged
654120928146679431,Referral,desktop,4,9.0,8.0,0.0,0.5,1,Desktop Frecuente
654122007935553683,Organic Search,desktop,7,23.0,18.0,0.1428571428571428,0.1428571428571428,1,Desktop Frecuente
654327480845915716,Organic Search,desktop,2,21.0,19.0,0.0,0.0,0,Desktop Engaged
654377071872368830,Referral,desktop,1,18.0,14.0,0.0,0.0,0,Desktop Engaged
654736404761929369,Referral,desktop,3,26.0,22.0,0.0,0.0,0,Desktop Engaged
655649189295800064,Direct,desktop,1,13.0,13.0,0.0,0.0,0,Desktop Engaged
656429934624637021,Referral,desktop,8,9.5,6.5,0.125,0.25,1,Desktop Frecuente
656638853052117115,Organic Search,desktop,3,10.0,5.0,0.0,0.3333333333333333,1,Desktop Frecuente
658019277799848735,Referral,desktop,2,20.0,15.0,0.0,0.3333333333333333,0,Desktop Engaged
658858637473021623,Referral,desktop,1,28.0,22.0,0.0,0.0,0,Desktop Engaged
659725542729208475,Referral,desktop,1,27.0,23.0,0.0,0.0,0,Desktop Engaged
659736568334808305,Organic Search,mobile,4,5.0,4.0,0.25,0.0,3,Mobile Users
660738563067658683,Paid Search,mobile,2,13.5,11.5,0.5,0.0,3,Mobile Users
661947368755840479,Organic Search,desktop,7,23.0,21.0,0.2857142857142857,0.0,1,Desktop Frecuente
662174499954069675,Referral,desktop,2,51.5,40.0,0.0,0.5,2,Weekend Warriors
662931673462260601,Direct,desktop,2,47.0,37.0,0.0,0.0,0,Desktop Engaged
663614479606200802,Referral,desktop,1,20.0,17.0,0.0,0.0,0,Desktop Engaged
664683919239436389,Organic Search,desktop,1,20.0,18.0,0.0,1.0,2,Weekend Warriors
664885127935747173,Organic Search,desktop,3,23.0,19.0,0.0,0.6666666666666666,2,Weekend Warriors
664955402835707900,Referral,desktop,1,31.0,18.0,0.0,0.0,0,Desktop Engaged
665001342407465406,Organic Search,desktop,1,21.0,21.0,0.0,1.0,2,Weekend Warriors
665007615083266355,Organic Search,desktop,1,10.0,8.0,0.0,0.0,0,Desktop Engaged
665197592745084056,Organic Search,desktop,1,11.0,9.5,0.0,0.0,0,Desktop Engaged
665690697485420563,Referral,desktop,1,48.0,35.0,0.0,0.0,0,Desktop Engaged
666077603822154553,Referral,desktop,5,2.0,2.0,0.4,0.0,1,Desktop Frecuente
666582393118140484,Referral,desktop,5,82.0,55.0,0.2,0.0,0,Desktop Engaged
667466244691499033,Referral,desktop,5,1.0,1.0,0.6,0.2,1,Desktop Frecuente
667721082352794491,Organic Search,desktop,4,11.0,9.0,0.0,0.0,1,Desktop Frecuente
668227072565326523,Paid Search,desktop,5,18.0,15.0,0.0,0.0,1,Desktop Frecuente
668412102235086407,Paid Search,tablet,2,29.0,23.5,0.0,0.5,3,Mobile Users
668741043882663600,Paid Search,desktop,3,2.0,2.0,0.3333333333333333,0.0,1,Desktop Frecuente
670221610640324008,Referral,desktop,1,28.0,24.0,0.0,0.0,0,Desktop Engaged
671204886678847894,Direct,desktop,1,23.0,18.0,0.0,0.0,0,Desktop Engaged
671417952592573132,Organic Search,desktop,2,55.0,42.0,0.0,0.0,0,Desktop Engaged
671711254304258949,Direct,desktop,1,16.0,13.0,0.0,0.0,0,Desktop Engaged
672079571220837015,Organic Search,desktop,2,16.0,12.0,0.0,0.0,0,Desktop Engaged
672623205835845653,Direct,desktop,3,7.0,7.0,0.0,0.3333333333333333,1,Desktop Frecuente
674034233311230161,Referral,desktop,2,19.0,14.0,0.0,0.0,0,Desktop Engaged
674198499072575604,Referral,desktop,4,12.5,9.5,0.0,0.5,1,Desktop Frecuente
676268909460399442,Referral,desktop,1,16.0,14.0,0.0,0.0,0,Desktop Engaged
676766064405033146,Organic Search,desktop,2,39.5,31.0,0.0,0.0,0,Desktop Engaged
676786607056065282,Referral,desktop,3,16.0,9.0,0.0,0.0,0,Desktop Engaged
678346199445584745,Organic Search,desktop,2,14.0,12.5,0.0,0.0,0,Desktop Engaged
679581364401887394,Organic Search,desktop,7,13.0,7.0,0.2857142857142857,0.0,1,Desktop Frecuente
679645045413988495,Referral,desktop,5,3.0,3.0,0.4,0.0,1,Desktop Frecuente
681345956743814792,Referral,desktop,4,6.0,4.5,0.0,0.0,1,Desktop Frecuente
682017787795795998,Referral,desktop,1,82.0,63.0,0.0,0.0,0,Desktop Engaged
682241557361742402,Organic Search,desktop,7,11.0,11.0,0.2857142857142857,0.0,1,Desktop Frecuente
682549734570999775,Referral,desktop,3,3.0,3.0,0.0,0.3333333333333333,1,Desktop Frecuente
682695636245631382,Organic Search,desktop,2,44.5,36.5,0.0,0.5,2,Weekend Warriors
683358409080092864,Referral,desktop,4,9.0,7.5,0.25,0.0,1,Desktop Frecuente
683463694449296647,Direct,mobile,2,26.0,22.5,0.0,0.5,3,Mobile Users
683732886676120900,Direct,desktop,1,37.0,28.0,0.0,0.0,0,Desktop Engaged
684586979835492905,Referral,desktop,13,2.0,2.0,0.4615384615384615,0.0,1,Desktop Frecuente
684933840850165946,Referral,desktop,1,45.0,34.0,0.0,0.0,0,Desktop Engaged
685256580090504239,Organic Search,desktop,1,21.0,19.0,0.0,0.0,0,Desktop Engaged
685890158319889343,Direct,desktop,1,31.0,25.0,0.0,0.0,0,Desktop Engaged
685977378128136688,Organic Search,desktop,1,60.0,49.0,0.0,1.0,2,Weekend Warriors
686296766200627569,Referral,desktop,4,26.5,21.0,0.0,0.0,0,Desktop Engaged
686323554174622772,Referral,desktop,1,23.0,19.0,0.0,0.0,0,Desktop Engaged
686766074904091675,Referral,desktop,11,4.0,4.0,0.0909090909090909,0.0,1,Desktop Frecuente
688220916941408964,Organic Search,desktop,1,29.0,23.0,0.0,1.0,2,Weekend Warriors
688332067410799097,Referral,desktop,2,14.5,12.5,0.0,0.0,0,Desktop Engaged
688527857109237010,Referral,desktop,3,13.0,11.0,0.0,0.0,1,Desktop Frecuente
689078233091142252,Direct,desktop,8,9.5,7.0,0.25,0.0,1,Desktop Frecuente
689221493301196449,Referral,desktop,3,7.0,5.0,0.0,0.0,1,Desktop Frecuente
689318192161645703,Referral,desktop,7,9.0,9.0,0.0,0.0,1,Desktop Frecuente
689752308200679975,Organic Search,desktop,1,20.0,17.0,0.0,0.0,0,Desktop Engaged
689759983033395274,Referral,desktop,3,14.0,11.0,0.3333333333333333,0.0,1,Desktop Frecuente
689975324856739942,Referral,desktop,9,2.0,2.0,0.3333333333333333,0.0,1,Desktop Frecuente
690857090174893408,Organic Search,desktop,1,82.0,58.0,0.0,1.0,2,Weekend Warriors
690857538975657049,Organic Search,desktop,2,15.0,14.0,0.0,0.0,0,Desktop Engaged
691430728660925202,Organic Search,desktop,1,73.0,51.0,0.0,1.0,2,Weekend Warriors
691720966691550944,Paid Search,desktop,5,9.0,7.0,0.4,0.2,1,Desktop Frecuente
691969555315832538,Referral,desktop,6,38.0,25.5,0.0,0.6666666666666666,2,Weekend Warriors
693079538830911094,Referral,desktop,8,9.5,7.0,0.0,0.0,1,Desktop Frecuente
693664182055359688,Direct,desktop,1,20.0,17.0,0.0,0.0,0,Desktop Engaged
696402585067597025,Direct,tablet,2,25.0,16.5,0.0,0.0,3,Mobile Users
698203322681818933,Direct,desktop,7,4.0,4.0,0.0,0.0,1,Desktop Frecuente
698297406423033664,Organic Search,desktop,2,13.0,10.0,0.0,0.0,0,Desktop Engaged
698616970895406010,Referral,desktop,1,15.0,13.0,0.0,0.0,0,Desktop Engaged
699221213149021065,Direct,desktop,3,8.0,8.0,0.0,0.0,1,Desktop Frecuente
700225401855286769,Referral,desktop,1,34.0,28.0,0.0,0.0,0,Desktop Engaged
700797453714688888,Paid Search,desktop,1,34.0,32.0,0.0,1.0,2,Weekend Warriors
701601838005591363,Referral,desktop,5,21.0,17.0,0.0,0.2,1,Desktop Frecuente
702289726935404752,Referral,desktop,2,34.5,23.0,0.0,0.0,0,Desktop Engaged
702564824793049879,Referral,desktop,1,19.0,13.0,0.0,0.0,0,Desktop Engaged
703271650319125139,Organic Search,desktop,8,8.0,8.0,0.0,0.125,1,Desktop Frecuente
703413205219786519,Direct,desktop,1,13.0,12.0,0.0,0.0,0,Desktop Engaged
703628343876693893,Direct,mobile,1,20.0,16.0,0.0,1.0,3,Mobile Users
703967290140600051,Referral,desktop,2,20.5,14.5,0.5,0.5,2,Weekend Warriors
703975525619015480,Referral,desktop,5,15.0,13.0,0.2,0.2,1,Desktop Frecuente
704373157724192220,Referral,tablet,1,18.0,17.0,0.0,0.0,3,Mobile Users
704957996393939802,Organic Search,mobile,1,11.0,11.0,0.0,0.0,3,Mobile Users
705052516935438684,Referral,desktop,3,6.0,6.0,0.3333333333333333,0.0,1,Desktop Frecuente
705304092514331716,Referral,desktop,2,30.5,23.0,0.5,0.5,2,Weekend Warriors
705638791185080238,Direct,desktop,1,24.0,20.0,0.0,1.0,2,Weekend Warriors
706268966537024256,Organic Search,desktop,6,7.0,7.0,0.0,0.3333333333333333,1,Desktop Frecuente
707174453609697560,Referral,desktop,1,32.0,28.0,0.0,1.0,2,Weekend Warriors
707424893758055863,Referral,desktop,1,38.0,32.0,0.0,1.0,2,Weekend Warriors
707924884126013523,Referral,desktop,9,19.0,17.0,0.0,0.2222222222222222,1,Desktop Frecuente
708033509620826351,Referral,desktop,2,19.0,14.0,0.0,0.0,0,Desktop Engaged
708898149037036750,Referral,desktop,3,5.0,5.0,0.0,0.3333333333333333,1,Desktop Frecuente
709049510464090446,Referral,desktop,4,14.0,11.0,0.0,0.0,1,Desktop Frecuente
709264891712119534,Referral,desktop,3,2.0,2.0,0.3333333333333333,0.3333333333333333,1,Desktop Frecuente
710632165228073636,Organic Search,desktop,11,6.0,5.0,0.0909090909090909,0.0,1,Desktop Frecuente
713731982901764318,Referral,desktop,16,6.5,5.0,0.25,0.0625,1,Desktop Frecuente
714601935287141843,Display,desktop,2,22.0,17.0,0.0,0.0,0,Desktop Engaged
714988621267627989,Referral,desktop,1,23.0,19.0,0.0,0.0,0,Desktop Engaged
716925587316437811,Organic Search,desktop,2,19.0,15.0,0.0,0.0,0,Desktop Engaged
717319288989549456,Direct,tablet,7,2.0,2.0,0.4285714285714285,0.5714285714285714,3,Mobile Users
717343852152056082,Referral,desktop,8,4.5,3.5,0.125,0.0,1,Desktop Frecuente
717933109761615736,Paid Search,desktop,2,36.5,33.0,0.0,0.0,0,Desktop Engaged
718076753301188235,Organic Search,desktop,1,38.0,30.0,0.0,1.0,2,Weekend Warriors
719626868021451011,Referral,desktop,1,12.0,10.0,0.0,0.0,0,Desktop Engaged
719763844495200108,Direct,desktop,3,8.0,5.0,0.0,0.0,1,Desktop Frecuente
720378073621403524,Organic Search,desktop,1,71.0,52.0,0.0,0.0,0,Desktop Engaged
720843898955413491,Referral,desktop,1,62.0,43.0,0.0,0.0,0,Desktop Engaged
722529201110417278,Organic Search,mobile,1,30.0,27.0,0.0,0.0,3,Mobile Users
723690431772344547,Referral,desktop,1,10.0,9.0,0.0,1.0,2,Weekend Warriors
725021958135646864,Organic Search,desktop,1,40.0,32.0,0.0,0.0,0,Desktop Engaged
725981616433523164,Direct,desktop,3,11.0,10.0,0.3333333333333333,0.0,1,Desktop Frecuente
728168523838298915,Organic Search,desktop,2,55.0,35.0,0.0,0.0,0,Desktop Engaged
728302696788663197,Organic Search,desktop,6,13.5,12.5,0.0,0.1666666666666666,1,Desktop Frecuente
728804413269267006,Organic Search,mobile,9,1.0,1.0,0.6666666666666666,0.8888888888888888,3,Mobile Users
729769598575814527,Affiliates,desktop,2,25.0,20.5,0.0,0.0,0,Desktop Engaged
730124493043113245,Referral,desktop,5,12.0,10.0,0.4,0.0,1,Desktop Frecuente
730458429523691231,Referral,desktop,4,10.5,7.5,0.0,0.0,1,Desktop Frecuente
730475210878766422,Organic Search,desktop,2,30.5,24.5,0.0,0.0,0,Desktop Engaged
731463778070039206,Referral,desktop,1,46.0,38.0,0.0,0.0,0,Desktop Engaged
731600632766258810,Referral,desktop,3,22.0,18.0,0.0,0.0,0,Desktop Engaged
733100744412065311,Organic Search,desktop,1,20.0,18.0,0.0,1.0,2,Weekend Warriors
733219058385493693,Direct,mobile,2,10.0,8.5,0.5,0.0,3,Mobile Users
733721752953203292,Organic Search,desktop,1,58.0,51.0,0.0,0.0,0,Desktop Engaged
733757037931594916,Referral,desktop,1,25.0,20.0,0.0,0.0,0,Desktop Engaged
733935141047180090,Organic Search,mobile,3,10.0,10.0,0.0,0.0,3,Mobile Users
734695769767612161,Referral,desktop,1,29.0,24.0,0.0,0.0,0,Desktop Engaged
735968675616410716,Direct,desktop,2,22.5,20.5,0.0,0.0,0,Desktop Engaged
737231467560931346,Organic Search,desktop,1,46.0,32.0,0.0,0.0,0,Desktop Engaged
738451259641127092,Direct,desktop,2,10.0,7.5,0.5,0.0,1,Desktop Frecuente
738493091551467122,Referral,desktop,1,26.0,22.0,0.0,0.0,0,Desktop Engaged
738603250513383829,Organic Search,mobile,4,12.0,11.0,0.0,0.0,3,Mobile Users
738742613780622904,Social,desktop,3,6.0,6.0,0.0,0.3333333333333333,1,Desktop Frecuente
738777585657711314,Display,desktop,5,10.0,8.0,0.0,0.0,1,Desktop Frecuente
740013212735960815,Display,desktop,5,7.0,5.0,0.4,0.0,1,Desktop Frecuente
740071062904614725,Referral,desktop,1,11.0,9.0,0.0,0.0,0,Desktop Engaged
740400499011848560,Referral,desktop,3,18.0,15.0,0.3333333333333333,0.0,1,Desktop Frecuente
741020852959030881,Referral,desktop,2,14.0,11.0,0.0,0.0,0,Desktop Engaged
741389474680057629,Organic Search,desktop,1,47.0,39.0,0.0,0.0,0,Desktop Engaged
742975179867188393,Direct,desktop,1,14.0,14.0,0.0,0.0,0,Desktop Engaged
743123551680199202,Social,desktop,5,21.0,16.0,0.2,0.0,1,Desktop Frecuente
743304229594707435,Organic Search,desktop,2,39.5,31.5,0.0,0.0,0,Desktop Engaged
743501820485430157,Display,desktop,1,62.0,47.0,0.0,0.0,0,Desktop Engaged
744194450160663160,Organic Search,desktop,2,10.0,7.5,0.0,0.0,0,Desktop Engaged
744210830143973631,Paid Search,desktop,3,7.0,7.0,0.0,0.0,1,Desktop Frecuente
744307603598668939,Referral,desktop,4,9.0,7.0,0.0,0.0,1,Desktop Frecuente
744363211817595686,Referral,desktop,2,26.0,20.0,0.0,0.0,0,Desktop Engaged
744375349082544405,Organic Search,desktop,1,38.0,29.0,0.0,0.0,0,Desktop Engaged
744898282188245890,Organic Search,desktop,1,22.0,18.0,0.0,0.0,0,Desktop Engaged
745585037435026151,Organic Search,desktop,2,38.0,29.5,0.0,0.0,0,Desktop Engaged
746147040518715564,Organic Search,desktop,5,20.0,14.0,0.0,1.0,2,Weekend Warriors
746975101244077459,Organic Search,desktop,1,28.0,23.0,0.0,0.0,0,Desktop Engaged
746996333765865062,Referral,desktop,2,39.5,31.0,0.0,0.0,0,Desktop Engaged
747495245317338179,Direct,desktop,3,3.0,3.0,0.0,0.0,1,Desktop Frecuente
747690048733385763,Direct,desktop,3,33.0,24.0,0.0,0.0,0,Desktop Engaged
747719955276069654,Referral,desktop,1,13.0,10.0,0.0,0.0,0,Desktop Engaged
748349806318995156,Referral,desktop,2,20.0,17.5,0.0,0.0,0,Desktop Engaged
748754221677866973,Referral,desktop,1,37.0,31.0,0.0,0.0,0,Desktop Engaged
749194348427169585,Social,desktop,1,59.0,44.0,0.0,0.0,0,Desktop Engaged
749967699578346374,Organic Search,desktop,2,34.5,25.0,0.0,0.0,0,Desktop Engaged
750035303636009615,Direct,desktop,1,13.0,13.0,0.0,0.0,0,Desktop Engaged
750546000132360677,Organic Search,desktop,1,44.0,36.0,0.0,1.0,2,Weekend Warriors
750845334721949296,Referral,desktop,1,10.0,10.0,0.0,0.0,0,Desktop Engaged
751672591869658635,Organic Search,desktop,2,12.0,10.0,0.0,0.0,0,Desktop Engaged
752028722462077344,Referral,desktop,7,9.0,9.0,0.0,0.0,1,Desktop Frecuente
752227123296140158,Organic Search,desktop,1,49.0,44.0,0.0,0.0,0,Desktop Engaged
753068173118806777,Referral,desktop,4,13.0,12.0,0.0,0.0,1,Desktop Frecuente
753451278230201437,Direct,desktop,1,14.0,13.0,0.0,0.0,0,Desktop Engaged
754193085382700442,Organic Search,desktop,2,15.0,13.0,0.0,0.5,2,Weekend Warriors
754276461062540121,Organic Search,desktop,2,8.0,8.0,0.0,0.0,1,Desktop Frecuente
755655563816873558,Referral,desktop,4,30.5,22.5,0.0,0.0,0,Desktop Engaged
756687281868981844,Organic Search,desktop,4,17.5,13.5,0.0,0.0,1,Desktop Frecuente
757950347466502177,Direct,mobile,2,14.0,14.0,0.0,0.0,3,Mobile Users
758186940251087967,Direct,desktop,4,4.5,4.5,0.25,0.25,1,Desktop Frecuente
758577373703531857,Referral,desktop,10,4.0,4.0,0.1,0.0,1,Desktop Frecuente
758865850483706593,Referral,desktop,1,35.0,27.0,0.0,0.0,0,Desktop Engaged
759713225034747479,Paid Search,mobile,6,5.0,4.0,0.0,0.3333333333333333,3,Mobile Users
759913108523269841,Referral,desktop,21,6.0,6.0,0.0476190476190476,0.0952380952380952,1,Desktop Frecuente
760185147017673561,Referral,desktop,2,20.5,16.5,0.0,1.0,2,Weekend Warriors
761363147503026339,Display,desktop,11,3.0,3.0,0.0909090909090909,0.3636363636363636,1,Desktop Frecuente
763707560320645222,Referral,desktop,2,12.5,10.0,0.5,0.0,1,Desktop Frecuente
764130080355318963,Organic Search,mobile,1,24.0,23.0,0.0,1.0,3,Mobile Users
764274607292877218,Referral,desktop,2,18.0,15.0,0.0,1.0,2,Weekend Warriors
764484494612548101,Direct,desktop,2,13.0,13.0,0.0,0.5,2,Weekend Warriors
765320243480910164,Referral,desktop,5,13.0,11.0,0.2,0.0,1,Desktop Frecuente
765966183501214400,Referral,desktop,4,9.0,6.0,0.0,0.0,1,Desktop Frecuente
766779490317492129,Referral,desktop,4,12.0,11.0,0.25,0.0,1,Desktop Frecuente
766927729457298247,Referral,desktop,1,71.0,53.0,0.0,0.0,0,Desktop Engaged
766993275138882460,Direct,desktop,3,11.0,10.0,0.3333333333333333,0.3333333333333333,1,Desktop Frecuente
767090408793298602,Referral,desktop,4,7.5,6.0,0.0,0.0,1,Desktop Frecuente
767948001817807198,Organic Search,desktop,1,30.0,23.0,0.0,0.0,0,Desktop Engaged
768998327849146700,Referral,desktop,6,6.5,6.5,0.0,0.1666666666666666,1,Desktop Frecuente
769814198037419822,Referral,desktop,1,18.0,16.0,0.0,0.0,0,Desktop Engaged
769891055069398469,Referral,desktop,2,60.5,41.5,0.0,0.5,2,Weekend Warriors
770343271394368802,Referral,desktop,4,11.5,10.5,0.0,0.25,1,Desktop Frecuente
770431600902969839,Referral,desktop,10,7.0,7.0,0.2,0.0,1,Desktop Frecuente
770591642514840189,Organic Search,desktop,6,8.0,7.5,0.1666666666666666,0.3333333333333333,1,Desktop Frecuente
770704534881133670,Referral,desktop,2,24.5,14.0,0.0,0.0,0,Desktop Engaged
770772395389359565,Referral,desktop,2,14.5,11.5,0.0,0.0,0,Desktop Engaged
770809688008689824,Referral,desktop,1,57.0,45.0,0.0,1.0,2,Weekend Warriors
771218336324354803,Referral,desktop,9,15.0,13.0,0.0,0.0,1,Desktop Frecuente
772031545895684188,Referral,desktop,3,25.0,20.0,0.3333333333333333,0.3333333333333333,1,Desktop Frecuente
773667646845315582,Paid Search,desktop,1,44.0,36.0,0.0,0.0,0,Desktop Engaged
773808986747306437,Organic Search,desktop,12,4.0,4.0,0.0833333333333333,0.4166666666666667,1,Desktop Frecuente
774160510580966551,Organic Search,desktop,1,54.0,41.0,0.0,0.0,0,Desktop Engaged
774513448429124063,Direct,mobile,2,30.0,20.0,0.0,0.0,3,Mobile Users
774526615383455547,Referral,desktop,2,24.0,20.0,0.0,0.5,2,Weekend Warriors
774541134631990830,Referral,desktop,1,20.0,18.0,0.0,0.0,0,Desktop Engaged
774683549194942679,Organic Search,desktop,2,10.5,9.5,0.0,0.0,0,Desktop Engaged
776257183737046172,Organic Search,desktop,1,15.0,15.0,0.0,0.0,0,Desktop Engaged
776713032866720922,Referral,desktop,3,5.0,5.0,0.3333333333333333,0.6666666666666666,1,Desktop Frecuente
776884857977483664,Referral,desktop,5,8.0,7.0,0.2,0.2,1,Desktop Frecuente
777345811290642740,Organic Search,desktop,1,25.0,22.0,0.0,0.0,0,Desktop Engaged
777578217567505121,Direct,mobile,4,3.5,3.5,0.0,0.0,3,Mobile Users
777922178356486144,Referral,desktop,10,30.5,26.5,0.0,0.2,1,Desktop Frecuente
779199793341944056,Referral,desktop,4,15.0,14.0,0.25,0.0,1,Desktop Frecuente
779742490071283583,Organic Search,desktop,1,11.0,11.0,0.0,0.0,0,Desktop Engaged
779994217986978664,Organic Search,desktop,5,4.0,4.0,0.0,0.0,1,Desktop Frecuente
780206376162514125,Referral,desktop,5,3.0,2.0,0.2,0.0,1,Desktop Frecuente
780253600713375371,Direct,desktop,11,6.0,6.0,0.2727272727272727,0.1818181818181818,1,Desktop Frecuente
780755997851042697,Organic Search,desktop,3,3.0,3.0,0.3333333333333333,0.0,1,Desktop Frecuente
781232080470154469,Referral,desktop,1,27.0,26.0,0.0,0.0,0,Desktop Engaged
782614754453902695,Organic Search,desktop,1,15.0,15.0,0.0,0.0,0,Desktop Engaged
783281135159334087,Direct,desktop,3,21.0,20.0,0.0,0.3333333333333333,0,Desktop Engaged
783433940623046043,Organic Search,desktop,2,47.5,35.0,0.5,0.0,0,Desktop Engaged
783696981860862300,Referral,desktop,4,16.0,13.5,0.0,0.0,1,Desktop Frecuente
783843790747551730,Direct,desktop,1,13.0,12.0,0.0,0.0,0,Desktop Engaged
784029865132552069,Direct,desktop,4,3.5,3.5,0.0,0.0,1,Desktop Frecuente
784499115644338284,Referral,desktop,3,13.0,12.0,0.0,0.0,1,Desktop Frecuente
784525939227851603,Direct,desktop,2,47.0,34.5,0.0,0.0,0,Desktop Engaged
788289060362109435,Referral,desktop,9,2.0,2.0,0.4444444444444444,0.0,1,Desktop Frecuente
789734153195495972,Paid Search,desktop,1,38.0,30.0,0.0,1.0,2,Weekend Warriors
789749143659143555,Referral,desktop,1,64.0,43.0,0.0,1.0,2,Weekend Warriors
789905443393425189,Referral,desktop,3,6.0,6.0,0.3333333333333333,0.0,1,Desktop Frecuente
789927106089725270,Referral,desktop,4,7.5,6.0,0.25,0.0,1,Desktop Frecuente
790076231044119145,Direct,mobile,4,22.5,16.5,0.0,0.0,3,Mobile Users
791462951878788065,Referral,desktop,6,6.0,6.0,0.1666666666666666,0.0,1,Desktop Frecuente
791557118372072276,Organic Search,desktop,1,17.0,17.0,0.0,0.0,0,Desktop Engaged
791764880277338045,Referral,desktop,4,12.5,11.0,0.25,0.5,1,Desktop Frecuente
791864965885404875,Referral,desktop,1,24.0,24.0,0.0,0.0,0,Desktop Engaged
793177103535535517,Referral,desktop,1,145.0,91.0,0.0,0.0,0,Desktop Engaged
793185968741743873,Organic Search,desktop,3,13.0,11.0,0.0,0.0,1,Desktop Frecuente
794644147217997845,Display,desktop,1,19.0,19.0,0.0,0.0,0,Desktop Engaged
795389678082168807,Organic Search,desktop,5,6.0,6.0,0.0,0.0,1,Desktop Frecuente
796318880123219460,Organic Search,tablet,1,19.0,17.0,0.0,0.0,3,Mobile Users
797965936233269883,Referral,desktop,2,23.5,19.0,0.5,1.0,2,Weekend Warriors
798087643954247685,Organic Search,desktop,7,11.0,9.0,0.0,0.1428571428571428,1,Desktop Frecuente
798497354396276590,Direct,desktop,2,10.0,8.5,0.0,1.0,2,Weekend Warriors
801358685892885658,Referral,desktop,2,23.5,18.0,0.0,0.0,0,Desktop Engaged
802037866085868199,Paid Search,mobile,1,22.0,22.0,0.0,1.0,3,Mobile Users
802213573857061957,Organic Search,desktop,1,22.0,20.0,0.0,0.0,0,Desktop Engaged
803888563485194008,Referral,desktop,7,14.0,10.0,0.0,0.2857142857142857,1,Desktop Frecuente
804081184484847805,Referral,desktop,2,16.5,15.0,0.5,0.5,1,Desktop Frecuente
804233828585175724,Referral,desktop,1,47.0,36.0,0.0,0.0,0,Desktop Engaged
804510972627821648,Direct,desktop,1,15.0,14.0,0.0,0.0,0,Desktop Engaged
806020265191525997,Organic Search,desktop,1,159.0,112.0,0.0,1.0,2,Weekend Warriors
806304580282256912,Referral,desktop,5,5.0,5.0,0.0,0.0,1,Desktop Frecuente
806705536235074744,Organic Search,desktop,4,5.5,5.5,0.25,0.25,1,Desktop Frecuente
806992249032686650,Referral,desktop,8,30.0,23.5,0.0,0.0,1,Desktop Frecuente
808188573031707969,Organic Search,desktop,1,39.0,34.0,0.0,0.0,0,Desktop Engaged
809414136326091253,Referral,desktop,5,32.0,23.0,0.2,0.0,1,Desktop Frecuente
809877468690350103,Referral,desktop,1,24.0,19.0,0.0,0.0,0,Desktop Engaged
810563443947477001,Referral,desktop,7,2.0,2.0,0.2857142857142857,0.1428571428571428,1,Desktop Frecuente
811142338209922640,Referral,desktop,3,96.0,39.0,0.3333333333333333,0.0,0,Desktop Engaged
812697329895229962,Referral,mobile,6,16.5,15.5,0.0,0.0,3,Mobile Users
813207140579582070,Organic Search,desktop,1,48.0,40.0,0.0,0.0,0,Desktop Engaged
813435824692883942,Organic Search,desktop,2,17.0,14.0,0.0,0.0,0,Desktop Engaged
813572144884353388,Direct,desktop,5,5.0,5.0,0.0,0.6,1,Desktop Frecuente
813852585934816010,Organic Search,desktop,1,26.0,23.0,0.0,1.0,2,Weekend Warriors
813947615217983131,Referral,desktop,1,29.0,23.0,0.0,0.0,0,Desktop Engaged
814522658607682614,Organic Search,mobile,1,15.0,13.0,0.0,1.0,3,Mobile Users
815047945706399620,Referral,desktop,7,13.0,8.0,0.1428571428571428,0.0,1,Desktop Frecuente
815303383277659803,Organic Search,desktop,7,5.0,5.0,0.0,0.0,1,Desktop Frecuente
816022306811658302,Organic Search,desktop,2,37.5,25.5,0.0,0.5,2,Weekend Warriors
816701130373045728,Referral,desktop,4,8.0,5.5,0.0,0.0,1,Desktop Frecuente
817007348095653854,Referral,desktop,3,6.0,6.0,0.0,0.0,1,Desktop Frecuente
817680240606134380,Referral,desktop,2,13.0,12.0,0.0,0.0,0,Desktop Engaged
817889198360028730,Direct,desktop,4,27.0,22.5,0.0,0.0,0,Desktop Engaged
818059420778807531,Organic Search,mobile,5,5.0,5.0,0.4,0.2,3,Mobile Users
818822947383662706,Referral,desktop,4,22.5,16.0,0.0,0.0,0,Desktop Engaged
818860449344258953,Referral,desktop,2,12.5,11.5,0.0,0.0,0,Desktop Engaged
819296301112227931,Organic Search,desktop,3,8.0,7.0,0.0,0.0,1,Desktop Frecuente
819367840635364021,Organic Search,desktop,1,18.0,16.0,0.0,0.0,0,Desktop Engaged
819875025512378535,Referral,desktop,2,44.0,35.5,0.0,0.0,0,Desktop Engaged
820013973529308725,Direct,desktop,2,11.5,10.0,0.0,0.0,0,Desktop Engaged
820213601079766570,Referral,desktop,1,46.0,33.0,0.0,0.0,0,Desktop Engaged
820434232211333013,Referral,desktop,1,62.0,54.0,0.0,0.0,0,Desktop Engaged
820975458829073449,Direct,desktop,2,37.0,28.5,0.0,0.0,0,Desktop Engaged
820978244925580785,Organic Search,desktop,1,23.0,21.0,0.0,0.0,0,Desktop Engaged
820978656614964451,Referral,desktop,2,21.0,16.5,0.0,0.0,0,Desktop Engaged
821759666736787866,Referral,desktop,6,2.5,2.5,0.0,0.3333333333333333,1,Desktop Frecuente
822032309662108684,Organic Search,desktop,1,48.0,36.0,0.0,0.0,0,Desktop Engaged
822220356335302003,Direct,desktop,1,61.0,46.0,0.0,0.0,0,Desktop Engaged
822495892296986655,Direct,desktop,3,14.0,14.0,0.0,0.6666666666666666,2,Weekend Warriors
822991725683805208,Direct,desktop,3,13.0,9.0,0.0,0.0,1,Desktop Frecuente
823688768165405685,Referral,desktop,1,32.0,23.0,0.0,0.0,0,Desktop Engaged
824134401948110048,Paid Search,desktop,1,24.0,20.0,0.0,0.0,0,Desktop Engaged
824409685962808817,Organic Search,desktop,9,6.0,4.0,0.1111111111111111,0.0,1,Desktop Frecuente
824955529524013757,Referral,desktop,3,13.0,10.0,0.0,0.0,1,Desktop Frecuente
826207709739498709,Organic Search,desktop,1,28.0,26.0,0.0,1.0,2,Weekend Warriors
826319151487962324,Referral,desktop,3,14.0,12.0,0.3333333333333333,0.0,1,Desktop Frecuente
827721047010562264,Referral,desktop,2,20.5,15.5,0.0,0.0,0,Desktop Engaged
827758820563592695,Organic Search,desktop,5,18.0,14.0,0.2,0.0,1,Desktop Frecuente
828346965337249044,Organic Search,tablet,1,8.0,8.0,0.0,1.0,3,Mobile Users
828804481099377799,Referral,desktop,3,4.0,4.0,0.0,0.0,1,Desktop Frecuente
829309562527965711,Organic Search,desktop,1,24.0,19.0,0.0,0.0,0,Desktop Engaged
829523931932991940,Direct,desktop,4,10.5,9.5,0.25,0.25,1,Desktop Frecuente
830215024600450137,Paid Search,mobile,2,13.0,12.0,0.0,1.0,3,Mobile Users
831129647030620567,Referral,desktop,8,14.5,12.0,0.125,0.25,1,Desktop Frecuente
831511922986457407,Direct,desktop,1,37.0,31.0,0.0,0.0,0,Desktop Engaged
832152661091318994,Referral,desktop,2,29.5,23.0,0.0,0.0,0,Desktop Engaged
833073323421806487,Referral,desktop,2,20.5,16.5,0.0,0.0,0,Desktop Engaged
833578923660418003,Paid Search,desktop,1,29.0,23.0,0.0,0.0,0,Desktop Engaged
833802672962058376,Organic Search,desktop,7,5.0,5.0,0.0,0.2857142857142857,1,Desktop Frecuente
834453370110165389,Paid Search,desktop,4,6.0,6.0,0.0,0.5,1,Desktop Frecuente
835258838123409003,Referral,desktop,3,6.0,6.0,0.0,0.0,1,Desktop Frecuente
835945267501881844,Direct,desktop,2,17.0,15.5,0.0,1.0,2,Weekend Warriors
835962005317531436,Organic Search,desktop,2,22.5,18.5,0.0,0.5,2,Weekend Warriors
839022439615677682,Referral,desktop,2,17.0,13.5,0.0,0.0,0,Desktop Engaged
839560865423027275,Referral,desktop,1,41.0,30.0,0.0,0.0,0,Desktop Engaged
840085197489168186,Referral,desktop,5,3.0,3.0,0.2,0.2,1,Desktop Frecuente
840090579696794382,Organic Search,desktop,7,1.0,1.0,0.5714285714285714,0.4285714285714285,1,Desktop Frecuente
840275515214055415,Referral,desktop,2,17.0,14.5,0.0,0.0,0,Desktop Engaged
840538559297309012,Direct,mobile,3,1.0,1.0,0.6666666666666666,0.0,3,Mobile Users
840608732692239910,Referral,desktop,3,32.0,24.0,0.0,0.0,0,Desktop Engaged
841422432401292507,Organic Search,mobile,1,28.0,20.0,0.0,0.0,3,Mobile Users
842088345978971117,Referral,desktop,1,56.0,37.0,0.0,0.0,0,Desktop Engaged
842497272190394672,Referral,desktop,3,2.0,2.0,0.3333333333333333,0.6666666666666666,1,Desktop Frecuente
843143557737586340,Referral,desktop,1,39.0,28.0,0.0,0.0,0,Desktop Engaged
843277149527855905,Referral,desktop,6,14.0,9.5,0.1666666666666666,0.0,1,Desktop Frecuente
843788975236519934,Direct,desktop,1,23.0,20.0,0.0,0.0,0,Desktop Engaged
844230928212889556,Direct,desktop,3,33.0,19.0,0.0,0.0,0,Desktop Engaged
844451650874526343,Referral,desktop,4,3.0,3.0,0.25,0.75,1,Desktop Frecuente
845988907408723108,Organic Search,desktop,2,10.0,9.0,0.5,0.5,1,Desktop Frecuente
846387958509548329,Referral,desktop,2,47.0,30.5,0.0,0.0,0,Desktop Engaged
846909178011312417,Direct,desktop,2,19.0,17.0,0.0,0.0,0,Desktop Engaged
847691446006208389,Direct,desktop,2,9.5,7.0,0.5,0.0,1,Desktop Frecuente
848056005472327761,Referral,desktop,12,6.0,6.0,0.25,0.0,1,Desktop Frecuente
848187910927716390,Referral,desktop,3,17.0,15.0,0.3333333333333333,0.0,1,Desktop Frecuente
848832409381195628,Referral,desktop,1,32.0,24.0,0.0,0.0,0,Desktop Engaged
848918463822839205,Organic Search,desktop,2,4.0,4.0,0.0,0.0,1,Desktop Frecuente
848982617971056765,Organic Search,mobile,3,18.0,17.0,0.0,0.0,3,Mobile Users
850330815735906734,Referral,desktop,2,14.5,11.5,0.0,0.0,0,Desktop Engaged
850560433361022079,Referral,desktop,3,6.0,4.0,0.3333333333333333,0.0,1,Desktop Frecuente
850923639048818616,Referral,desktop,4,7.0,6.0,0.5,0.0,1,Desktop Frecuente
851059545573229045,Organic Search,desktop,4,3.0,3.0,0.25,0.0,1,Desktop Frecuente
851810354222358259,Referral,desktop,1,35.0,28.0,0.0,0.0,0,Desktop Engaged
852340024895888997,Organic Search,desktop,2,21.0,17.0,0.0,0.0,0,Desktop Engaged
853098633014712543,Organic Search,desktop,13,6.0,4.0,0.0,0.1538461538461538,1,Desktop Frecuente
853418856285301886,Referral,desktop,1,40.0,30.0,0.0,1.0,2,Weekend Warriors
853682097133967435,Referral,desktop,2,27.5,19.5,0.5,0.0,0,Desktop Engaged
853846740627743695,Organic Search,desktop,1,16.0,15.0,0.0,0.0,0,Desktop Engaged
854188600885318735,Organic Search,desktop,2,28.0,20.5,0.0,0.0,0,Desktop Engaged
854434256389492978,Organic Search,desktop,1,34.0,29.0,0.0,0.0,0,Desktop Engaged
854480075976735047,Referral,desktop,4,24.5,17.5,0.0,0.0,0,Desktop Engaged
855579681303585688,Referral,desktop,2,24.5,20.5,0.0,1.0,2,Weekend Warriors
856273082667959194,Referral,desktop,12,10.5,7.0,0.0833333333333333,0.0,1,Desktop Frecuente
856463513443144738,Referral,desktop,26,2.0,2.0,0.3846153846153846,0.0,1,Desktop Frecuente
856763467753191376,Organic Search,desktop,1,11.0,11.0,0.0,0.0,0,Desktop Engaged
857789851975853502,Referral,desktop,8,3.5,3.5,0.0,0.5,1,Desktop Frecuente
858059046468321718,Direct,desktop,4,7.5,7.0,0.0,0.25,1,Desktop Frecuente
858529807992469732,Organic Search,desktop,7,11.0,11.0,0.1428571428571428,0.0,1,Desktop Frecuente
858907398877026247,Organic Search,desktop,3,22.0,16.0,0.0,0.0,0,Desktop Engaged
859132966118667641,Referral,desktop,2,16.5,12.5,0.0,0.0,0,Desktop Engaged
859169837119660000,Organic Search,mobile,1,17.0,15.5,0.0,0.0,3,Mobile Users
859273880459089429,Direct,desktop,1,13.0,13.0,0.0,1.0,2,Weekend Warriors
859568085427811091,Organic Search,desktop,1,12.0,10.0,0.0,0.0,0,Desktop Engaged
859841055771352512,Referral,desktop,1,32.0,27.0,0.0,0.0,0,Desktop Engaged
860217045625645173,Direct,desktop,1,100.0,65.0,0.0,0.0,0,Desktop Engaged
860221827214296811,Referral,desktop,2,7.0,6.5,0.0,0.0,1,Desktop Frecuente
860415108038967350,Referral,desktop,7,26.0,18.0,0.0,0.1428571428571428,1,Desktop Frecuente
860548659372971981,Referral,desktop,2,30.0,25.5,0.0,0.5,2,Weekend Warriors
861020260643792259,Organic Search,mobile,4,30.0,19.5,0.25,0.0,3,Mobile Users
861119374856945605,Organic Search,desktop,2,16.5,12.5,0.0,0.0,0,Desktop Engaged
861638712901120319,Referral,desktop,1,17.0,15.0,0.0,0.0,0,Desktop Engaged
862593861789084986,Referral,desktop,1,31.0,21.0,0.0,0.0,0,Desktop Engaged
862629398621481731,Referral,desktop,1,30.0,24.0,0.0,0.0,0,Desktop Engaged
862891200036094346,Organic Search,mobile,1,24.0,21.0,0.0,1.0,3,Mobile Users
863564667130884283,Organic Search,desktop,2,15.5,13.5,0.0,0.0,0,Desktop Engaged
866401086890399054,Referral,desktop,3,9.0,9.0,0.0,0.0,1,Desktop Frecuente
866685156179538803,Direct,desktop,4,3.0,3.0,0.25,0.5,1,Desktop Frecuente
866876673966650759,Direct,desktop,3,76.0,50.0,0.0,0.0,0,Desktop Engaged
867222691898422653,Referral,desktop,7,9.0,9.0,0.1428571428571428,0.0,1,Desktop Frecuente
867893765969479440,Direct,desktop,1,26.0,22.0,0.0,0.0,0,Desktop Engaged
868383912397841864,Organic Search,desktop,1,27.0,25.0,0.0,0.0,0,Desktop Engaged
869298894715045644,Organic Search,desktop,3,11.0,9.0,0.0,0.0,1,Desktop Frecuente
869668043543534560,Organic Search,desktop,2,15.0,15.0,0.0,0.0,0,Desktop Engaged
869725361322469597,Referral,desktop,5,6.0,5.0,0.4,0.0,1,Desktop Frecuente
869973880883570633,Organic Search,desktop,1,20.0,18.0,0.0,0.0,0,Desktop Engaged
870106544594907327,Referral,desktop,6,19.0,13.5,0.0,0.0,1,Desktop Frecuente
871388660341234241,Organic Search,mobile,7,4.0,4.0,0.2857142857142857,0.0,3,Mobile Users
871477912823058718,Referral,desktop,8,2.5,2.5,0.375,0.0,1,Desktop Frecuente
871496658333014729,Organic Search,desktop,4,7.5,5.5,0.25,0.0,1,Desktop Frecuente
872868652972070012,Referral,desktop,1,15.0,15.0,0.0,0.0,0,Desktop Engaged
873320659256976904,Paid Search,mobile,4,14.0,12.0,0.5,0.25,3,Mobile Users
873520573729672168,Referral,desktop,5,20.0,20.0,0.0,0.0,1,Desktop Frecuente
874039896692941691,Referral,desktop,2,15.5,12.0,0.0,1.0,2,Weekend Warriors
874430449698424125,Direct,desktop,1,56.0,43.0,0.0,1.0,2,Weekend Warriors
875410720669459903,Referral,desktop,1,56.0,40.0,0.0,0.0,0,Desktop Engaged
875793319247047495,Referral,desktop,2,17.5,15.5,0.0,0.5,2,Weekend Warriors
876622834480671437,Referral,desktop,3,26.0,23.0,0.0,0.3333333333333333,0,Desktop Engaged
876940283010756174,Referral,desktop,13,4.0,3.0,0.0769230769230769,0.1538461538461538,1,Desktop Frecuente
877309838741280237,Referral,desktop,4,7.0,7.0,0.0,0.0,1,Desktop Frecuente
877618717582266931,Referral,desktop,7,3.0,3.0,0.1428571428571428,0.2857142857142857,1,Desktop Frecuente
878092537405225336,Organic Search,desktop,1,34.0,22.0,0.0,0.0,0,Desktop Engaged
878293552935562825,Referral,desktop,3,6.0,6.0,0.0,0.3333333333333333,1,Desktop Frecuente
878830506571265028,Referral,desktop,6,14.0,9.5,0.0,0.0,1,Desktop Frecuente
879808925375777623,Referral,desktop,1,36.0,25.0,0.0,1.0,2,Weekend Warriors
880816614925318447,Organic Search,desktop,1,51.0,43.0,0.0,1.0,2,Weekend Warriors
881166026873081385,Referral,desktop,6,7.0,5.0,0.0,0.0,1,Desktop Frecuente
881711197149312621,Organic Search,desktop,2,23.5,18.5,0.0,1.0,2,Weekend Warriors
881924298992191221,Direct,desktop,6,5.0,5.0,0.0,0.3333333333333333,1,Desktop Frecuente
883217425810297944,Organic Search,desktop,3,12.0,12.0,0.0,0.0,1,Desktop Frecuente
883480197021534726,Direct,desktop,3,6.0,5.0,0.3333333333333333,0.0,1,Desktop Frecuente
883559197202999847,Referral,desktop,2,29.0,23.5,0.0,0.0,0,Desktop Engaged
884423587474972780,Referral,desktop,2,78.0,51.0,0.0,0.5,2,Weekend Warriors
884726487864103521,Referral,desktop,1,34.0,26.0,0.0,1.0,2,Weekend Warriors
884821390104728104,Organic Search,desktop,3,43.0,33.0,0.0,0.0,0,Desktop Engaged
885253500146739791,Referral,desktop,1,27.0,22.0,0.0,0.0,0,Desktop Engaged
885381131657662614,Organic Search,desktop,2,31.0,23.0,0.0,0.0,0,Desktop Engaged
885529477331997173,Referral,desktop,2,13.0,10.0,0.0,0.0,0,Desktop Engaged
886075905083751330,Referral,desktop,3,11.0,9.0,0.0,0.0,1,Desktop Frecuente
886237172305079846,Direct,desktop,1,10.0,10.0,0.0,1.0,2,Weekend Warriors
886303544270908488,Referral,desktop,1,71.0,58.0,0.0,0.0,0,Desktop Engaged
886432693783342785,Direct,desktop,1,14.0,13.0,0.0,0.0,0,Desktop Engaged
887453642354701418,Organic Search,mobile,1,34.0,28.0,0.0,1.0,3,Mobile Users
888829318637574099,Direct,desktop,1,25.0,22.0,0.0,0.0,0,Desktop Engaged
889422988902631033,Referral,desktop,1,14.0,14.0,0.0,0.0,0,Desktop Engaged
889484015663276580,Organic Search,desktop,2,44.5,30.0,0.0,1.0,2,Weekend Warriors
889975005002719963,Paid Search,desktop,1,26.0,26.0,0.0,0.0,0,Desktop Engaged
891256389600004515,Referral,desktop,14,2.0,2.0,0.4285714285714285,0.1428571428571428,1,Desktop Frecuente
891411926643045441,Referral,desktop,2,29.5,18.5,0.0,0.0,0,Desktop Engaged
891856926182569230,Organic Search,desktop,5,5.0,5.0,0.2,0.4,1,Desktop Frecuente
892253650152462516,Organic Search,desktop,1,12.0,11.0,0.0,0.0,0,Desktop Engaged
893172555107967427,Referral,desktop,5,8.0,5.0,0.2,0.2,1,Desktop Frecuente
893919105830368772,Referral,desktop,6,7.0,7.0,0.0,0.0,1,Desktop Frecuente
894441452857839509,Referral,desktop,18,6.5,6.0,0.2777777777777778,0.0555555555555555,1,Desktop Frecuente
894710004861262965,Direct,desktop,3,17.0,15.0,0.0,0.0,0,Desktop Engaged
895520819465154077,Referral,desktop,2,20.0,17.0,0.0,0.0,0,Desktop Engaged
895662371717946210,Organic Search,desktop,2,18.5,16.5,0.0,0.0,0,Desktop Engaged
896209330500207582,Organic Search,mobile,2,29.5,20.0,0.0,0.5,3,Mobile Users
896420018503205883,Referral,desktop,2,11.5,11.0,0.0,1.0,2,Weekend Warriors
896930630452283097,Referral,desktop,2,30.5,27.0,0.0,1.0,2,Weekend Warriors
897189708290538264,Organic Search,desktop,2,26.5,19.5,0.0,0.0,0,Desktop Engaged
897566953286247040,Referral,desktop,1,23.0,20.0,0.0,0.0,0,Desktop Engaged
897654125845152658,Direct,desktop,2,15.5,13.5,0.0,0.0,0,Desktop Engaged
898161291686965750,Referral,desktop,2,23.5,17.0,0.0,0.0,0,Desktop Engaged
898438411847166329,Referral,desktop,7,9.0,9.0,0.0,0.0,1,Desktop Frecuente
898833886828084827,Referral,desktop,8,4.5,4.5,0.375,0.0,1,Desktop Frecuente
900191466663254191,Referral,desktop,2,51.5,37.0,0.0,0.0,0,Desktop Engaged
900425121344019826,Organic Search,desktop,2,42.5,31.0,0.0,1.0,2,Weekend Warriors
902501703660198350,Direct,desktop,2,26.0,19.0,0.0,0.0,0,Desktop Engaged
902509741321071642,Direct,desktop,6,14.0,11.0,0.0,0.0,1,Desktop Frecuente
902909418531010642,Direct,desktop,1,81.0,71.0,0.0,0.0,0,Desktop Engaged
903092138107493329,Organic Search,desktop,3,12.0,10.0,0.3333333333333333,0.0,1,Desktop Frecuente
903345240789563636,Direct,desktop,1,15.0,13.0,0.0,0.0,0,Desktop Engaged
903821245365156924,Direct,mobile,3,3.0,3.0,0.3333333333333333,0.6666666666666666,3,Mobile Users
903826386266908789,Direct,mobile,1,10.0,9.0,0.0,0.0,3,Mobile Users
904113296448524053,Referral,desktop,3,5.0,5.0,0.3333333333333333,0.0,1,Desktop Frecuente
904822552053046827,Referral,desktop,1,72.0,53.0,0.0,0.0,0,Desktop Engaged
906130361364979592,Referral,desktop,6,5.5,4.5,0.1666666666666666,0.0,1,Desktop Frecuente
906961330340669974,Referral,desktop,3,13.0,11.0,0.0,0.0,1,Desktop Frecuente
908686415962464519,Referral,desktop,2,93.0,69.5,0.0,0.0,0,Desktop Engaged
909158646354924303,Referral,desktop,23,3.0,3.0,0.2916666666666667,0.25,1,Desktop Frecuente
909727084059682263,Referral,desktop,5,13.0,10.0,0.0,0.8,1,Desktop Frecuente
910294048272999367,Referral,desktop,2,13.0,11.0,0.0,0.0,0,Desktop Engaged
910504852442385120,Referral,desktop,13,9.0,8.0,0.3076923076923077,0.0,1,Desktop Frecuente
911428964962660656,Direct,desktop,2,19.0,16.5,0.0,0.0,0,Desktop Engaged
911550486858499476,Organic Search,desktop,2,11.0,9.5,0.0,0.0,0,Desktop Engaged
911835760713815281,Organic Search,desktop,1,35.0,28.0,0.0,0.0,0,Desktop Engaged
912047147025556789,Direct,mobile,7,6.0,6.0,0.2857142857142857,0.4285714285714285,3,Mobile Users
913559547538948059,Direct,desktop,2,9.5,8.5,0.0,0.5,2,Weekend Warriors
913669713966268757,Referral,desktop,6,9.5,8.0,0.0,0.0,1,Desktop Frecuente
914215065327707355,Organic Search,desktop,11,5.0,4.0,0.2727272727272727,0.2727272727272727,1,Desktop Frecuente
914260512512024013,Organic Search,desktop,1,28.0,26.0,0.0,0.0,0,Desktop Engaged
914489131587654698,Referral,desktop,2,26.5,21.5,0.0,0.0,0,Desktop Engaged
914648928520608804,Direct,desktop,1,14.0,12.0,0.0,0.0,0,Desktop Engaged
915231789774520387,Referral,desktop,1,72.0,62.0,0.0,0.0,0,Desktop Engaged
915479593407308816,Referral,desktop,1,57.0,42.0,0.0,0.0,0,Desktop Engaged
916418463050257488,Organic Search,desktop,3,12.0,9.0,0.0,1.0,2,Weekend Warriors
917544021316990441,Organic Search,desktop,10,11.5,10.5,0.1,0.1,1,Desktop Frecuente
919860429022748291,Organic Search,desktop,1,24.0,24.0,0.0,0.0,0,Desktop Engaged
920785317626373504,Organic Search,mobile,1,28.0,23.0,0.0,1.0,3,Mobile Users
921096082578600729,Organic Search,desktop,1,13.0,13.0,0.0,0.0,0,Desktop Engaged
921328071414321865,Organic Search,desktop,3,11.0,9.0,0.0,0.0,1,Desktop Frecuente
921549306877802147,Referral,desktop,4,6.0,5.5,0.0,0.0,1,Desktop Frecuente
922459569275829915,Referral,desktop,3,6.0,6.0,0.0,0.0,1,Desktop Frecuente
922615354832601075,Organic Search,desktop,1,31.0,27.0,0.0,0.0,0,Desktop Engaged
923541731542437040,Referral,desktop,1,14.0,12.0,0.0,0.0,0,Desktop Engaged
923997752068871551,Organic Search,desktop,2,28.5,22.0,0.0,0.0,0,Desktop Engaged
924091465796731445,Referral,desktop,5,46.0,36.0,0.0,0.2,0,Desktop Engaged
924691897668681538,Referral,desktop,1,24.0,20.0,0.0,0.0,0,Desktop Engaged
925133855991558023,Paid Search,desktop,5,20.0,17.0,0.2,0.2,1,Desktop Frecuente
925490504455490197,Referral,desktop,3,13.0,9.0,0.0,0.0,1,Desktop Frecuente
928427495961753778,Direct,desktop,12,9.0,8.5,0.1666666666666666,0.0,1,Desktop Frecuente
928560936983652295,Paid Search,desktop,1,37.0,30.0,0.0,0.0,0,Desktop Engaged
928714306844952412,Paid Search,desktop,9,3.0,3.0,0.0,0.2222222222222222,1,Desktop Frecuente
928831772321012455,Referral,desktop,1,30.0,25.0,0.0,0.0,0,Desktop Engaged
928839756281131178,Organic Search,mobile,1,19.0,14.0,0.0,0.0,3,Mobile Users
928980428117180710,Organic Search,desktop,1,32.0,26.0,0.0,1.0,2,Weekend Warriors
929362987214513491,Referral,desktop,2,12.0,10.5,0.0,0.0,0,Desktop Engaged
929365456607216601,Organic Search,desktop,2,43.0,30.5,0.0,0.5,2,Weekend Warriors
929896049024044781,Organic Search,desktop,22,4.0,3.0,0.3181818181818182,0.0909090909090909,1,Desktop Frecuente
929967206775092152,Referral,desktop,2,14.0,11.5,0.0,0.0,0,Desktop Engaged
930131333447511778,Paid Search,desktop,1,57.0,45.0,0.0,0.0,0,Desktop Engaged
932061680533450083,Organic Search,desktop,2,9.0,8.0,0.0,1.0,2,Weekend Warriors
933609677016463494,Referral,desktop,2,14.0,14.0,0.0,0.0,0,Desktop Engaged
934250478833663076,Organic Search,desktop,2,21.0,18.0,0.0,0.5,2,Weekend Warriors
934503934783544332,Direct,desktop,4,7.0,6.5,0.0,0.0,1,Desktop Frecuente
934513430067402140,Organic Search,desktop,5,5.0,4.0,0.0,0.0,1,Desktop Frecuente
936159302103344661,Referral,desktop,2,70.0,52.5,0.0,0.0,0,Desktop Engaged
937994839279902527,Organic Search,desktop,5,12.0,11.0,0.2,0.0,1,Desktop Frecuente
938988824374966310,Organic Search,desktop,10,3.5,3.5,0.3,0.1,1,Desktop Frecuente
939020494867094014,Organic Search,desktop,7,2.0,2.0,0.1428571428571428,0.0,1,Desktop Frecuente
939610499574900867,Referral,desktop,4,6.0,6.0,0.0,0.0,1,Desktop Frecuente
939859150591422942,Referral,desktop,2,43.5,35.0,0.0,0.0,0,Desktop Engaged
940602166699838745,Referral,desktop,5,16.0,12.0,0.2,0.0,1,Desktop Frecuente
940775638196153770,Direct,desktop,1,15.0,15.0,0.0,1.0,2,Weekend Warriors
940883724133867575,Organic Search,desktop,1,16.0,14.0,0.0,0.0,0,Desktop Engaged
941726438399473483,Referral,desktop,4,14.5,12.5,0.0,0.0,1,Desktop Frecuente
941920762595255747,Direct,mobile,4,7.5,4.0,0.25,0.0,3,Mobile Users
942090785617526946,Social,desktop,1,28.0,24.0,0.0,0.0,0,Desktop Engaged
942194966104729969,Referral,desktop,5,8.0,7.0,0.0,0.0,1,Desktop Frecuente
942937642907387316,Direct,desktop,2,11.0,10.0,0.0,0.0,0,Desktop Engaged
943037327921712050,Referral,desktop,2,20.5,14.5,0.0,0.0,0,Desktop Engaged
944470022176466998,Referral,desktop,5,4.0,4.0,0.4,0.0,1,Desktop Frecuente
944726393618734388,Referral,desktop,3,1.0,1.0,0.6666666666666666,0.0,1,Desktop Frecuente
944798354555847366,Organic Search,tablet,8,5.0,5.0,0.25,0.5,3,Mobile Users
944996758495906062,Organic Search,desktop,3,14.0,12.0,0.0,0.0,1,Desktop Frecuente
945029579910809032,Paid Search,desktop,1,46.0,26.0,0.0,0.0,0,Desktop Engaged
945565598848860451,Paid Search,desktop,1,19.0,15.0,0.0,0.0,0,Desktop Engaged
946442826800977839,Direct,desktop,1,32.0,23.0,0.0,0.0,0,Desktop Engaged
946754583633776766,Direct,desktop,1,62.0,50.0,0.0,0.0,0,Desktop Engaged
947035350589071135,Referral,desktop,2,11.0,10.0,0.5,0.0,1,Desktop Frecuente
947193476266502800,Paid Search,desktop,1,101.0,61.0,0.0,1.0,2,Weekend Warriors
947967641100341579,Organic Search,mobile,3,8.0,8.0,0.0,0.3333333333333333,3,Mobile Users
947990207270764241,Referral,desktop,2,9.0,6.5,0.0,0.0,1,Desktop Frecuente
948321323323223626,Direct,mobile,5,5.0,4.0,0.4,0.4,3,Mobile Users
949851277313958084,Organic Search,desktop,4,10.0,9.0,0.0,0.5,1,Desktop Frecuente
950533423538162266,Referral,desktop,2,25.0,18.0,0.0,0.0,0,Desktop Engaged
950676259034422019,Organic Search,desktop,6,18.0,15.0,0.0,0.0,1,Desktop Frecuente
951967559171152344,Referral,desktop,1,18.0,18.0,0.0,1.0,2,Weekend Warriors
951979273858392158,Paid Search,desktop,4,4.0,4.0,0.0,0.0,1,Desktop Frecuente
952212470728454329,Referral,desktop,3,2.0,2.0,0.3333333333333333,0.0,1,Desktop Frecuente
952431652165663617,Referral,desktop,1,35.0,25.0,0.0,0.0,0,Desktop Engaged
952854276280472579,Direct,desktop,1,63.0,48.0,0.0,0.0,0,Desktop Engaged
953058409931836115,Organic Search,desktop,2,10.5,9.0,0.0,0.0,0,Desktop Engaged
953107632787978757,Organic Search,mobile,3,4.0,4.0,0.3333333333333333,0.0,3,Mobile Users
953219118921998006,Organic Search,desktop,1,35.0,32.0,0.0,0.0,0,Desktop Engaged
953713676730854570,Organic Search,desktop,4,37.5,17.0,0.25,0.25,0,Desktop Engaged
953889584295924240,Direct,desktop,2,20.5,17.0,0.5,0.0,0,Desktop Engaged
953985719790532084,Direct,desktop,5,10.0,9.0,0.2,0.2,1,Desktop Frecuente
955218036984949713,Direct,desktop,6,5.5,5.0,0.1666666666666666,0.0,1,Desktop Frecuente
956108016718766611,Direct,mobile,1,25.0,22.0,0.0,1.0,3,Mobile Users
957655625649355657,Organic Search,desktop,2,14.0,13.5,0.0,0.0,0,Desktop Engaged
958472619245730769,Paid Search,desktop,1,70.0,52.0,0.0,1.0,2,Weekend Warriors
958836049624560006,Referral,desktop,3,10.0,10.0,0.0,0.0,1,Desktop Frecuente
959439201025524582,Display,desktop,4,5.0,4.5,0.0,0.5,1,Desktop Frecuente
959901135395206593,Referral,desktop,6,10.5,8.0,0.0,0.0,1,Desktop Frecuente
960612167859203448,Direct,desktop,1,32.0,28.0,0.0,0.0,0,Desktop Engaged
962996931279982608,Organic Search,desktop,1,29.0,25.0,0.0,1.0,2,Weekend Warriors
963126344221316701,Direct,desktop,3,8.0,6.0,0.0,0.0,1,Desktop Frecuente
963205524675368812,Direct,desktop,10,5.0,5.0,0.2,0.1,1,Desktop Frecuente
963236039015727097,Paid Search,desktop,1,57.0,42.0,0.0,0.0,0,Desktop Engaged
963477944460779466,Display,desktop,1,66.0,53.0,0.0,0.0,0,Desktop Engaged
963545935326060098,Direct,desktop,4,1.5,1.5,0.5,0.5,1,Desktop Frecuente
963845761761571092,Referral,desktop,1,15.0,13.0,0.0,0.0,0,Desktop Engaged
965001845233995898,Direct,desktop,2,16.0,14.0,0.0,0.0,0,Desktop Engaged
966739175376367480,Organic Search,desktop,2,104.0,75.5,0.0,1.0,2,Weekend Warriors
967411898534662501,Organic Search,desktop,3,16.0,14.0,0.3333333333333333,0.3333333333333333,1,Desktop Frecuente
967510812862831126,Referral,desktop,5,15.0,13.0,0.0,0.0,1,Desktop Frecuente
968815662109493799,Direct,desktop,2,31.5,20.0,0.0,0.5,2,Weekend Warriors
968874458654116846,Organic Search,desktop,6,5.5,5.5,0.1666666666666666,0.0,1,Desktop Frecuente
969777692857274703,Referral,desktop,5,14.0,12.0,0.0,0.0,1,Desktop Frecuente
969805579159280599,Referral,desktop,9,5.0,5.0,0.2222222222222222,0.1111111111111111,1,Desktop Frecuente
971310549792476203,Organic Search,desktop,1,75.0,49.0,0.0,0.0,0,Desktop Engaged
971721932033460269,Organic Search,desktop,1,43.0,31.0,0.0,0.0,0,Desktop Engaged
971805808080928342,Organic Search,desktop,1,37.0,28.0,0.0,0.0,0,Desktop Engaged
972673302515080474,Organic Search,desktop,3,7.0,7.0,0.0,0.0,1,Desktop Frecuente
972804312875582831,Referral,desktop,5,10.0,9.0,0.0,0.2,1,Desktop Frecuente
972856631604465767,Paid Search,desktop,4,49.0,35.5,0.0,0.25,0,Desktop Engaged
973104829844612521,Organic Search,desktop,1,39.0,29.0,0.0,0.0,0,Desktop Engaged
973548621648537135,Organic Search,desktop,1,31.0,26.0,0.0,1.0,2,Weekend Warriors
974734323197711200,Referral,desktop,1,41.0,26.0,0.0,0.0,0,Desktop Engaged
975931442450346746,Paid Search,desktop,2,15.0,11.5,0.0,0.0,0,Desktop Engaged
975975497732415345,Direct,desktop,2,17.0,15.0,0.0,1.0,2,Weekend Warriors
977244245594974922,Organic Search,mobile,5,6.0,6.0,0.0,0.2,3,Mobile Users
977427077786334196,Referral,desktop,1,30.0,24.0,0.0,0.0,0,Desktop Engaged
979536639244706985,Referral,desktop,3,28.0,18.0,0.0,0.3333333333333333,0,Desktop Engaged
979767001637491763,Organic Search,desktop,3,3.0,2.0,0.0,0.0,1,Desktop Frecuente
980432803323288584,Organic Search,desktop,4,2.0,2.0,0.5,0.25,1,Desktop Frecuente
980669450547078608,Organic Search,desktop,1,17.0,16.0,0.0,1.0,2,Weekend Warriors
981418362280472767,Referral,desktop,6,16.5,13.5,0.0,0.3333333333333333,1,Desktop Frecuente
981755101938488888,Direct,desktop,1,13.0,13.0,0.0,0.0,0,Desktop Engaged
983622469844382741,Referral,desktop,5,3.0,3.0,0.0,0.0,1,Desktop Frecuente
985098225619885190,Referral,desktop,19,3.0,3.0,0.2631578947368421,0.4736842105263157,1,Desktop Frecuente
985292324813109533,Referral,desktop,2,28.0,22.5,0.0,0.0,0,Desktop Engaged
986279637934068597,Referral,desktop,9,6.0,5.0,0.1111111111111111,0.3333333333333333,1,Desktop Frecuente
987095605185435799,Referral,desktop,2,22.5,17.5,0.0,0.5,2,Weekend Warriors
987234935111855990,Organic Search,desktop,1,35.0,29.0,0.0,0.0,0,Desktop Engaged
987390821892515431,Organic Search,desktop,3,12.0,11.0,0.0,0.0,1,Desktop Frecuente
987573170837695929,Referral,desktop,1,93.0,74.0,0.0,1.0,2,Weekend Warriors
987691770768938785,Referral,desktop,5,4.0,4.0,0.4,0.0,1,Desktop Frecuente
988058428052485271,Direct,desktop,1,34.0,31.0,0.0,0.0,0,Desktop Engaged
990017562279683512,Paid Search,mobile,3,4.0,4.0,0.0,0.0,3,Mobile Users
990618717119574179,Referral,desktop,3,9.0,9.0,0.0,1.0,2,Weekend Warriors
992812962494074450,Referral,desktop,7,5.0,5.0,0.2857142857142857,0.2857142857142857,1,Desktop Frecuente
992883166330459343,Organic Search,desktop,1,16.0,15.0,0.0,1.0,2,Weekend Warriors
994272213284505294,Social,desktop,2,10.5,9.5,0.0,0.0,0,Desktop Engaged
994415791081872701,Referral,desktop,3,26.0,17.0,0.3333333333333333,0.0,0,Desktop Engaged
994538457525801858,Referral,desktop,2,22.5,18.5,0.0,0.0,0,Desktop Engaged
995099802538471008,Organic Search,desktop,2,35.0,24.0,0.0,0.5,2,Weekend Warriors
995837089950996818,Referral,desktop,3,28.0,11.0,0.3333333333333333,0.0,0,Desktop Engaged
997271511212133268,Referral,desktop,4,12.0,9.0,0.0,0.0,1,Desktop Frecuente
998406341643073720,Organic Search,desktop,8,14.5,10.0,0.25,0.25,1,Desktop Frecuente
998815629012556775,Direct,desktop,2,26.5,20.5,0.5,0.5,2,Weekend Warriors
1004387731868322508,Referral,desktop,1,35.0,27.0,0.0,1.0,2,Weekend Warriors
1004669910658205499,Referral,desktop,5,6.0,6.0,0.0,0.0,1,Desktop Frecuente
1005326553546138067,Organic Search,desktop,12,4.0,4.0,0.25,0.0,1,Desktop Frecuente
1005402327452284028,Organic Search,desktop,1,60.0,43.0,0.0,0.0,0,Desktop Engaged
1006586895176730194,Referral,desktop,5,12.0,12.0,0.0,0.0,1,Desktop Frecuente
1007381091974850784,Referral,desktop,4,9.5,7.5,0.0,0.0,1,Desktop Frecuente
1008230340188426455,Direct,mobile,1,15.0,13.0,0.0,0.0,3,Mobile Users
1011144777893683612,Direct,desktop,7,4.0,4.0,0.1428571428571428,0.1428571428571428,1,Desktop Frecuente
1011710893892785431,Organic Search,desktop,4,14.0,11.5,0.0,0.0,1,Desktop Frecuente
1012363918031449847,Direct,desktop,2,13.0,10.5,0.0,0.0,0,Desktop Engaged
1017523686792237118,Referral,desktop,3,19.0,17.0,0.0,0.0,0,Desktop Engaged
1018592359219015183,Organic Search,desktop,1,47.0,39.0,0.0,0.0,0,Desktop Engaged
1019144763983304316,Direct,desktop,2,11.5,9.5,0.5,0.0,1,Desktop Frecuente
1021564728056895088,Paid Search,desktop,5,8.0,8.0,0.0,0.0,1,Desktop Frecuente
1023379458007501505,Organic Search,desktop,1,35.0,31.0,0.0,0.0,0,Desktop Engaged
1023615951662839630,Referral,desktop,8,18.5,11.5,0.125,0.125,1,Desktop Frecuente
1024805847071570490,Organic Search,desktop,4,12.5,9.0,0.25,0.0,1,Desktop Frecuente
1025574386832469970,Referral,desktop,5,6.0,6.0,0.2,0.0,1,Desktop Frecuente
1026027148817239709,Referral,desktop,4,10.0,9.0,0.25,0.5,1,Desktop Frecuente
1027492996808526293,Organic Search,desktop,1,26.0,19.0,0.0,0.0,0,Desktop Engaged
1028027052924107685,Direct,desktop,2,9.5,9.0,0.5,0.0,1,Desktop Frecuente
1028353611615398657,Direct,desktop,1,16.0,15.0,0.0,0.0,0,Desktop Engaged
1029117971501759934,Referral,desktop,5,31.0,25.0,0.0,0.2,0,Desktop Engaged
1029323150011228171,Referral,desktop,2,23.5,19.5,0.0,0.0,0,Desktop Engaged
1029342389721979537,Referral,desktop,3,6.0,5.0,0.3333333333333333,0.0,1,Desktop Frecuente
1032386538245862458,Referral,desktop,2,31.5,25.5,0.0,0.0,0,Desktop Engaged
1032460027465550436,Organic Search,desktop,3,11.0,11.0,0.0,0.0,1,Desktop Frecuente
1033431819370564673,Direct,desktop,1,13.0,13.0,0.0,0.0,0,Desktop Engaged
1034770188837469990,Referral,desktop,3,9.0,9.0,0.3333333333333333,0.3333333333333333,1,Desktop Frecuente
1034854340187473312,Referral,desktop,1,18.0,15.0,0.0,0.0,0,Desktop Engaged
1035287577797151816,Direct,desktop,2,7.0,6.5,0.5,0.0,1,Desktop Frecuente
1036507769669388704,Direct,desktop,3,42.0,34.0,0.0,0.0,0,Desktop Engaged
1036690457275487671,Organic Search,desktop,4,16.5,14.5,0.0,0.0,1,Desktop Frecuente
1037900960653835938,Referral,desktop,3,4.0,4.0,0.0,0.3333333333333333,1,Desktop Frecuente
1038049739561083712,Paid Search,desktop,4,15.5,14.0,0.0,0.0,1,Desktop Frecuente
1041762663745396837,Direct,desktop,2,13.5,10.0,0.0,0.0,0,Desktop Engaged
1044832976156649069,Referral,desktop,6,11.5,9.5,0.0,0.0,1,Desktop Frecuente
1045033759778661078,Referral,desktop,11,6.0,5.0,0.0909090909090909,0.0,1,Desktop Frecuente
1048387524675825671,Referral,desktop,5,13.0,11.0,0.2,0.0,1,Desktop Frecuente
1049505592515499633,Referral,desktop,3,8.0,7.0,0.0,0.0,1,Desktop Frecuente
1049873581883188913,Organic Search,mobile,1,23.0,17.0,0.0,1.0,3,Mobile Users
1051011505406858792,Organic Search,desktop,2,31.0,25.0,0.0,0.0,0,Desktop Engaged
1051896220301954151,Referral,desktop,5,23.0,16.0,0.0,0.4,1,Desktop Frecuente
1053771337658446740,Referral,desktop,3,7.0,5.0,0.3333333333333333,0.0,1,Desktop Frecuente
1054036165578048274,Organic Search,desktop,2,22.5,18.5,0.0,0.0,0,Desktop Engaged
1054368481850016599,Organic Search,desktop,8,7.0,6.0,0.0,0.0,1,Desktop Frecuente
1056847391398046523,Referral,desktop,1,22.0,18.0,0.0,0.0,0,Desktop Engaged
1056878480433332365,Referral,desktop,5,17.0,17.0,0.0,0.0,1,Desktop Frecuente
1057078399235259309,Referral,desktop,7,14.0,14.0,0.0,0.5714285714285714,1,Desktop Frecuente
1057122392851131616,Organic Search,desktop,3,11.0,9.0,0.0,0.0,1,Desktop Frecuente
1058233783721857141,Organic Search,desktop,3,38.0,26.0,0.0,1.0,2,Weekend Warriors
1058991778060723026,Direct,desktop,3,11.0,11.0,0.3333333333333333,0.0,1,Desktop Frecuente
1059009151425872003,Referral,desktop,5,3.0,2.0,0.2,0.0,1,Desktop Frecuente
1062035005539274644,Referral,desktop,5,6.0,4.0,0.0,0.0,1,Desktop Frecuente
1062767743100240941,Referral,desktop,1,29.0,22.0,0.0,0.0,0,Desktop Engaged
1063109698143249629,Organic Search,desktop,3,14.0,12.5,0.0,0.5,2,Weekend Warriors
1063651652107093288,Direct,desktop,65,4.0,4.0,0.1846153846153846,0.0,1,Desktop Frecuente
1065722595338308305,Organic Search,mobile,2,13.0,12.0,0.0,0.0,3,Mobile Users
1066020050760729061,Referral,desktop,2,23.0,18.5,0.0,0.0,0,Desktop Engaged
1066481935929752638,Organic Search,desktop,4,8.5,8.5,0.0,0.0,1,Desktop Frecuente
1070119518621634705,Direct,desktop,8,2.0,2.0,0.25,0.375,1,Desktop Frecuente
1070774421633587976,Direct,desktop,5,7.0,7.0,0.4,0.0,1,Desktop Frecuente
1071398867043685120,Direct,desktop,3,5.0,4.0,0.3333333333333333,0.0,1,Desktop Frecuente
1072391559688569305,Direct,desktop,3,7.0,5.0,0.0,0.0,1,Desktop Frecuente
1073725472178818721,Referral,desktop,3,17.0,13.0,0.0,0.0,0,Desktop Engaged
1075314772722686078,Referral,desktop,3,10.0,7.0,0.0,0.3333333333333333,1,Desktop Frecuente
1076409378746585633,Referral,desktop,22,2.0,2.0,0.4090909090909091,0.0909090909090909,1,Desktop Frecuente
1076513025655678778,Referral,desktop,10,9.0,8.0,0.0,0.0,1,Desktop Frecuente
1077076810453289235,Organic Search,mobile,3,35.0,30.0,0.3333333333333333,0.0,3,Mobile Users
1078162902479144133,Referral,desktop,3,7.0,7.0,0.0,0.0,1,Desktop Frecuente
1079388627585956636,Paid Search,mobile,8,3.0,3.0,0.25,0.0,3,Mobile Users
1081131800379517088,Organic Search,desktop,6,10.5,10.5,0.1666666666666666,0.0,1,Desktop Frecuente
1081174349749089422,Referral,desktop,1,12.0,10.0,0.0,0.0,0,Desktop Engaged
1081954083914922307,Organic Search,desktop,1,24.0,22.0,0.0,0.0,0,Desktop Engaged
1081973235804015948,Organic Search,desktop,1,20.0,18.0,0.0,0.0,0,Desktop Engaged
1082276625176351939,Referral,desktop,2,46.5,38.5,0.0,0.0,0,Desktop Engaged
1083022042511644980,Direct,mobile,1,37.0,30.0,0.0,0.0,3,Mobile Users
1084191101294648051,Direct,desktop,1,34.0,30.0,0.0,0.0,0,Desktop Engaged
1084385382807282160,Organic Search,desktop,2,12.5,11.5,0.0,0.0,0,Desktop Engaged
1087259090799604358,Referral,desktop,1,45.0,33.0,0.0,0.0,0,Desktop Engaged
1087485533219327918,Referral,desktop,5,5.0,5.0,0.4,0.4,1,Desktop Frecuente
1090774782213816251,Referral,desktop,4,5.0,4.5,0.5,0.25,1,Desktop Frecuente
1091553726406319989,Referral,desktop,5,5.0,5.0,0.2,0.0,1,Desktop Frecuente
1091802616723319272,Referral,desktop,12,8.5,7.5,0.0833333333333333,0.0,1,Desktop Frecuente
1093352419037497878,Referral,desktop,1,28.0,23.0,0.0,0.0,0,Desktop Engaged
1094337368520422037,Referral,desktop,2,18.5,13.0,0.0,0.0,0,Desktop Engaged
1095886019324498043,Referral,desktop,2,24.5,20.5,0.0,0.0,0,Desktop Engaged
1096278048231856532,Organic Search,desktop,1,34.0,31.0,0.0,0.0,0,Desktop Engaged
1099238864070902116,Referral,desktop,1,38.0,36.0,0.0,0.0,0,Desktop Engaged
1102143761289282826,Organic Search,desktop,1,32.0,27.0,0.0,0.0,0,Desktop Engaged
1108749937026114251,Referral,desktop,3,29.0,19.0,0.0,0.0,0,Desktop Engaged
1109190750765217972,Referral,desktop,3,50.0,34.0,0.0,0.0,0,Desktop Engaged
1111470101899387454,Organic Search,mobile,7,4.0,4.0,0.2857142857142857,0.1428571428571428,3,Mobile Users
1111875891012788851,Referral,desktop,4,20.0,16.5,0.0,0.0,1,Desktop Frecuente
1113340453479949203,Organic Search,desktop,1,31.0,22.0,0.0,0.0,0,Desktop Engaged
1113552768823939609,Referral,desktop,5,6.0,5.0,0.0,0.0,1,Desktop Frecuente
1113923487317822738,Organic Search,desktop,2,45.5,30.5,0.0,0.5,2,Weekend Warriors
1114521449277749382,Paid Search,desktop,1,31.0,26.0,0.0,1.0,2,Weekend Warriors
1115528843070879141,Organic Search,desktop,1,95.0,71.0,0.0,0.0,0,Desktop Engaged
1116587832641157289,Referral,desktop,2,9.5,9.0,0.0,0.0,1,Desktop Frecuente
1116747719002148640,Referral,desktop,3,24.0,19.0,0.0,0.0,0,Desktop Engaged
1118628644000079833,Referral,desktop,2,21.0,15.5,0.0,0.0,0,Desktop Engaged
1118844520744405743,Direct,desktop,1,32.0,26.0,0.0,0.0,0,Desktop Engaged
1119984091061621254,Referral,desktop,7,8.0,7.0,0.0,0.0,1,Desktop Frecuente
1120023251501467003,Direct,desktop,1,16.0,15.0,0.0,0.0,0,Desktop Engaged
1120792726285615297,Referral,desktop,1,14.0,12.0,0.0,1.0,2,Weekend Warriors
1121666835600584671,Direct,desktop,1,12.0,11.0,0.0,0.0,0,Desktop Engaged
1121753578357585209,Referral,desktop,1,41.0,33.0,0.0,0.0,0,Desktop Engaged
1122339375048872606,Direct,desktop,1,19.0,19.0,0.0,0.0,0,Desktop Engaged
1122839061330453830,Referral,desktop,3,3.0,3.0,0.0,0.0,1,Desktop Frecuente
1124125006906712847,Direct,desktop,3,12.0,10.0,0.0,0.0,1,Desktop Frecuente
1124880760670566396,Organic Search,desktop,3,79.0,57.0,0.0,0.0,0,Desktop Engaged
1125267073760839655,Referral,desktop,1,17.0,16.0,0.0,0.0,0,Desktop Engaged
1125612233191187838,Organic Search,desktop,2,29.0,23.5,0.0,0.5,2,Weekend Warriors
1127359726951964431,Referral,desktop,4,8.0,7.0,0.0,0.0,1,Desktop Frecuente
1131086328893373855,Direct,desktop,1,17.0,16.0,0.0,0.0,0,Desktop Engaged
1132760331530975847,Referral,desktop,8,5.5,3.5,0.0,0.0,1,Desktop Frecuente
1134910731586063998,Organic Search,desktop,2,13.5,12.5,0.5,0.5,1,Desktop Frecuente
1135520399480349729,Referral,desktop,4,17.0,11.5,0.25,0.0,1,Desktop Frecuente
1137173963194670048,Referral,desktop,2,26.5,19.0,0.0,0.0,0,Desktop Engaged
1138538713902258266,Referral,desktop,1,73.0,52.0,0.0,0.0,0,Desktop Engaged
1139019058919826253,Referral,desktop,3,12.0,12.0,0.0,0.0,1,Desktop Frecuente
1140574847502258865,Referral,desktop,10,8.0,7.0,0.1,0.0,1,Desktop Frecuente
1141516868619289347,Paid Search,tablet,1,15.0,15.0,0.0,0.0,3,Mobile Users
1142710637622471759,Organic Search,desktop,3,12.0,11.0,0.3333333333333333,0.3333333333333333,1,Desktop Frecuente
1143734033169248522,Organic Search,mobile,4,11.0,6.5,0.25,0.75,3,Mobile Users
1144117197665161033,Paid Search,desktop,3,5.0,4.0,0.0,0.0,1,Desktop Frecuente
1144189395052969889,Referral,desktop,3,15.0,14.0,0.0,0.0,1,Desktop Frecuente
1144912080450618887,Referral,desktop,13,2.0,2.0,0.0769230769230769,0.0,1,Desktop Frecuente
1145352016498070156,Referral,desktop,2,36.0,27.0,0.0,0.0,0,Desktop Engaged
1150575182630321443,Direct,mobile,1,12.0,12.0,0.0,0.0,3,Mobile Users
1150675365558064618,Referral,desktop,1,22.0,19.0,0.0,1.0,2,Weekend Warriors
1151339450407656012,Referral,desktop,1,38.0,27.0,0.0,0.0,0,Desktop Engaged
1152177248793735167,Referral,desktop,7,3.0,3.0,0.1428571428571428,0.2857142857142857,1,Desktop Frecuente
1152695544079009829,Organic Search,mobile,3,11.0,10.0,0.0,0.0,3,Mobile Users
1152783773288271074,Referral,desktop,6,25.0,22.0,0.0,0.0,1,Desktop Frecuente
1152867987950849273,Referral,desktop,2,27.0,22.5,0.0,0.0,0,Desktop Engaged
1152996160105324502,Referral,desktop,2,45.5,34.0,0.5,0.0,0,Desktop Engaged
1153007452600171465,Referral,desktop,6,12.0,10.0,0.0,0.3333333333333333,1,Desktop Frecuente
1154591179135966046,Referral,desktop,1,49.0,42.0,0.0,0.0,0,Desktop Engaged
1155604757383908608,Referral,desktop,3,12.0,10.0,0.0,0.0,1,Desktop Frecuente
1157125001046476937,Paid Search,desktop,5,6.0,6.0,0.0,0.0,1,Desktop Frecuente
1160204963389257110,Referral,desktop,7,11.0,11.0,0.1428571428571428,0.0,1,Desktop Frecuente
1160655632139723710,Direct,desktop,2,31.0,24.5,0.0,0.5,2,Weekend Warriors
1163445611219743080,Direct,mobile,2,18.0,17.0,0.0,0.0,3,Mobile Users
1164110348121511511,Direct,desktop,2,35.0,25.0,0.0,0.0,0,Desktop Engaged
1166095149523935137,Direct,desktop,1,14.0,12.0,0.0,0.0,0,Desktop Engaged
1166512440754294528,Referral,desktop,1,13.0,12.0,0.0,0.0,0,Desktop Engaged
1167024322256715151,Direct,desktop,6,6.5,6.5,0.1666666666666666,0.0,1,Desktop Frecuente
1169137498046427190,Referral,desktop,3,14.0,12.0,0.0,0.0,1,Desktop Frecuente
1170870521562725854,Referral,desktop,4,43.5,27.0,0.0,0.0,0,Desktop Engaged
1173816642552637005,Organic Search,desktop,2,30.5,21.0,0.0,0.0,0,Desktop Engaged
1173975954464050303,Organic Search,desktop,1,37.0,31.0,0.0,0.0,0,Desktop Engaged
1174647913878447921,Referral,desktop,4,6.0,6.0,0.0,0.0,1,Desktop Frecuente
1176365243573269624,Direct,desktop,3,6.0,6.0,0.3333333333333333,0.0,1,Desktop Frecuente
1177326592591599469,Referral,desktop,12,12.0,10.0,0.0,0.4166666666666667,1,Desktop Frecuente
1177826801773768072,Organic Search,mobile,5,11.0,8.0,0.2,0.8,3,Mobile Users
1178180340846951402,Referral,desktop,3,4.0,3.0,0.3333333333333333,0.0,1,Desktop Frecuente
1178415213642758789,Organic Search,desktop,2,13.5,12.5,0.0,0.0,0,Desktop Engaged
1178631092086054574,Referral,desktop,2,20.5,15.0,0.0,0.0,0,Desktop Engaged
1178664219909406421,Organic Search,desktop,3,3.0,3.0,0.0,0.0,1,Desktop Frecuente
1182594311076605554,Referral,desktop,6,20.0,12.0,0.0,0.0,1,Desktop Frecuente
1182675562893088634,Referral,desktop,4,11.5,10.0,0.25,0.0,1,Desktop Frecuente
1184983596770783186,Organic Search,mobile,7,1.0,1.0,0.5714285714285714,0.7142857142857143,3,Mobile Users
1185073359641903497,Direct,desktop,1,61.0,50.0,0.0,0.0,0,Desktop Engaged
1187855968690092966,Organic Search,desktop,1,24.0,21.0,0.0,0.0,0,Desktop Engaged
1189390326934275148,Organic Search,desktop,1,59.0,47.0,0.0,0.0,0,Desktop Engaged
1190814633327628141,Referral,desktop,3,25.0,17.0,0.0,0.0,0,Desktop Engaged
1191483048689991981,Organic Search,mobile,8,10.5,10.0,0.125,0.125,3,Mobile Users
1191806581069633765,Referral,desktop,1,22.0,15.0,0.0,0.0,0,Desktop Engaged
1191867645626375150,Referral,desktop,2,28.5,19.0,0.0,1.0,2,Weekend Warriors
1192017691376651949,Direct,desktop,1,47.0,33.0,0.0,0.0,0,Desktop Engaged
1193560579647206164,Organic Search,desktop,1,24.0,22.0,0.0,0.0,0,Desktop Engaged
1193577956005674375,Organic Search,mobile,4,28.5,20.5,0.0,0.25,3,Mobile Users
1193832537421178696,Organic Search,desktop,5,14.0,12.0,0.0,0.0,1,Desktop Frecuente
1194057648431654895,Organic Search,mobile,4,6.5,6.5,0.5,0.0,3,Mobile Users
1194645338506308474,Direct,mobile,8,3.0,3.0,0.375,0.5,3,Mobile Users
1195443770877125809,Referral,desktop,8,5.0,4.5,0.125,0.25,1,Desktop Frecuente
1196381528907199220,Direct,desktop,4,4.5,4.5,0.0,0.0,1,Desktop Frecuente
1199286603466925741,Referral,desktop,3,37.0,29.0,0.0,0.0,0,Desktop Engaged
1201752200432942161,Referral,desktop,2,9.0,8.0,0.0,0.5,1,Desktop Frecuente
1201830545807654637,Organic Search,desktop,2,12.0,11.5,0.0,1.0,2,Weekend Warriors
1202230602124911940,Referral,desktop,2,17.5,11.5,0.0,0.0,0,Desktop Engaged
1203061370275636446,Direct,desktop,1,20.0,18.0,0.0,0.0,0,Desktop Engaged
1203064658945924144,Paid Search,desktop,2,9.5,9.5,0.5,1.0,2,Weekend Warriors
1205098047899006231,Direct,desktop,6,1.5,1.5,0.5,0.0,1,Desktop Frecuente
1205811658742251528,Referral,desktop,2,21.0,16.0,0.0,0.0,0,Desktop Engaged
1206882682891516620,Direct,tablet,2,38.5,32.0,0.5,0.5,3,Mobile Users
1206924775112167365,Referral,desktop,1,26.0,22.0,0.0,0.0,0,Desktop Engaged
1208436519613837144,Organic Search,desktop,1,29.0,25.0,0.0,0.0,0,Desktop Engaged
1210036509049986390,Referral,desktop,2,17.0,15.5,0.0,0.0,0,Desktop Engaged
1211742763650822422,Referral,desktop,4,8.0,8.0,0.0,0.0,1,Desktop Frecuente
1216639212736323098,Organic Search,desktop,2,19.0,15.0,0.0,0.0,0,Desktop Engaged
1216652918682423609,Organic Search,desktop,1,73.0,50.0,0.0,0.0,0,Desktop Engaged
1216838692754057393,Referral,desktop,2,14.5,11.0,0.5,0.5,1,Desktop Frecuente
1217627082294977824,Organic Search,desktop,8,3.5,3.0,0.125,0.125,1,Desktop Frecuente
1218610902991189270,Organic Search,mobile,1,19.0,16.0,0.0,1.0,3,Mobile Users
1219325807742188295,Referral,desktop,11,6.0,5.0,0.0909090909090909,0.0,1,Desktop Frecuente
1220339310378878596,Referral,desktop,4,16.0,13.5,0.25,0.0,1,Desktop Frecuente
1220988755233243362,Direct,desktop,2,16.0,14.5,0.0,0.0,0,Desktop Engaged
1223899180553359197,Organic Search,desktop,2,23.5,17.5,0.0,0.5,2,Weekend Warriors
1224021848731205993,Referral,desktop,1,31.0,25.0,0.0,0.0,0,Desktop Engaged
1224155758004166426,Referral,desktop,3,7.0,5.0,0.0,0.6666666666666666,1,Desktop Frecuente
1224675976671171079,Organic Search,desktop,1,12.0,10.0,0.0,1.0,2,Weekend Warriors
1226455663650597875,Paid Search,desktop,1,33.0,31.0,0.0,1.0,2,Weekend Warriors
1226763862355388070,Organic Search,desktop,6,26.5,20.0,0.0,0.0,1,Desktop Frecuente
1228194844972973772,Referral,desktop,17,6.0,5.0,0.2352941176470588,0.0,1,Desktop Frecuente
1229962015086120441,Display,desktop,3,2.0,2.0,0.3333333333333333,0.6666666666666666,1,Desktop Frecuente
1230380996732562013,Referral,desktop,1,53.0,39.0,0.0,0.0,0,Desktop Engaged
1232482218170292968,Organic Search,desktop,6,5.5,5.5,0.0,0.0,1,Desktop Frecuente
1233984196205205270,Referral,desktop,3,14.0,12.0,0.0,0.0,1,Desktop Frecuente
1234072966949787632,Organic Search,desktop,4,18.0,12.5,0.25,0.5,1,Desktop Frecuente
1235024616645642362,Referral,desktop,2,14.0,12.0,0.0,0.0,0,Desktop Engaged
1237157156860743048,Referral,desktop,1,19.0,17.0,0.0,0.0,0,Desktop Engaged
1237573509074920904,Organic Search,tablet,1,36.0,31.0,0.0,0.0,3,Mobile Users
1238913964603377291,Organic Search,desktop,2,13.5,12.0,0.0,0.0,0,Desktop Engaged
1238921085129292496,Organic Search,desktop,2,19.5,14.0,0.5,1.0,2,Weekend Warriors
1240339173330804502,Organic Search,desktop,1,59.0,48.0,0.0,0.0,0,Desktop Engaged
1244643584936507645,Organic Search,desktop,3,24.0,22.0,0.3333333333333333,0.0,1,Desktop Frecuente
1244801370532831083,Direct,desktop,1,18.0,16.0,0.0,0.0,0,Desktop Engaged
1246338221591989045,Referral,desktop,1,24.0,23.0,0.0,0.0,0,Desktop Engaged
1246382538301098136,Referral,desktop,3,20.0,12.0,0.3333333333333333,0.3333333333333333,1,Desktop Frecuente
1247282406356396417,Referral,desktop,2,23.5,19.5,0.0,0.0,0,Desktop Engaged
1250309821000380040,Organic Search,desktop,19,4.0,3.0,0.3684210526315789,0.0,1,Desktop Frecuente
1253103077765832819,Direct,desktop,4,4.0,4.0,0.5,0.5,1,Desktop Frecuente
1254397940815590467,Referral,desktop,4,13.5,9.5,0.25,0.5,1,Desktop Frecuente
1255368394012652243,Referral,desktop,4,18.5,14.5,0.0,0.0,1,Desktop Frecuente
1255447654498305534,Direct,desktop,1,37.0,30.0,0.0,0.0,0,Desktop Engaged
1255802320193690482,Organic Search,desktop,1,24.0,18.0,0.0,0.0,0,Desktop Engaged
1257038584322727844,Display,desktop,4,8.0,7.5,0.25,0.0,1,Desktop Frecuente
1257442612228348040,Referral,desktop,7,7.0,3.0,0.1428571428571428,0.0,1,Desktop Frecuente
1257490177603749708,Referral,desktop,1,29.0,27.0,0.0,0.0,0,Desktop Engaged
1258025464074687360,Direct,desktop,4,10.0,8.5,0.25,0.0,1,Desktop Frecuente
1260027491400966041,Referral,desktop,1,27.0,23.0,0.0,0.0,0,Desktop Engaged
1260431109777470566,Organic Search,desktop,1,32.0,26.0,0.0,0.0,0,Desktop Engaged
1260618609056502343,Referral,desktop,4,17.5,15.5,0.0,0.0,1,Desktop Frecuente
1261307483031357677,Organic Search,desktop,2,80.5,59.0,0.5,0.0,0,Desktop Engaged
1262082110712343410,Paid Search,desktop,11,9.0,8.0,0.0,0.2727272727272727,1,Desktop Frecuente
1263523458590987032,Referral,desktop,1,94.0,79.0,0.0,0.0,0,Desktop Engaged
1265954026564910088,Direct,desktop,4,10.5,10.5,0.25,0.0,1,Desktop Frecuente
1266146580677289366,Referral,desktop,1,18.0,16.0,0.0,0.0,0,Desktop Engaged
1267576619278838235,Organic Search,desktop,1,74.0,59.0,0.0,0.0,0,Desktop Engaged
1267963226019049821,Direct,desktop,7,8.0,7.0,0.0,0.0,1,Desktop Frecuente
1268621517820517686,Referral,desktop,1,34.0,27.0,0.0,0.0,0,Desktop Engaged
1269914564415915273,Referral,desktop,1,122.0,55.0,0.0,0.0,0,Desktop Engaged
1270157374832429985,Organic Search,mobile,10,3.5,1.5,0.5,0.7,3,Mobile Users
1270881807221511963,Organic Search,desktop,1,25.0,25.0,0.0,0.0,0,Desktop Engaged
1270972824994660533,Referral,desktop,3,2.0,2.0,0.3333333333333333,0.0,1,Desktop Frecuente
1271048198095464423,Referral,desktop,3,22.0,15.0,0.0,0.0,0,Desktop Engaged
1271739936649587420,Referral,desktop,4,3.5,3.5,0.0,0.0,1,Desktop Frecuente
1273085493567446879,Organic Search,desktop,3,17.0,14.0,0.0,0.3333333333333333,0,Desktop Engaged
1274369026865386328,Referral,desktop,1,66.0,48.0,0.0,0.0,0,Desktop Engaged
1275591900543262548,Referral,desktop,4,4.0,3.5,0.25,0.0,1,Desktop Frecuente
1276106485558955732,Referral,desktop,3,4.0,4.0,0.0,0.0,1,Desktop Frecuente
1276186701480455615,Direct,desktop,1,33.0,27.0,0.0,0.0,0,Desktop Engaged
1276542147811888949,Organic Search,desktop,2,29.0,18.5,0.0,0.0,0,Desktop Engaged
1277192701397788259,Organic Search,desktop,1,23.0,19.0,0.0,0.0,0,Desktop Engaged
1277222785270876004,Organic Search,desktop,2,36.0,26.5,0.5,0.0,0,Desktop Engaged
1280993661204347450,Referral,desktop,6,9.5,8.0,0.1666666666666666,0.3333333333333333,1,Desktop Frecuente
1285137808569536764,Direct,desktop,19,10.0,8.0,0.0526315789473684,0.0,1,Desktop Frecuente
1285811160522710067,Referral,desktop,4,8.5,8.0,0.0,0.25,1,Desktop Frecuente
1286257134641757416,Referral,desktop,2,8.5,6.5,0.0,0.0,1,Desktop Frecuente
1288317908843556558,Organic Search,desktop,3,24.0,19.0,0.0,0.3333333333333333,0,Desktop Engaged
1291592657777580193,Organic Search,desktop,3,53.0,39.0,0.0,0.0,0,Desktop Engaged
1292106186822118847,Organic Search,desktop,1,42.0,34.0,0.0,1.0,2,Weekend Warriors
1292690271020897036,Organic Search,mobile,1,88.0,71.0,0.0,1.0,2,Weekend Warriors
1292918695745531394,Direct,desktop,32,3.5,3.0,0.15625,0.0,1,Desktop Frecuente
1293569204679360479,Direct,desktop,4,13.5,11.0,0.25,1.0,2,Weekend Warriors
1293664043695932921,Referral,desktop,2,27.5,23.0,0.0,0.0,0,Desktop Engaged
1293859889635603442,Referral,desktop,10,31.5,23.0,0.2,0.1,1,Desktop Frecuente
1294302951834290508,Referral,desktop,3,21.0,19.0,0.0,0.0,0,Desktop Engaged
1295206490988113981,Organic Search,desktop,2,28.0,21.0,0.0,1.0,2,Weekend Warriors
1295521698300236570,Direct,desktop,8,17.0,14.5,0.0,0.0,1,Desktop Frecuente
1297718838071700682,Direct,mobile,1,26.0,18.0,0.0,0.0,3,Mobile Users
1303409560162240263,Direct,mobile,2,21.0,17.5,0.0,0.5,3,Mobile Users
1304842977479208896,Organic Search,desktop,13,2.0,2.0,0.0769230769230769,0.5384615384615384,1,Desktop Frecuente
1306270201462959225,Referral,desktop,3,18.0,12.0,0.0,0.0,0,Desktop Engaged
1307179574652877975,Direct,desktop,1,19.0,18.0,0.0,0.0,0,Desktop Engaged
1308843236768324191,Organic Search,desktop,20,8.0,6.0,0.1,0.0,1,Desktop Frecuente
1310018827141694305,Referral,desktop,4,8.5,6.0,0.0,0.0,1,Desktop Frecuente
1311003026247678016,Referral,desktop,2,17.0,15.5,0.0,0.0,0,Desktop Engaged
1311599839630894482,Organic Search,tablet,2,51.0,38.5,0.0,0.5,3,Mobile Users
1311682260438379600,Organic Search,desktop,3,5.0,5.0,0.3333333333333333,0.0,1,Desktop Frecuente
1315772786660606104,Referral,desktop,33,4.0,4.0,0.1818181818181818,0.2727272727272727,1,Desktop Frecuente
1316486783766526130,Direct,desktop,2,10.5,10.0,0.0,0.0,1,Desktop Frecuente
1316642940221663736,Organic Search,desktop,5,22.0,19.0,0.0,1.0,2,Weekend Warriors
1318990660958602931,Organic Search,desktop,3,6.0,5.0,0.0,0.3333333333333333,1,Desktop Frecuente
1321742489378656590,Paid Search,mobile,2,10.5,10.5,0.0,0.5,3,Mobile Users
1323131540348895975,Organic Search,desktop,1,38.0,29.0,0.0,0.0,0,Desktop Engaged
1323672990415209613,Organic Search,desktop,1,18.0,17.0,0.0,1.0,2,Weekend Warriors
1323958521128957096,Organic Search,desktop,6,4.0,3.5,0.1666666666666666,0.6666666666666666,1,Desktop Frecuente
1324866380268873022,Organic Search,desktop,1,21.0,19.0,0.0,0.0,0,Desktop Engaged
1325914909641958196,Referral,desktop,2,7.0,7.0,0.0,0.6666666666666666,1,Desktop Frecuente
1327488227980815621,Referral,desktop,2,17.0,14.0,0.0,0.0,0,Desktop Engaged
1329871856127534519,Referral,desktop,2,21.5,18.0,0.0,0.0,0,Desktop Engaged
1331054854760368915,Organic Search,desktop,2,22.0,17.0,0.0,0.5,2,Weekend Warriors
1331759169231440812,Organic Search,desktop,2,46.5,34.0,0.0,1.0,2,Weekend Warriors
1332936186691040151,Referral,desktop,7,5.0,3.0,0.1428571428571428,0.0,1,Desktop Frecuente
1334008915798864953,Organic Search,desktop,2,14.0,13.0,0.0,0.0,0,Desktop Engaged
1334328276765013089,Organic Search,desktop,1,29.0,26.0,0.0,0.0,0,Desktop Engaged
1335574436340895717,Organic Search,desktop,1,18.0,15.0,0.0,0.0,0,Desktop Engaged
1336773302249657175,Direct,desktop,2,17.5,13.0,0.5,0.0,1,Desktop Frecuente
1336922403988607259,Referral,desktop,2,21.5,17.0,0.0,0.0,0,Desktop Engaged
1337744272385974839,Organic Search,desktop,2,13.0,11.0,0.0,0.0,0,Desktop Engaged
1338352704338181437,Referral,desktop,1,68.0,46.0,0.0,1.0,2,Weekend Warriors
1338395065492103820,Referral,desktop,2,26.0,17.0,0.0,0.0,0,Desktop Engaged
1338601940113408411,Referral,desktop,1,60.0,42.0,0.0,0.0,0,Desktop Engaged
1339321155836182076,Referral,desktop,5,12.0,9.0,0.0,0.0,1,Desktop Frecuente
1340775031836194924,Direct,mobile,2,6.0,5.5,0.5,0.0,3,Mobile Users
1342022667208741287,Organic Search,desktop,1,18.0,16.0,0.0,0.0,0,Desktop Engaged
1342741603893289943,Organic Search,desktop,1,69.0,56.0,0.0,0.0,0,Desktop Engaged
1346851855808049432,Organic Search,desktop,1,29.0,26.0,0.0,0.0,0,Desktop Engaged
1349807768089700904,Organic Search,mobile,2,12.0,9.5,0.5,0.5,3,Mobile Users
1350238261946976509,Paid Search,desktop,1,55.0,40.0,0.0,1.0,2,Weekend Warriors
1350820772322277766,Organic Search,mobile,1,58.0,41.0,0.0,0.0,3,Mobile Users
1358005848480862728,Paid Search,mobile,2,24.0,21.5,0.5,0.0,3,Mobile Users
1361425561124755941,Referral,desktop,3,16.0,15.0,0.0,0.0,1,Desktop Frecuente
1364033099778280988,Direct,desktop,2,24.0,22.5,0.0,0.0,0,Desktop Engaged
1364943586489032731,Referral,desktop,2,35.5,24.5,0.0,0.0,0,Desktop Engaged
1366164390851974199,Referral,desktop,1,16.0,14.0,0.0,0.0,0,Desktop Engaged
1366491597789783868,Direct,desktop,5,21.0,16.0,0.2,0.0,1,Desktop Frecuente
1368203961991998767,Organic Search,desktop,6,7.0,6.0,0.0,0.0,1,Desktop Frecuente
1370676865164124718,Organic Search,tablet,2,25.0,22.5,0.0,0.5,3,Mobile Users
1375499184080589570,Organic Search,desktop,9,5.0,5.0,0.2222222222222222,0.0,1,Desktop Frecuente
1375569130571020489,Referral,desktop,2,13.0,10.0,0.0,1.0,2,Weekend Warriors
1379238346343753194,Organic Search,desktop,3,22.0,19.0,0.0,1.0,2,Weekend Warriors
1379398622703975756,Organic Search,desktop,4,4.0,3.0,0.5,0.0,1,Desktop Frecuente
1379646428216790827,Paid Search,mobile,1,53.0,39.0,0.0,0.0,3,Mobile Users
1380620338132951114,Direct,desktop,2,34.5,24.0,0.0,0.0,0,Desktop Engaged
1381206547001299402,Referral,desktop,10,1.5,1.5,0.5,0.0,1,Desktop Frecuente
1381218680079061144,Referral,desktop,2,19.5,12.0,0.0,0.0,0,Desktop Engaged
1381431420028484439,Referral,desktop,2,25.0,17.0,0.0,0.0,0,Desktop Engaged
1383687428379664179,Direct,desktop,4,14.0,13.5,0.25,0.0,1,Desktop Frecuente
1383949428914741700,Organic Search,mobile,1,15.0,13.0,0.0,1.0,3,Mobile Users
1386841622492700501,Organic Search,desktop,6,14.0,11.0,0.1666666666666666,0.0,1,Desktop Frecuente
1387130239596231760,Display,desktop,2,12.0,10.5,0.0,0.0,0,Desktop Engaged
1388827316063999339,Direct,desktop,5,35.0,25.0,0.2,0.0,0,Desktop Engaged
1389079324085467409,Referral,desktop,4,12.0,9.0,0.25,0.0,1,Desktop Frecuente
1390764594937000351,Referral,desktop,2,19.0,15.0,0.0,0.0,0,Desktop Engaged
1392754042162975190,Organic Search,desktop,2,20.5,17.0,0.0,0.5,2,Weekend Warriors
1392760476578326953,Referral,desktop,1,63.0,35.0,0.0,0.0,0,Desktop Engaged
1393633173328801040,Referral,desktop,3,17.0,14.0,0.0,0.6666666666666666,2,Weekend Warriors
1394447537856759149,Referral,desktop,1,76.0,54.0,0.0,1.0,2,Weekend Warriors
1395211458092919776,Referral,desktop,4,25.5,20.0,0.0,0.0,0,Desktop Engaged
1398241955715722716,Organic Search,desktop,1,22.0,18.0,0.0,0.0,0,Desktop Engaged
1398262961791736387,Referral,desktop,1,58.0,50.0,0.0,0.0,0,Desktop Engaged
1401438949602297317,Organic Search,desktop,3,22.0,20.0,0.0,0.6666666666666666,2,Weekend Warriors
1403162671089905435,Organic Search,desktop,1,30.0,26.0,0.0,0.0,0,Desktop Engaged
1406789248645938427,Direct,mobile,2,19.5,16.0,0.0,0.0,3,Mobile Users
1408568077869595615,Referral,desktop,2,21.0,15.5,0.0,0.0,0,Desktop Engaged
1409238456546431449,Referral,desktop,6,5.0,4.0,0.1666666666666666,0.0,1,Desktop Frecuente
1410336440849356236,Referral,desktop,6,42.5,34.5,0.1666666666666666,0.3333333333333333,1,Desktop Frecuente
1411452354779781065,Referral,desktop,3,7.0,7.0,0.0,0.0,1,Desktop Frecuente
1413300845517352724,Referral,desktop,21,6.0,5.0,0.1428571428571428,0.2857142857142857,1,Desktop Frecuente
1413421667450087159,Social,desktop,4,5.5,5.5,0.0,0.0,1,Desktop Frecuente
1413774072675634121,Organic Search,desktop,1,24.0,19.0,0.0,1.0,2,Weekend Warriors
1414623554753311414,Organic Search,desktop,4,7.5,7.5,0.0,0.0,1,Desktop Frecuente
1417164451104634851,Organic Search,mobile,3,10.0,9.0,0.0,0.3333333333333333,3,Mobile Users
1419312945460679931,Organic Search,desktop,1,22.0,20.0,0.0,0.0,0,Desktop Engaged
1420571529363353703,Referral,desktop,7,5.0,4.0,0.0,0.0,1,Desktop Frecuente
1421300908868537589,Organic Search,desktop,1,19.0,18.0,0.0,0.0,0,Desktop Engaged
1423245652069790681,Display,desktop,4,3.5,3.5,0.0,0.0,1,Desktop Frecuente
1424355572088327868,Organic Search,desktop,3,14.0,12.0,0.0,0.0,1,Desktop Frecuente
1424707127501880055,Direct,desktop,2,7.5,7.5,0.5,0.5,1,Desktop Frecuente
1425777837250515591,Organic Search,desktop,2,52.5,45.0,0.0,0.0,0,Desktop Engaged
1425879046045306508,Organic Search,desktop,2,24.0,19.0,0.0,0.5,2,Weekend Warriors
1426215359136239319,Referral,desktop,4,7.0,6.5,0.0,0.0,1,Desktop Frecuente
1426332006192749425,Referral,desktop,3,65.0,43.0,0.3333333333333333,0.0,0,Desktop Engaged
1429990945500722210,Referral,desktop,5,10.0,8.0,0.2,0.0,1,Desktop Frecuente
1433472344011352817,Referral,desktop,1,64.0,47.0,0.0,0.0,0,Desktop Engaged
1434841168498009838,Direct,desktop,3,43.0,32.0,0.0,0.0,0,Desktop Engaged
1435605154130548810,Organic Search,mobile,2,8.5,7.5,0.5,0.0,3,Mobile Users
1435684047649600050,Organic Search,desktop,4,10.5,8.0,0.0,0.0,1,Desktop Frecuente
1436571442090178657,Organic Search,desktop,1,49.0,36.0,0.0,0.0,0,Desktop Engaged
1438175250765440260,Organic Search,mobile,1,40.0,32.0,0.0,1.0,3,Mobile Users
1438629930259858745,Organic Search,desktop,1,89.0,64.0,0.0,0.0,0,Desktop Engaged
1439158050159704708,Direct,desktop,2,12.5,11.0,0.5,0.0,1,Desktop Frecuente
1439206441625639697,Referral,desktop,5,25.0,20.0,0.0,0.0,1,Desktop Frecuente
1439992538528236582,Referral,desktop,2,11.5,9.5,0.0,0.0,0,Desktop Engaged
1440024345080708014,Organic Search,desktop,1,42.0,32.0,0.0,0.0,0,Desktop Engaged
1440541984553829835,Organic Search,desktop,3,17.0,14.0,0.0,0.0,0,Desktop Engaged
1441088421575117685,Direct,desktop,2,13.5,11.5,0.0,0.0,0,Desktop Engaged
1441816679922276355,Direct,desktop,3,28.0,23.0,0.0,0.0,0,Desktop Engaged
1442096132173976146,Referral,desktop,1,27.0,23.0,0.0,0.0,0,Desktop Engaged
1442612237985610717,Organic Search,desktop,4,5.0,5.0,0.5,0.0,1,Desktop Frecuente
1442960211530041793,Organic Search,desktop,2,15.5,12.5,0.0,0.0,0,Desktop Engaged
1443139528202497204,Referral,desktop,4,42.5,29.5,0.25,0.25,0,Desktop Engaged
1444097777351910879,Organic Search,desktop,2,16.0,12.5,0.0,1.0,2,Weekend Warriors
1447257816279888170,Referral,desktop,5,8.0,6.0,0.2,0.0,1,Desktop Frecuente
1447936115749284814,Organic Search,desktop,2,15.5,14.5,0.0,0.0,0,Desktop Engaged
1449837580028486750,Organic Search,tablet,5,31.0,23.0,0.2,0.6,3,Mobile Users
1449902026609269877,Organic Search,desktop,2,57.0,45.0,0.0,0.0,0,Desktop Engaged
1452613891025216774,Referral,desktop,13,7.0,7.0,0.3076923076923077,0.0,1,Desktop Frecuente
1453028927786904034,Referral,desktop,4,23.0,16.0,0.0,0.0,0,Desktop Engaged
1453691519754231663,Paid Search,desktop,10,4.5,3.5,0.4,0.1,1,Desktop Frecuente
1455159374538425132,Display,desktop,6,14.0,12.0,0.0,0.0,1,Desktop Frecuente
1456483801391424106,Organic Search,desktop,1,21.0,19.0,0.0,1.0,2,Weekend Warriors
1459034960484063296,Referral,desktop,4,7.0,7.0,0.0,0.0,1,Desktop Frecuente
1459050472203168026,Direct,desktop,6,6.0,5.0,0.1666666666666666,0.0,1,Desktop Frecuente
1459360539535171755,Referral,desktop,5,4.0,3.0,0.0,0.0,1,Desktop Frecuente
1459959210477445011,Organic Search,mobile,1,44.0,39.0,0.0,0.0,3,Mobile Users
1459983608838100423,Referral,desktop,4,11.0,10.5,0.0,0.0,1,Desktop Frecuente
1460451526173244694,Direct,desktop,2,9.0,8.5,0.0,0.0,1,Desktop Frecuente
1461441843694601191,Organic Search,desktop,1,46.0,37.0,0.0,0.0,0,Desktop Engaged
1463636140819732503,Direct,desktop,3,24.0,18.0,0.0,0.6666666666666666,2,Weekend Warriors
1464880667814734999,Referral,desktop,4,6.0,5.0,0.5,0.0,1,Desktop Frecuente
1465921528988606892,Organic Search,desktop,2,10.5,8.5,0.5,0.5,1,Desktop Frecuente
1466669446695203037,Organic Search,desktop,3,4.0,4.0,0.3333333333333333,0.6666666666666666,1,Desktop Frecuente
1467141040071374986,Direct,desktop,2,21.0,18.5,0.0,0.0,0,Desktop Engaged
1468478016521432136,Direct,desktop,4,7.5,6.5,0.0,0.0,1,Desktop Frecuente
1468560120795000800,Organic Search,desktop,3,22.0,17.0,0.3333333333333333,0.0,1,Desktop Frecuente
1468765833487358103,Referral,desktop,2,14.5,11.0,0.0,0.0,0,Desktop Engaged
1469835204108697998,Organic Search,desktop,1,24.0,22.0,0.0,0.0,0,Desktop Engaged
1470956649294061383,Direct,desktop,16,5.0,4.5,0.0625,0.0,1,Desktop Frecuente
1473787731334256605,Organic Search,desktop,1,37.0,28.0,0.0,0.0,0,Desktop Engaged
1476938238176225678,Referral,desktop,13,6.0,6.0,0.1538461538461538,0.1538461538461538,1,Desktop Frecuente
1477324888224570770,Organic Search,desktop,1,36.0,29.0,0.0,0.0,0,Desktop Engaged
1478304759820778936,Referral,desktop,25,8.0,6.0,0.04,0.0,1,Desktop Frecuente
1478676114594382999,Organic Search,desktop,1,50.0,45.0,0.0,0.0,0,Desktop Engaged
1479905681893527974,Organic Search,desktop,2,18.5,14.5,0.0,0.5,2,Weekend Warriors
1480311877127336013,Organic Search,desktop,40,6.0,6.0,0.0,0.225,1,Desktop Frecuente
1481084267519588690,Organic Search,desktop,6,3.5,3.0,0.1666666666666666,0.6666666666666666,1,Desktop Frecuente
1481233997478275239,Direct,desktop,2,6.0,5.5,0.0,0.0,1,Desktop Frecuente
1482296984579878669,Referral,desktop,3,9.0,7.0,0.0,0.0,1,Desktop Frecuente
1483444603828015067,Organic Search,desktop,1,77.0,58.0,0.0,1.0,2,Weekend Warriors
1484502136369116439,Organic Search,desktop,6,12.0,7.5,0.0,0.3333333333333333,1,Desktop Frecuente
1486156672928256962,Direct,desktop,3,6.0,6.0,0.0,0.3333333333333333,1,Desktop Frecuente
1489415395577768246,Organic Search,desktop,1,13.0,11.0,0.0,0.0,0,Desktop Engaged
1489499358843992719,Organic Search,desktop,2,12.0,12.0,0.5,0.0,1,Desktop Frecuente
1489909135644077602,Referral,desktop,5,14.0,12.0,0.2,0.0,1,Desktop Frecuente
1490558553818530030,Referral,desktop,1,62.0,52.0,0.0,0.0,0,Desktop Engaged
1491231904139719866,Paid Search,desktop,5,49.0,27.0,0.0,0.6,2,Weekend Warriors
1492792022571405239,Referral,desktop,2,14.0,12.0,0.0,0.5,2,Weekend Warriors
1494014144412248651,Referral,desktop,9,11.0,10.0,0.0,0.0,1,Desktop Frecuente
1494235640064680515,Organic Search,desktop,13,1.0,1.0,0.7692307692307693,0.2307692307692307,1,Desktop Frecuente
1495007874575994713,Direct,desktop,19,6.0,5.0,0.2105263157894736,0.0,1,Desktop Frecuente
1495136807015005077,Direct,desktop,1,45.0,37.0,0.0,1.0,2,Weekend Warriors
1495276033637299297,Organic Search,desktop,1,66.0,46.0,0.0,0.0,0,Desktop Engaged
1495824928611619172,Organic Search,mobile,2,20.5,18.0,0.0,0.0,3,Mobile Users
1496770085953274945,Direct,desktop,1,9.0,8.0,0.0,0.0,0,Desktop Engaged
1500606302843313366,Organic Search,desktop,1,17.0,15.0,0.0,0.0,0,Desktop Engaged
1500993811020181335,Direct,desktop,10,11.0,10.5,0.0,0.1,1,Desktop Frecuente
1501789786482785393,Paid Search,mobile,9,3.0,3.0,0.3333333333333333,0.0,3,Mobile Users
1501922563642798112,Direct,mobile,1,38.0,26.0,0.0,1.0,3,Mobile Users
1502528664071512300,Referral,desktop,3,9.0,8.0,0.0,0.3333333333333333,1,Desktop Frecuente
1502922485907270332,Referral,desktop,6,2.5,2.5,0.3333333333333333,0.0,1,Desktop Frecuente
1505005738555930573,Referral,desktop,4,10.5,8.5,0.25,0.0,1,Desktop Frecuente
1505845633682209456,Referral,desktop,2,35.0,27.0,0.0,0.5,2,Weekend Warriors
1506245895019104192,Organic Search,desktop,2,10.5,10.0,0.0,0.0,1,Desktop Frecuente
1507016731283408269,Referral,desktop,2,23.5,18.5,0.0,0.0,0,Desktop Engaged
1508632371147736112,Direct,tablet,1,18.0,14.0,0.0,0.0,3,Mobile Users
1508794680190064090,Display,desktop,1,47.0,38.0,0.0,0.0,0,Desktop Engaged
1509098808540073763,Organic Search,mobile,2,10.0,8.0,0.5,0.0,3,Mobile Users
1509207029214764906,Referral,desktop,1,29.0,21.0,0.0,0.0,0,Desktop Engaged
1510974355479295771,Organic Search,mobile,7,17.0,12.0,0.0,0.1428571428571428,3,Mobile Users
1511007737584531447,Referral,desktop,3,5.0,5.0,0.0,0.0,1,Desktop Frecuente
1511633690597496390,Direct,desktop,6,1.0,1.0,0.8333333333333334,0.0,1,Desktop Frecuente
1511822374866725842,Direct,desktop,1,35.0,27.0,0.0,0.0,0,Desktop Engaged
1511861170011403483,Direct,tablet,3,6.0,5.0,0.3333333333333333,0.0,3,Mobile Users
1514012509293129940,Referral,desktop,1,15.0,15.0,0.0,1.0,2,Weekend Warriors
1514746421372852688,Organic Search,desktop,2,33.5,27.5,0.0,0.0,0,Desktop Engaged
1515533480532794253,Referral,desktop,4,24.0,20.5,0.0,0.0,0,Desktop Engaged
1515634577143113797,Social,desktop,1,24.0,22.0,0.0,0.0,0,Desktop Engaged
1516347018012240739,Direct,desktop,1,16.0,14.0,0.0,0.0,0,Desktop Engaged
1516955943724404614,Referral,desktop,3,15.0,10.0,0.0,0.0,0,Desktop Engaged
1519300050555957150,Organic Search,desktop,1,60.0,45.0,0.0,1.0,2,Weekend Warriors
1519633874284190334,Referral,desktop,3,12.0,11.0,0.0,0.0,1,Desktop Frecuente
1520345374762824294,Direct,desktop,1,21.0,19.0,0.0,0.0,0,Desktop Engaged
1520477897333305865,Organic Search,desktop,1,40.0,31.0,0.0,0.0,0,Desktop Engaged
1520928358584851905,Referral,desktop,1,15.0,15.0,0.0,1.0,2,Weekend Warriors
1520999328918083380,Organic Search,desktop,1,19.0,17.0,0.0,0.0,0,Desktop Engaged
1521151312115546535,Referral,desktop,4,15.0,11.5,0.0,0.0,1,Desktop Frecuente
1523099638352669499,Direct,desktop,1,14.0,12.0,0.0,0.0,0,Desktop Engaged
1524133766699540447,Paid Search,mobile,1,26.0,24.0,0.0,0.0,3,Mobile Users
1530327474936163362,Organic Search,desktop,2,12.5,12.0,0.0,0.0,0,Desktop Engaged
1530608967503658373,Organic Search,desktop,4,2.5,2.5,0.25,0.5,1,Desktop Frecuente
1531412460891558131,Direct,desktop,1,19.0,19.0,0.0,0.0,0,Desktop Engaged
1531540148956296102,Referral,desktop,5,35.0,25.0,0.0,0.0,0,Desktop Engaged
1533016242418481907,Direct,desktop,2,15.0,12.5,0.0,0.0,0,Desktop Engaged
1534151826446645196,Direct,desktop,1,31.0,27.0,0.0,0.0,0,Desktop Engaged
1537806691973735253,Direct,desktop,4,4.5,3.5,0.5,0.0,1,Desktop Frecuente
1539346534251447627,Referral,desktop,1,51.0,39.0,0.0,0.0,0,Desktop Engaged
1541266830764459196,Referral,desktop,3,35.0,31.0,0.0,0.0,0,Desktop Engaged
1542973893665520458,Organic Search,desktop,1,44.0,36.0,0.0,0.0,0,Desktop Engaged
1543258820368301539,Referral,desktop,3,17.0,10.0,0.0,0.0,0,Desktop Engaged
1546626226233851002,Referral,desktop,5,20.0,18.0,0.2,0.0,1,Desktop Frecuente
1547996102864288970,Referral,desktop,6,11.0,8.5,0.0,0.0,1,Desktop Frecuente
1548048991240575759,Organic Search,desktop,3,6.0,4.0,0.3333333333333333,0.0,1,Desktop Frecuente
1551685942677239452,Direct,mobile,3,2.0,2.0,0.0,0.3333333333333333,3,Mobile Users
1552171782171201852,Direct,desktop,3,16.0,10.0,0.0,0.0,0,Desktop Engaged
1553504908601719051,Referral,desktop,4,9.5,8.5,0.0,0.0,1,Desktop Frecuente
1554718843022291627,Referral,desktop,2,9.0,8.0,0.0,0.0,1,Desktop Frecuente
1555076387153706787,Paid Search,mobile,13,1.0,1.0,0.5384615384615384,0.3076923076923077,3,Mobile Users
1560871818070295812,Direct,desktop,1,23.0,21.0,0.0,1.0,2,Weekend Warriors
1561119018673987946,Referral,desktop,2,29.0,22.0,0.0,0.0,0,Desktop Engaged
1561221900766291424,Referral,desktop,2,20.5,16.0,0.0,0.0,0,Desktop Engaged
1562776623325712285,Referral,desktop,18,3.5,3.0,0.2222222222222222,0.0,1,Desktop Frecuente
1563065767696461622,Referral,desktop,4,19.0,12.5,0.0,0.25,1,Desktop Frecuente
1563165194353120614,Referral,desktop,7,30.0,20.0,0.0,0.0,1,Desktop Frecuente
1563728423937786678,Referral,desktop,6,3.5,3.5,0.1666666666666666,0.0,1,Desktop Frecuente
1569663514316885370,Referral,desktop,7,4.0,4.0,0.4285714285714285,0.0,1,Desktop Frecuente
1569773917154693900,Referral,desktop,1,51.0,38.0,0.0,0.0,0,Desktop Engaged
1571242606796843580,Organic Search,mobile,3,1.0,1.0,0.6666666666666666,0.0,3,Mobile Users
1571410643102231537,Referral,desktop,2,16.5,13.5,0.0,0.0,0,Desktop Engaged
1572547756894209658,Organic Search,mobile,1,64.0,57.0,0.0,0.0,3,Mobile Users
1573919593896895308,Direct,desktop,2,18.5,14.0,0.5,0.0,1,Desktop Frecuente
1575299870459163170,Organic Search,mobile,1,18.0,16.0,0.0,0.0,3,Mobile Users
1575327793846123263,Referral,desktop,1,132.0,91.0,0.0,0.0,0,Desktop Engaged
1576812212871623253,Referral,desktop,4,12.5,10.5,0.0,0.0,1,Desktop Frecuente
1577248509656061433,Referral,desktop,1,24.0,18.0,0.0,0.0,0,Desktop Engaged
1578983142002266044,Referral,desktop,14,3.5,3.5,0.0,0.0714285714285714,1,Desktop Frecuente
1579091096057417396,Organic Search,desktop,2,16.5,15.5,0.0,0.5,2,Weekend Warriors
1579204935033750564,Organic Search,desktop,2,28.5,21.5,0.0,1.0,2,Weekend Warriors
1579519195077643704,Direct,desktop,1,26.0,20.0,0.0,0.0,0,Desktop Engaged
1581347276539058289,Direct,desktop,2,16.0,13.5,0.0,0.0,0,Desktop Engaged
1582078837281421428,Organic Search,desktop,3,14.0,10.0,0.0,0.0,1,Desktop Frecuente
1582753362351351109,Referral,desktop,1,30.0,24.0,0.0,0.0,0,Desktop Engaged
1589619757343679069,Organic Search,desktop,1,39.0,34.0,0.0,1.0,2,Weekend Warriors
1590294463633434388,Organic Search,tablet,1,10.0,8.0,0.0,1.0,3,Mobile Users
1591673974231051081,Direct,desktop,2,64.0,51.5,0.0,0.0,0,Desktop Engaged
1592947394109793824,Organic Search,desktop,2,27.5,22.0,0.0,0.0,0,Desktop Engaged
1595241437544943333,Referral,desktop,2,11.0,9.0,0.0,0.0,0,Desktop Engaged
1596310256826367221,Organic Search,desktop,1,56.0,40.0,0.0,1.0,2,Weekend Warriors
1596912606849218999,Direct,desktop,8,11.5,11.5,0.25,0.125,1,Desktop Frecuente
1599233696438848114,Organic Search,desktop,1,122.0,88.0,0.0,1.0,2,Weekend Warriors
1599573902620912792,Organic Search,desktop,1,29.0,23.0,0.0,0.0,0,Desktop Engaged
1599852514978862986,Paid Search,desktop,8,18.5,15.0,0.0,0.125,1,Desktop Frecuente
1600149537033335850,Referral,desktop,5,4.0,4.0,0.2,0.0,1,Desktop Frecuente
1603437381497416129,Organic Search,desktop,6,1.5,1.5,0.5,0.0,1,Desktop Frecuente
1614193653421769557,Direct,desktop,1,54.0,42.0,0.0,1.0,2,Weekend Warriors
1614961404175770147,Direct,desktop,2,61.5,22.5,0.0,0.0,0,Desktop Engaged
1615259019878986588,Referral,desktop,4,6.5,6.5,0.0,0.0,1,Desktop Frecuente
1617666835102825483,Organic Search,desktop,3,12.0,9.0,0.0,0.0,1,Desktop Frecuente
1618182564447890733,Organic Search,mobile,5,2.0,2.0,0.4,0.6,3,Mobile Users
1618402686799055031,Referral,desktop,6,8.0,8.0,0.1666666666666666,0.1666666666666666,1,Desktop Frecuente
1618884882553763938,Direct,desktop,10,6.5,6.0,0.1,0.2,1,Desktop Frecuente
1620948710344032805,Referral,desktop,2,29.5,23.5,0.0,0.0,0,Desktop Engaged
1627208831212925916,Referral,desktop,2,19.0,15.0,0.0,0.0,0,Desktop Engaged
1627561548063707415,Organic Search,desktop,1,33.0,26.0,0.0,0.0,0,Desktop Engaged
1628482803394048934,Organic Search,desktop,2,21.0,18.0,0.0,0.0,0,Desktop Engaged
1630629303487703081,Paid Search,desktop,18,3.0,3.0,0.0555555555555555,0.5,1,Desktop Frecuente
1631417180035527260,Direct,desktop,2,25.0,20.5,0.0,0.0,0,Desktop Engaged
1631675056945352864,Organic Search,mobile,1,26.0,24.0,0.0,0.0,3,Mobile Users
1634312136039689042,Organic Search,desktop,1,17.0,15.0,0.0,0.0,0,Desktop Engaged
1634397925109674668,Organic Search,desktop,6,11.0,9.5,0.0,0.1666666666666666,1,Desktop Frecuente
1634435651836897425,Referral,desktop,7,7.0,7.0,0.0,0.2857142857142857,1,Desktop Frecuente
1634896680671589410,Referral,desktop,4,9.0,7.0,0.25,0.25,1,Desktop Frecuente
1636432037261130042,Referral,desktop,4,3.5,3.5,0.0,0.25,1,Desktop Frecuente
1637147905663688954,Referral,desktop,4,18.0,13.5,0.0,0.0,1,Desktop Frecuente
1637834892997291095,Paid Search,desktop,3,11.0,11.0,0.0,0.0,1,Desktop Frecuente
1638541388980172603,Direct,desktop,1,58.0,46.0,0.0,0.0,0,Desktop Engaged
1638979583737081570,Organic Search,desktop,6,7.0,6.5,0.1666666666666666,0.5,1,Desktop Frecuente
1639072713254976825,Referral,desktop,3,14.0,7.0,0.3333333333333333,0.0,1,Desktop Frecuente
1639589047263376521,Referral,desktop,24,11.0,7.5,0.0416666666666666,0.25,1,Desktop Frecuente
1642230725550397951,Referral,desktop,4,19.5,12.5,0.25,0.0,1,Desktop Frecuente
1642287207440792926,Direct,desktop,2,23.0,22.5,0.0,0.0,0,Desktop Engaged
1643426621514516428,Organic Search,mobile,1,15.0,13.0,0.0,0.0,3,Mobile Users
1644386614096076703,Referral,desktop,8,3.5,3.5,0.375,0.0,1,Desktop Frecuente
1644471510299169992,Organic Search,mobile,2,9.0,9.0,0.0,0.5,3,Mobile Users
1646747992905805330,Organic Search,desktop,5,11.0,11.0,0.2,0.0,1,Desktop Frecuente
1647919038367422597,Organic Search,desktop,1,13.0,13.0,0.0,0.0,0,Desktop Engaged
1648291834073448774,Organic Search,desktop,3,20.0,16.0,0.0,0.0,0,Desktop Engaged
1649731062336600949,Referral,desktop,1,49.0,43.0,0.0,0.0,0,Desktop Engaged
1651859636793476193,Direct,desktop,5,27.0,21.0,0.0,0.0,0,Desktop Engaged
1655187180977818687,Referral,desktop,1,31.0,25.0,0.0,0.0,0,Desktop Engaged
1655308906576481640,Organic Search,tablet,3,36.0,30.0,0.0,0.0,3,Mobile Users
1655430627864078480,Organic Search,desktop,3,33.0,27.0,0.0,0.0,0,Desktop Engaged
1656531747952187328,Organic Search,desktop,4,10.5,9.5,0.25,0.0,1,Desktop Frecuente
1656927552400476520,Referral,desktop,2,53.5,47.5,0.0,0.0,0,Desktop Engaged
1657507319554207584,Direct,desktop,2,31.0,28.5,0.0,0.0,0,Desktop Engaged
1658702239532336072,Referral,desktop,3,9.0,6.0,0.0,0.0,1,Desktop Frecuente
1659300808857863875,Direct,desktop,1,86.0,59.0,0.0,0.0,0,Desktop Engaged
1661905858765979960,Referral,desktop,1,35.0,28.0,0.0,0.0,0,Desktop Engaged
1663588776724483567,Referral,desktop,3,12.0,8.0,0.0,0.0,1,Desktop Frecuente
1664525507644438639,Organic Search,desktop,4,3.0,3.0,0.0,0.25,1,Desktop Frecuente
1665687379365770562,Referral,desktop,1,27.0,20.0,0.0,0.0,0,Desktop Engaged
1665883834078021725,Direct,desktop,2,39.0,29.5,0.0,0.0,0,Desktop Engaged
1667204559662879956,Referral,desktop,2,18.0,15.0,0.0,0.0,0,Desktop Engaged
1667607933860052004,Referral,desktop,2,12.0,11.0,0.0,0.0,0,Desktop Engaged
1668298604221469868,Referral,desktop,3,9.0,8.0,0.3333333333333333,0.0,1,Desktop Frecuente
1669683377813905780,Organic Search,desktop,1,23.0,20.0,0.0,0.0,0,Desktop Engaged
1671489519986365799,Organic Search,desktop,1,48.0,41.0,0.0,0.0,0,Desktop Engaged
1672029100835337721,Referral,desktop,2,14.5,11.0,0.0,0.0,0,Desktop Engaged
1672614276054120363,Organic Search,desktop,6,8.0,7.5,0.0,0.1666666666666666,1,Desktop Frecuente
1673188218512892503,Referral,desktop,1,48.0,34.0,0.0,1.0,2,Weekend Warriors
1675106320886128979,Organic Search,desktop,1,17.0,15.0,0.0,0.0,0,Desktop Engaged
1675171647898452800,Referral,desktop,7,4.0,4.0,0.2857142857142857,0.0,1,Desktop Frecuente
1675175168497645253,Paid Search,mobile,1,33.0,27.0,0.0,0.0,3,Mobile Users
1675608109098320028,Referral,desktop,2,41.0,29.5,0.0,0.0,0,Desktop Engaged
1676917972388479950,Referral,desktop,6,10.5,7.0,0.0,0.0,1,Desktop Frecuente
1677668617700674850,Referral,desktop,2,18.5,14.0,0.0,0.5,2,Weekend Warriors
1680034700682349362,Direct,desktop,3,25.0,22.0,0.0,0.0,0,Desktop Engaged
1680230246971032368,Organic Search,desktop,1,42.0,38.0,0.0,0.0,0,Desktop Engaged
1680608096479293368,Organic Search,desktop,1,28.0,24.0,0.0,0.0,0,Desktop Engaged
1681725530840871996,Organic Search,mobile,3,9.0,6.0,0.3333333333333333,0.0,3,Mobile Users
1681975491896946073,Organic Search,desktop,5,5.0,5.0,0.4,0.6,1,Desktop Frecuente
1682749722677874840,Referral,desktop,4,9.5,8.0,0.0,0.0,1,Desktop Frecuente
1685152054831161722,Direct,mobile,3,6.0,5.0,0.3333333333333333,0.0,3,Mobile Users
1685233972617661487,Organic Search,desktop,3,20.0,16.0,0.0,0.6666666666666666,2,Weekend Warriors
1685335291483410828,Direct,mobile,1,18.0,18.0,0.0,0.0,3,Mobile Users
1687498847515773010,Organic Search,desktop,10,4.0,4.0,0.0,0.2,1,Desktop Frecuente
1689971713322520548,Referral,desktop,3,17.0,11.0,0.0,0.3333333333333333,0,Desktop Engaged
1691262461712944619,Referral,desktop,16,9.5,8.5,0.25,0.125,1,Desktop Frecuente
1693439860882386132,Organic Search,desktop,1,18.0,15.0,0.0,1.0,2,Weekend Warriors
1697669626154342415,Direct,desktop,1,46.0,42.0,0.0,0.0,0,Desktop Engaged
1700283249840383567,Organic Search,desktop,1,36.0,26.0,0.0,0.0,0,Desktop Engaged
1700609130289534908,Organic Search,desktop,1,22.0,18.0,0.0,1.0,2,Weekend Warriors
1702474213534153249,Referral,desktop,3,5.0,5.0,0.0,0.0,1,Desktop Frecuente
1703470801983285779,Display,desktop,1,22.0,18.0,0.0,0.0,0,Desktop Engaged
1704026974933419709,Organic Search,desktop,1,27.0,22.0,0.0,0.0,0,Desktop Engaged
1704063406667441937,Organic Search,desktop,1,29.0,28.0,0.0,0.0,0,Desktop Engaged
1704269846042149545,Referral,desktop,2,5.5,5.0,0.5,0.0,1,Desktop Frecuente
1705138501904167944,Organic Search,desktop,1,44.0,34.0,0.0,0.0,0,Desktop Engaged
1706545499690432606,Organic Search,desktop,1,60.0,48.0,0.0,1.0,2,Weekend Warriors
1707391697504379709,Referral,desktop,2,8.5,8.5,0.0,0.5,1,Desktop Frecuente
1707670844479658461,Direct,desktop,3,31.0,22.0,0.0,0.0,0,Desktop Engaged
1708063999877429517,Referral,desktop,9,3.0,3.0,0.1111111111111111,0.0,1,Desktop Frecuente
1709139009550735099,Paid Search,desktop,1,38.0,32.0,0.0,1.0,2,Weekend Warriors
1709922121501026166,Referral,mobile,7,7.0,7.0,0.1428571428571428,0.5714285714285714,3,Mobile Users
1710028680254834304,Organic Search,desktop,5,22.0,14.0,0.0,0.0,0,Desktop Engaged
1710046532262949205,Referral,desktop,11,18.0,14.0,0.1818181818181818,0.0,1,Desktop Frecuente
1710276641442998015,Referral,desktop,1,56.0,47.0,0.0,1.0,2,Weekend Warriors
1712066703099487652,Referral,desktop,12,5.0,5.0,0.1666666666666666,0.0833333333333333,1,Desktop Frecuente
1712593526957170290,Direct,tablet,1,36.0,29.0,0.0,0.0,3,Mobile Users
1713847086511016991,Referral,desktop,2,11.5,9.5,0.5,0.0,1,Desktop Frecuente
1714224568602115388,Organic Search,mobile,1,36.0,31.0,0.0,1.0,3,Mobile Users
1716182036681293379,Referral,desktop,3,21.0,15.0,0.0,0.3333333333333333,0,Desktop Engaged
1716600198046366985,Referral,desktop,1,98.0,71.0,0.0,0.0,0,Desktop Engaged
1716654206018570028,Referral,desktop,1,16.0,15.0,0.0,0.0,0,Desktop Engaged
1717181767260918300,Organic Search,mobile,4,20.5,17.0,0.5,0.0,3,Mobile Users
1720006022504089919,Direct,desktop,35,4.0,4.0,0.3142857142857143,0.0285714285714285,1,Desktop Frecuente
1720310829947016346,Referral,desktop,2,15.5,13.5,0.0,0.0,0,Desktop Engaged
1720457021844230550,Referral,desktop,5,11.0,8.0,0.4,0.0,1,Desktop Frecuente
1720622772821071507,Referral,desktop,1,32.0,31.0,0.0,0.0,0,Desktop Engaged
1721806610766296421,Referral,desktop,3,5.0,4.0,0.0,0.0,1,Desktop Frecuente
1722461121471854562,Organic Search,mobile,3,8.0,8.0,0.0,0.0,3,Mobile Users
1722480716347032461,Referral,desktop,3,18.0,11.0,0.0,0.0,0,Desktop Engaged
1722806790293902576,Referral,desktop,5,7.0,7.0,0.0,0.2,1,Desktop Frecuente
1724440306318274648,Referral,desktop,9,6.0,4.0,0.2222222222222222,0.0,1,Desktop Frecuente
1725664254318126808,Organic Search,mobile,7,1.0,1.0,0.5714285714285714,0.2857142857142857,3,Mobile Users
1725749160800980058,Referral,desktop,2,24.5,19.5,0.5,0.0,0,Desktop Engaged
1727189977391865279,Organic Search,desktop,4,7.5,7.5,0.25,0.0,1,Desktop Frecuente
1727477169866925669,Organic Search,desktop,1,16.0,14.0,0.0,1.0,2,Weekend Warriors
1727715375435944327,Direct,mobile,3,3.0,3.0,0.3333333333333333,1.0,3,Mobile Users
1728187854815713111,Referral,desktop,1,32.0,26.0,0.0,0.0,0,Desktop Engaged
1729268530542917241,Direct,desktop,1,29.0,22.0,0.0,0.0,0,Desktop Engaged
1729629382364849141,Referral,desktop,5,5.0,5.0,0.0,0.2,1,Desktop Frecuente
1733292548126989965,Direct,desktop,1,15.0,15.0,0.0,0.0,0,Desktop Engaged
1733632650779554771,Referral,desktop,1,27.0,22.0,0.0,0.0,0,Desktop Engaged
1735733574864942932,Referral,desktop,2,55.5,41.5,0.0,0.0,0,Desktop Engaged
1735957877782185847,Referral,desktop,4,20.5,16.0,0.0,0.0,0,Desktop Engaged
1738165466373863553,Direct,desktop,1,15.0,14.0,0.0,0.0,0,Desktop Engaged
1738541796150061082,Organic Search,desktop,6,20.5,15.5,0.1666666666666666,0.5,1,Desktop Frecuente
1738877552800780559,Referral,desktop,2,15.5,14.0,0.0,0.0,0,Desktop Engaged
1739823917347946740,Organic Search,desktop,21,10.0,6.0,0.0952380952380952,0.1428571428571428,1,Desktop Frecuente
1740096949560523754,Referral,desktop,4,6.5,6.5,0.0,0.5,1,Desktop Frecuente
1740516675967625074,Referral,desktop,2,14.0,10.5,0.0,0.0,0,Desktop Engaged
1741172694620038876,Organic Search,desktop,1,67.0,44.0,0.0,1.0,2,Weekend Warriors
1743601806406480727,Direct,desktop,1,126.0,78.0,0.0,0.0,0,Desktop Engaged
1743883708888557342,Organic Search,desktop,2,10.5,9.5,0.0,0.5,2,Weekend Warriors
1747158285206837296,Referral,desktop,1,30.0,23.0,0.0,0.0,0,Desktop Engaged
1748823667691888878,Organic Search,desktop,3,51.0,38.0,0.0,1.0,2,Weekend Warriors
1749853719127085935,Direct,desktop,1,13.0,11.0,0.0,0.0,0,Desktop Engaged
1750309305209868521,Referral,desktop,6,8.5,7.0,0.0,0.1666666666666666,1,Desktop Frecuente
1750514406451146951,Referral,desktop,3,7.0,7.0,0.0,0.0,1,Desktop Frecuente
1751309915031023278,Organic Search,desktop,6,9.0,6.5,0.0,0.5,1,Desktop Frecuente
1754237628873479248,Referral,desktop,2,23.5,21.5,0.0,0.0,0,Desktop Engaged
1754913906837979962,Referral,desktop,2,18.0,14.5,0.0,0.0,0,Desktop Engaged
1755285075789070273,Direct,mobile,5,5.0,4.0,0.2,0.0,3,Mobile Users
1755438626455874650,Referral,desktop,1,47.0,39.0,0.0,1.0,2,Weekend Warriors
1758112154920698235,Referral,desktop,3,13.0,8.0,0.3333333333333333,1.0,2,Weekend Warriors
1758403603414007957,Organic Search,desktop,4,29.0,21.5,0.25,0.0,0,Desktop Engaged
1759164715589442181,Organic Search,mobile,1,52.0,43.0,0.0,1.0,2,Weekend Warriors
1759399397245145519,Referral,desktop,1,15.0,13.0,0.0,0.0,0,Desktop Engaged
1759779356678951325,Direct,desktop,22,15.0,13.0,0.1363636363636363,0.0,1,Desktop Frecuente
1761084588077503545,Referral,desktop,2,20.0,16.0,0.0,0.0,0,Desktop Engaged
1761613768305103159,Referral,desktop,4,8.5,7.5,0.0,0.0,1,Desktop Frecuente
1761839274702082188,Referral,desktop,5,4.0,4.0,0.0,0.0,1,Desktop Frecuente
1762309596636885789,Direct,desktop,3,12.0,12.0,0.3333333333333333,0.0,1,Desktop Frecuente
1762540039573649288,Referral,desktop,2,12.0,10.0,0.5,0.0,1,Desktop Frecuente
1765174534207542006,Referral,desktop,1,19.0,15.0,0.0,0.0,0,Desktop Engaged
1765448131945417161,Referral,desktop,1,35.0,25.0,0.0,0.0,0,Desktop Engaged
1766466254683326555,Organic Search,desktop,1,27.0,18.0,0.0,0.0,0,Desktop Engaged
1766574900434071803,Referral,desktop,1,22.0,17.0,0.0,0.0,0,Desktop Engaged
1772086270996280264,Referral,desktop,2,19.0,13.0,0.0,0.0,0,Desktop Engaged
1773585151550770060,Referral,desktop,1,21.0,18.0,0.0,1.0,2,Weekend Warriors
1774472718303082739,Organic Search,mobile,3,23.0,14.0,0.0,0.0,3,Mobile Users
1774756696067199606,Organic Search,desktop,6,16.0,12.0,0.1666666666666666,0.3333333333333333,1,Desktop Frecuente
1776097454835233933,Referral,desktop,2,43.5,32.0,0.0,0.0,0,Desktop Engaged
1776208883064739758,Organic Search,mobile,4,10.0,9.0,0.25,0.75,3,Mobile Users
1776658355119092313,Direct,desktop,2,10.5,9.0,0.0,0.0,0,Desktop Engaged
1778974333351485878,Referral,desktop,1,44.0,31.0,0.0,0.0,0,Desktop Engaged
1781010856470588280,Paid Search,desktop,1,39.0,34.0,0.0,0.0,0,Desktop Engaged
1781628475193347891,Referral,desktop,1,57.0,44.0,0.0,0.0,0,Desktop Engaged
1783689121802630504,Direct,desktop,2,18.5,15.0,0.0,0.0,0,Desktop Engaged
1783799156295580451,Organic Search,desktop,1,53.0,42.0,0.0,0.0,0,Desktop Engaged
1785770568670204175,Referral,desktop,4,25.0,18.5,0.0,0.0,0,Desktop Engaged
1786848071715293136,Direct,desktop,5,3.0,3.0,0.4,0.0,1,Desktop Frecuente
1787782148988607954,Organic Search,desktop,1,17.0,15.0,0.0,0.0,0,Desktop Engaged
1788821557612068875,Organic Search,desktop,3,9.0,9.0,0.0,0.0,1,Desktop Frecuente
1790056396751623380,Referral,desktop,8,2.0,1.5,0.375,0.0,1,Desktop Frecuente
1790257828518199138,Referral,desktop,1,63.0,45.0,0.0,0.0,0,Desktop Engaged
1790630358090197146,Organic Search,desktop,2,50.0,37.5,0.0,0.0,0,Desktop Engaged
1791403729056755993,Organic Search,mobile,1,12.0,12.0,0.0,0.0,3,Mobile Users
1794229321970124318,Direct,mobile,1,51.0,34.0,0.0,0.0,3,Mobile Users
1794290733386551396,Referral,desktop,10,5.0,5.0,0.2,0.3,1,Desktop Frecuente
1796752581308376483,Organic Search,desktop,1,34.0,26.0,0.0,0.0,0,Desktop Engaged
1799218307967476916,Organic Search,desktop,1,16.0,14.0,0.0,0.0,0,Desktop Engaged
1799384320519544940,Referral,desktop,1,34.0,29.0,0.0,1.0,2,Weekend Warriors
1799811796285351595,Referral,desktop,2,15.0,13.0,0.0,0.0,0,Desktop Engaged
1804930412747691262,Referral,desktop,3,26.0,20.0,0.0,0.3333333333333333,0,Desktop Engaged
1805199738118049735,Organic Search,desktop,1,27.0,23.0,0.0,1.0,2,Weekend Warriors
1806006534240481243,Organic Search,desktop,3,18.0,15.0,0.3333333333333333,0.6666666666666666,2,Weekend Warriors
1807168875830631146,Referral,desktop,8,6.0,4.0,0.0,0.0,1,Desktop Frecuente
1807459329834754968,Organic Search,desktop,1,80.0,70.0,0.0,0.0,0,Desktop Engaged
1811633901162134575,Organic Search,mobile,2,31.0,22.5,0.5,0.5,3,Mobile Users
1814166460229302850,Direct,desktop,15,59.0,40.0,0.0666666666666666,0.0,1,Desktop Frecuente
1814633817459117169,Organic Search,mobile,1,28.0,20.0,0.0,1.0,3,Mobile Users
1817098361006619114,Referral,desktop,2,13.0,13.0,0.0,0.0,0,Desktop Engaged
1817256435818850257,Organic Search,desktop,16,1.5,1.5,0.5,0.0625,1,Desktop Frecuente
1817311646985254835,Organic Search,desktop,1,43.0,36.0,0.0,0.0,0,Desktop Engaged
1818521455599915164,Direct,desktop,1,21.0,18.0,0.0,0.0,0,Desktop Engaged
1820693889236774017,Organic Search,tablet,1,17.0,17.0,0.0,0.0,3,Mobile Users
1824403942849017875,Direct,desktop,1,43.0,33.0,0.0,0.0,0,Desktop Engaged
1827094194524010860,Direct,desktop,1,16.0,16.0,0.0,0.0,0,Desktop Engaged
1827763305655925232,Referral,desktop,4,29.5,19.5,0.0,0.0,0,Desktop Engaged
1828339986405784308,Direct,desktop,6,8.0,7.0,0.3333333333333333,0.1666666666666666,1,Desktop Frecuente
1828950887342366657,Organic Search,desktop,1,17.0,15.0,0.0,0.0,0,Desktop Engaged
1829928690197170019,Organic Search,desktop,2,44.0,33.0,0.0,0.0,0,Desktop Engaged
1830678414845743421,Organic Search,desktop,2,30.0,24.5,0.0,0.5,2,Weekend Warriors
1831648988411088045,Organic Search,desktop,2,28.5,25.0,0.0,0.5,2,Weekend Warriors
1832154460054501004,Referral,desktop,4,12.0,9.0,0.25,0.0,1,Desktop Frecuente
1832346198788998091,Organic Search,desktop,2,18.5,13.5,0.5,1.0,2,Weekend Warriors
1833282132105102358,Direct,desktop,1,15.0,13.0,0.0,0.0,0,Desktop Engaged
1833474884498014374,Direct,desktop,2,11.0,9.5,0.0,0.0,0,Desktop Engaged
1833888103682137596,Organic Search,desktop,1,20.0,20.0,0.0,0.0,0,Desktop Engaged
1835011488823009985,Organic Search,desktop,2,36.0,27.0,0.0,0.0,0,Desktop Engaged
1835132804289989526,Referral,desktop,12,8.0,6.5,0.0,0.0,1,Desktop Frecuente
1836393666420378947,Referral,desktop,1,24.0,21.0,0.0,0.0,0,Desktop Engaged
1838185518562718832,Organic Search,mobile,8,4.5,4.5,0.125,0.375,3,Mobile Users
1840851331130609869,Referral,desktop,2,18.5,16.0,0.0,0.0,0,Desktop Engaged
1841706161179042539,Referral,desktop,5,8.0,8.0,0.2,0.0,1,Desktop Frecuente
1842106171508051051,Organic Search,desktop,4,7.5,7.5,0.0,0.5,1,Desktop Frecuente
1845281550200982748,Organic Search,desktop,2,19.5,17.5,0.0,0.0,0,Desktop Engaged
1845526144888947016,Direct,desktop,1,18.0,15.0,0.0,0.0,0,Desktop Engaged
1845647655328676272,Referral,desktop,2,32.0,21.0,0.0,0.0,0,Desktop Engaged
1849906954215296139,Social,mobile,2,16.0,14.5,0.5,0.5,3,Mobile Users
1852474862116270404,Organic Search,desktop,6,16.0,13.0,0.0,0.0,1,Desktop Frecuente
1852649172317720042,Paid Search,desktop,5,8.0,8.0,0.2,0.0,1,Desktop Frecuente
1853354006844038889,Organic Search,desktop,2,51.5,37.0,0.0,0.0,0,Desktop Engaged
1853598182868352688,Referral,desktop,1,13.0,13.0,0.0,0.0,0,Desktop Engaged
1854405837570982370,Organic Search,desktop,2,30.0,23.0,0.5,0.5,2,Weekend Warriors
1856789034184748379,Referral,desktop,8,4.0,4.0,0.375,0.0,1,Desktop Frecuente
1859923053751186774,Organic Search,desktop,1,11.0,11.0,0.0,0.0,0,Desktop Engaged
1859987569807691827,Direct,desktop,4,10.5,10.0,0.0,0.5,1,Desktop Frecuente
1860043119343068169,Organic Search,desktop,3,26.0,20.0,0.0,0.6666666666666666,2,Weekend Warriors
1860143669054960648,Organic Search,desktop,2,16.5,14.5,0.5,0.0,1,Desktop Frecuente
1860697994072848784,Paid Search,mobile,7,3.0,3.0,0.4285714285714285,0.1428571428571428,3,Mobile Users
1862421020619343868,Referral,desktop,3,26.0,21.0,0.0,0.0,0,Desktop Engaged
1862546724568841127,Organic Search,desktop,2,9.0,9.0,0.5,0.0,1,Desktop Frecuente
1863054289029276927,Direct,desktop,7,2.0,2.0,0.4285714285714285,0.0,1,Desktop Frecuente
1863623332795455287,Organic Search,mobile,1,99.0,82.0,0.0,1.0,2,Weekend Warriors
1864017936714423665,Referral,desktop,1,78.0,62.0,0.0,0.0,0,Desktop Engaged
1864783493750770519,Referral,desktop,3,2.0,2.0,0.0,0.3333333333333333,1,Desktop Frecuente
1865140170192827585,Referral,desktop,2,26.0,21.0,0.0,0.0,0,Desktop Engaged
1866457015323944789,Organic Search,mobile,1,21.0,15.0,0.0,0.0,3,Mobile Users
1868405397995157975,Organic Search,mobile,1,24.0,24.0,0.0,0.0,3,Mobile Users
1868935000075627039,Organic Search,desktop,4,6.5,4.5,0.0,0.0,1,Desktop Frecuente
1869599090210681270,Referral,desktop,18,2.5,2.0,0.2777777777777778,0.0555555555555555,1,Desktop Frecuente
1871702930440783292,Referral,desktop,1,16.0,14.0,0.0,0.0,0,Desktop Engaged
1872757799140819375,Paid Search,desktop,1,19.0,15.0,0.0,0.0,0,Desktop Engaged
1875268638592946287,Organic Search,mobile,3,4.0,4.0,0.3333333333333333,0.6666666666666666,3,Mobile Users
1875834855839567395,Referral,desktop,3,20.0,18.0,0.0,0.3333333333333333,0,Desktop Engaged
1878787981465510145,Direct,desktop,2,21.0,15.5,0.5,0.0,0,Desktop Engaged
1881458907401964229,Referral,desktop,7,41.0,26.0,0.0,0.4285714285714285,0,Desktop Engaged
1882187047309796513,Organic Search,mobile,2,20.0,17.0,0.0,0.0,3,Mobile Users
1882371542926030102,Direct,tablet,1,35.0,28.0,0.0,1.0,2,Weekend Warriors
1884511874414753238,Organic Search,mobile,7,86.0,64.0,0.2857142857142857,1.0,3,Mobile Users
1885392946834138494,Direct,desktop,1,51.0,40.0,0.0,0.0,0,Desktop Engaged
1885575457462592909,Organic Search,desktop,1,58.0,44.0,0.0,0.0,0,Desktop Engaged
1885676882208410768,Organic Search,desktop,1,23.0,19.0,0.0,0.0,0,Desktop Engaged
1888745689624472388,Direct,desktop,8,17.5,13.5,0.0,0.0,1,Desktop Frecuente
1889119833894765206,Referral,desktop,1,33.0,24.0,0.0,0.0,0,Desktop Engaged
1889446797400507159,Direct,desktop,2,33.0,22.5,0.0,1.0,2,Weekend Warriors
1891695043841609231,Organic Search,desktop,2,32.0,26.5,0.0,1.0,2,Weekend Warriors
1891868313007224972,Organic Search,desktop,3,10.0,10.0,0.0,0.0,1,Desktop Frecuente
1892415796758956218,Direct,desktop,4,7.0,6.0,0.0,0.0,1,Desktop Frecuente
1892504515910818669,Organic Search,desktop,3,22.0,16.0,0.0,0.0,0,Desktop Engaged
1894617860778311526,Organic Search,desktop,4,16.5,14.0,0.0,0.0,1,Desktop Frecuente
1895007641407662784,Referral,desktop,4,1.0,1.0,0.75,0.0,1,Desktop Frecuente
1895782678595492670,Referral,desktop,6,6.5,6.0,0.3333333333333333,0.1666666666666666,1,Desktop Frecuente
1896035155990573311,Direct,desktop,1,62.0,44.0,0.0,0.0,0,Desktop Engaged
1896927659372882105,Organic Search,desktop,2,9.0,8.0,0.0,0.0,1,Desktop Frecuente
1899188148702016323,Referral,desktop,17,7.0,7.0,0.1764705882352941,0.4117647058823529,1,Desktop Frecuente
1900751757344358129,Referral,desktop,2,13.0,11.0,0.0,0.0,0,Desktop Engaged
1900860815673587826,Organic Search,desktop,5,25.0,18.0,0.0,0.0,1,Desktop Frecuente
1900898927258752827,Referral,desktop,1,25.0,20.0,0.0,0.0,0,Desktop Engaged
1901345601701391532,Referral,desktop,2,18.0,14.0,0.5,0.0,1,Desktop Frecuente
1901353870943864683,Organic Search,mobile,2,14.0,11.5,0.5,0.0,3,Mobile Users
1902004978039013090,Organic Search,tablet,3,3.0,3.0,0.3333333333333333,0.0,3,Mobile Users
1905601603242266663,Organic Search,desktop,1,71.0,56.0,0.0,0.0,0,Desktop Engaged
1906926996764473743,Referral,desktop,3,4.0,4.0,0.0,0.0,1,Desktop Frecuente
1907472176761894509,Referral,desktop,6,29.5,24.0,0.3333333333333333,0.0,1,Desktop Frecuente
1907624706752111002,Direct,desktop,2,24.0,20.5,0.0,0.0,0,Desktop Engaged
1907885199880044523,Direct,desktop,4,7.5,3.5,0.0,0.0,1,Desktop Frecuente
1908025303707716232,Organic Search,desktop,4,10.5,9.5,0.25,0.0,1,Desktop Frecuente
1908229962583615364,Organic Search,desktop,2,16.0,14.0,0.0,1.0,2,Weekend Warriors
1911795501373926670,Referral,desktop,2,34.5,27.0,0.0,0.0,0,Desktop Engaged
1912171696404614362,Referral,desktop,3,14.0,14.0,0.0,0.0,1,Desktop Frecuente
1912325776785517959,Direct,desktop,2,16.0,14.0,0.0,0.0,0,Desktop Engaged
1913537324529991256,Referral,desktop,3,22.0,21.0,0.0,0.3333333333333333,0,Desktop Engaged
1915070543661509940,Direct,mobile,2,29.0,19.0,0.0,1.0,3,Mobile Users
1915538933685278364,Referral,desktop,13,3.0,3.0,0.2307692307692307,0.0769230769230769,1,Desktop Frecuente
1915695559996088119,Organic Search,desktop,1,16.0,14.0,0.0,0.0,0,Desktop Engaged
1916023905118162049,Referral,desktop,7,20.0,17.0,0.2857142857142857,0.2857142857142857,1,Desktop Frecuente
1916313018112377953,Display,desktop,4,5.5,4.5,0.0,0.0,1,Desktop Frecuente
1917703421889337205,Direct,desktop,1,18.0,18.0,0.0,0.0,0,Desktop Engaged
1918500785081958231,Organic Search,mobile,14,9.0,7.5,0.4285714285714285,0.0,3,Mobile Users
1919186994660632677,Direct,desktop,1,25.0,22.0,0.0,0.0,0,Desktop Engaged
1921325710867532207,Referral,desktop,4,11.0,8.5,0.0,0.0,1,Desktop Frecuente
1921879989553252986,Referral,desktop,4,8.5,6.0,0.0,0.25,1,Desktop Frecuente
1922068803710051901,Direct,desktop,1,24.0,22.0,0.0,0.0,0,Desktop Engaged
1922510765164338251,Referral,desktop,1,37.0,29.0,0.0,0.0,0,Desktop Engaged
1922536845404331112,Referral,desktop,2,8.5,7.0,0.0,0.0,1,Desktop Frecuente
1922879125134891876,Referral,desktop,2,16.5,14.0,0.0,0.0,0,Desktop Engaged
1924458237730000404,Paid Search,mobile,3,13.0,12.0,0.0,0.3333333333333333,3,Mobile Users
1924849965126842610,Paid Search,desktop,1,38.0,27.0,0.0,0.0,0,Desktop Engaged
1924994271392732198,Organic Search,mobile,3,18.0,14.0,0.3333333333333333,0.3333333333333333,3,Mobile Users
1925633389522225305,Organic Search,desktop,2,28.5,24.5,0.0,0.0,0,Desktop Engaged
1927175312147751345,Referral,desktop,13,11.0,9.0,0.0,0.1538461538461538,1,Desktop Frecuente
1929978424426570223,Organic Search,desktop,21,2.0,2.0,0.3333333333333333,0.238095238095238,1,Desktop Frecuente
1930047629399360131,Direct,desktop,2,45.5,32.5,0.0,0.0,0,Desktop Engaged
1930306935121258634,Referral,desktop,4,2.0,2.0,0.0,0.25,1,Desktop Frecuente
1930328247760052001,Organic Search,desktop,7,1.0,1.0,0.5714285714285714,0.1428571428571428,1,Desktop Frecuente
1930841378800737827,Organic Search,desktop,7,8.0,7.0,0.0,0.2857142857142857,1,Desktop Frecuente
1931486566224793189,Referral,desktop,3,2.0,2.0,0.0,0.0,1,Desktop Frecuente
1931723981901564088,Referral,desktop,1,27.0,23.0,0.0,1.0,2,Weekend Warriors
1936804138170458457,Organic Search,desktop,1,14.0,14.0,0.0,0.0,0,Desktop Engaged
1937147720930640984,Organic Search,desktop,2,12.0,11.0,0.0,0.0,0,Desktop Engaged
1939406125512685779,Referral,desktop,9,6.0,5.0,0.0,0.0,1,Desktop Frecuente
1939626548556560921,Referral,desktop,4,6.0,6.0,0.25,0.0,1,Desktop Frecuente
1940236239352027930,Organic Search,mobile,3,11.0,8.0,0.3333333333333333,0.6666666666666666,3,Mobile Users
1941279334540452285,Direct,desktop,2,21.0,18.5,0.0,0.0,0,Desktop Engaged
1941467346897842010,Direct,desktop,1,20.0,20.0,0.0,0.0,0,Desktop Engaged
1944533426362788043,Direct,mobile,2,24.0,18.0,0.5,0.0,3,Mobile Users
1944748031744566172,Referral,desktop,3,33.0,27.0,0.0,0.6666666666666666,2,Weekend Warriors
1945356518747036397,Direct,desktop,3,17.0,10.0,0.0,0.0,0,Desktop Engaged
1945460168303919891,Direct,desktop,2,10.0,8.5,0.0,0.5,2,Weekend Warriors
1945823643105525576,Organic Search,mobile,3,8.5,8.0,0.0,0.0,3,Mobile Users
1947121287364717065,Direct,desktop,4,2.0,1.5,0.5,0.0,1,Desktop Frecuente
1947343681843355858,Direct,desktop,2,25.0,19.0,0.0,0.0,0,Desktop Engaged
1950054804441363108,Referral,desktop,3,16.0,10.0,0.0,0.0,0,Desktop Engaged
1952489722981028031,Organic Search,desktop,3,22.0,21.0,0.0,0.0,0,Desktop Engaged
1956307607572137989,Organic Search,desktop,29,9.0,7.0,0.0689655172413793,0.0,1,Desktop Frecuente
1957458976293878100,Organic Search,desktop,278,6.0,5.0,0.039568345323741,0.0071942446043165,1,Desktop Frecuente
1958027061626351603,Referral,desktop,2,59.5,39.0,0.0,0.0,0,Desktop Engaged
1958192249642375634,Organic Search,desktop,1,23.0,17.0,0.0,0.0,0,Desktop Engaged
1958518504412290611,Referral,desktop,1,17.0,17.0,0.0,0.0,0,Desktop Engaged
1959133989198624732,Referral,desktop,18,2.0,2.0,0.3333333333333333,0.0,1,Desktop Frecuente
1964064266327682396,Organic Search,desktop,1,31.0,25.0,0.0,1.0,2,Weekend Warriors
1965269945643678897,Organic Search,desktop,1,67.0,39.0,0.0,0.0,0,Desktop Engaged
1965405491406486388,Direct,desktop,1,18.0,15.0,0.0,0.0,0,Desktop Engaged
1966408168791591743,Referral,desktop,3,52.0,38.0,0.0,0.0,0,Desktop Engaged
1970566993843297718,Organic Search,desktop,4,13.0,10.5,0.0,0.5,1,Desktop Frecuente
1971879185768782326,Organic Search,desktop,2,62.5,53.5,0.0,0.0,0,Desktop Engaged
1973279275238171732,Direct,desktop,3,26.0,20.0,0.0,0.6666666666666666,2,Weekend Warriors
1973770164859106217,Organic Search,desktop,2,30.0,21.5,0.0,0.0,0,Desktop Engaged
1974892456165187964,Organic Search,desktop,1,26.0,22.0,0.0,0.0,0,Desktop Engaged
1977171862732443916,Referral,desktop,6,2.5,2.5,0.3333333333333333,0.0,1,Desktop Frecuente
1977256117656372433,Organic Search,mobile,1,31.0,24.0,0.0,1.0,3,Mobile Users
1977361136349656353,Referral,desktop,2,9.5,8.5,0.0,0.0,1,Desktop Frecuente
1978060402738405098,Direct,desktop,1,33.0,24.0,0.0,0.0,0,Desktop Engaged
1978868515963084363,Referral,desktop,10,6.0,5.0,0.0,0.1,1,Desktop Frecuente
1983590358337502597,Referral,desktop,2,27.0,24.0,0.0,0.5,2,Weekend Warriors
1984127525672882092,Referral,desktop,4,10.0,8.0,0.0,0.0,1,Desktop Frecuente
1986045889598602804,Display,desktop,2,22.5,22.0,0.0,0.0,0,Desktop Engaged
1989547808289808392,Referral,desktop,3,14.0,14.0,0.0,0.0,1,Desktop Frecuente
1992524663355692792,Organic Search,desktop,3,9.0,9.0,0.0,0.6666666666666666,1,Desktop Frecuente
1995748726207840322,Direct,desktop,4,2.5,2.0,0.25,1.0,1,Desktop Frecuente
1995912971460656574,Referral,desktop,3,29.0,25.0,0.0,0.0,0,Desktop Engaged
1996186587769697436,Referral,desktop,3,34.0,17.0,0.0,0.0,0,Desktop Engaged
1996275771691758452,Organic Search,desktop,1,32.0,26.0,0.0,0.0,0,Desktop Engaged
1996773434304553418,Referral,desktop,4,2.5,2.5,0.5,0.0,1,Desktop Frecuente
1997243885876089475,Organic Search,desktop,12,6.5,4.5,0.1666666666666666,0.0,1,Desktop Frecuente
1997283608635698919,Organic Search,desktop,4,9.0,8.0,0.0,0.25,1,Desktop Frecuente
1997401331704594416,Referral,desktop,1,176.0,114.0,0.0,0.0,0,Desktop Engaged
1998944550000750737,Referral,desktop,3,3.0,3.0,0.0,0.0,1,Desktop Frecuente
1999477392807291366,Referral,desktop,3,6.0,6.0,0.0,0.0,1,Desktop Frecuente
1999795518481333408,Referral,desktop,4,6.0,5.5,0.0,0.0,1,Desktop Frecuente
1999942187402858600,Referral,desktop,2,22.0,16.5,0.0,0.0,0,Desktop Engaged
2001149638183224329,Organic Search,desktop,10,6.0,5.0,0.2,0.0,1,Desktop Frecuente
2002941584451367020,Paid Search,desktop,1,32.0,28.0,0.0,0.0,0,Desktop Engaged
2003561262273243977,Direct,desktop,25,1.0,1.0,0.64,0.2,1,Desktop Frecuente
2003564080152950767,Referral,desktop,3,8.0,8.0,0.3333333333333333,0.0,1,Desktop Frecuente
2003719620641352767,Organic Search,desktop,4,23.0,16.5,0.0,0.0,0,Desktop Engaged
2004440512410253851,Referral,desktop,1,114.0,81.0,0.0,0.0,0,Desktop Engaged
2005406430209202726,Direct,desktop,3,41.0,33.0,0.0,0.3333333333333333,0,Desktop Engaged
2006057472534260392,Referral,desktop,3,5.0,5.0,0.3333333333333333,0.0,1,Desktop Frecuente
2008785002910996057,Referral,desktop,2,34.0,21.5,0.0,0.0,0,Desktop Engaged
2009706373973411398,Referral,desktop,2,42.0,32.0,0.0,0.0,0,Desktop Engaged
2009743027244227348,Direct,mobile,2,19.0,17.0,0.0,0.0,3,Mobile Users
2013562667442528717,Referral,desktop,2,17.5,14.5,0.0,1.0,2,Weekend Warriors
2017396058039056855,Referral,desktop,1,17.0,15.0,0.0,1.0,2,Weekend Warriors
2017733599392792571,Organic Search,mobile,2,14.5,12.0,0.0,0.5,3,Mobile Users
2017847299139936256,Display,desktop,1,14.0,12.0,0.0,0.0,0,Desktop Engaged
2018356319850533895,Referral,desktop,1,46.0,34.0,0.0,0.0,0,Desktop Engaged
2019475323321472449,Organic Search,desktop,2,30.5,22.5,0.0,0.0,0,Desktop Engaged
2020115174591875878,Referral,desktop,15,11.0,11.0,0.0,0.0,1,Desktop Frecuente
2021467453921061473,Referral,desktop,1,36.0,26.0,0.0,0.0,0,Desktop Engaged
2022216708424298019,Organic Search,desktop,1,25.0,23.0,0.0,1.0,2,Weekend Warriors
2022590988318962074,Referral,desktop,4,28.5,23.5,0.25,0.25,1,Desktop Frecuente
2024172620398136134,Organic Search,desktop,2,14.0,11.5,0.0,0.5,2,Weekend Warriors
2025573844272512720,Referral,desktop,6,39.5,31.0,0.1666666666666666,0.1666666666666666,1,Desktop Frecuente
2026637372991465466,Direct,desktop,1,13.0,12.0,0.0,0.0,0,Desktop Engaged
2028483466657374508,Organic Search,desktop,1,20.0,17.0,0.0,0.0,0,Desktop Engaged
2030710570879226632,Referral,desktop,2,18.0,15.5,0.0,0.0,0,Desktop Engaged
2032340774982891136,Referral,desktop,2,28.0,24.0,0.0,0.0,0,Desktop Engaged
2032509775824369586,Referral,desktop,3,29.0,20.0,0.0,0.0,0,Desktop Engaged
2033149648526352722,Referral,desktop,2,98.0,66.5,0.0,0.5,2,Weekend Warriors
2033875104727401809,Referral,desktop,3,15.0,10.0,0.0,0.0,0,Desktop Engaged
2034812653909210223,Affiliates,desktop,1,68.0,42.0,0.0,0.0,0,Desktop Engaged
2035309554670535987,Organic Search,desktop,3,11.0,8.0,0.0,0.0,1,Desktop Frecuente
2037170738057013329,Social,mobile,1,26.0,23.0,0.0,1.0,3,Mobile Users
2039413873699191010,Direct,desktop,5,19.0,12.0,0.0,0.4,1,Desktop Frecuente
2039492680362282609,Direct,mobile,2,22.5,18.5,0.5,0.0,3,Mobile Users
2041392925012676726,Referral,desktop,5,26.0,18.0,0.0,0.0,0,Desktop Engaged
2048511066419559359,Referral,desktop,2,125.0,86.5,0.0,0.0,0,Desktop Engaged
2048840372158203598,Organic Search,desktop,2,12.5,11.0,0.0,0.0,0,Desktop Engaged
2049524527367859557,Referral,desktop,4,25.0,18.5,0.0,0.0,0,Desktop Engaged
2049749565428127211,Referral,desktop,3,5.0,5.0,0.3333333333333333,0.3333333333333333,1,Desktop Frecuente
2050051246311654056,Organic Search,desktop,2,8.5,8.5,0.0,1.0,2,Weekend Warriors
2053317929607865427,Referral,desktop,2,12.5,11.5,0.5,0.0,1,Desktop Frecuente
2054197499443311442,Direct,mobile,3,1.0,1.0,0.6666666666666666,0.0,3,Mobile Users
2055570879390074535,Organic Search,desktop,1,63.0,52.0,0.0,0.0,0,Desktop Engaged
2056532343381851123,Referral,desktop,2,11.0,11.0,0.0,0.0,0,Desktop Engaged
2058369199877139726,Referral,desktop,2,29.5,21.0,0.0,0.5,2,Weekend Warriors
2060318762356474784,Organic Search,mobile,3,37.0,18.0,0.0,0.6666666666666666,3,Mobile Users
2061193526205671721,Organic Search,desktop,4,18.0,15.0,0.0,0.75,2,Weekend Warriors
2061376708156621667,Organic Search,desktop,1,36.0,28.0,0.0,0.0,0,Desktop Engaged
2066533098194954022,Organic Search,tablet,1,50.0,35.0,0.0,0.0,3,Mobile Users
2067875176335600242,Referral,desktop,1,93.0,73.0,0.0,0.0,0,Desktop Engaged
2069933334566881550,Organic Search,desktop,1,61.0,43.0,0.0,0.0,0,Desktop Engaged
2070184068182824137,Referral,desktop,2,15.5,13.5,0.5,0.0,1,Desktop Frecuente
2070894761735382608,Organic Search,desktop,1,21.0,17.0,0.0,1.0,2,Weekend Warriors
2070973913663396602,Referral,desktop,6,16.5,11.0,0.0,0.3333333333333333,1,Desktop Frecuente
2071600581309850742,Referral,desktop,3,3.0,3.0,0.3333333333333333,0.0,1,Desktop Frecuente
2072942859070557608,Referral,desktop,2,10.0,10.0,0.3333333333333333,0.0,1,Desktop Frecuente
2074164338647079047,Direct,desktop,29,13.0,11.0,0.0689655172413793,0.0,1,Desktop Frecuente
2075444661051129697,Organic Search,desktop,1,34.0,30.0,0.0,0.0,0,Desktop Engaged
2076013084401203762,Organic Search,desktop,1,39.0,25.0,0.0,0.0,0,Desktop Engaged
2076204015500549342,Organic Search,desktop,2,22.5,16.5,0.5,0.0,0,Desktop Engaged
2076798586652430197,Direct,tablet,1,18.0,18.0,0.0,0.0,3,Mobile Users
2077293997030984346,Direct,mobile,4,7.0,7.0,0.25,0.0,3,Mobile Users
2077377423063941153,Organic Search,desktop,2,13.5,11.5,0.0,0.0,0,Desktop Engaged
2078583228250254997,Referral,desktop,2,8.5,8.5,0.0,0.0,1,Desktop Frecuente
2078956363309304458,Referral,desktop,1,24.0,18.0,0.0,0.0,0,Desktop Engaged
2079305443218957036,Direct,mobile,45,4.0,4.0,0.0666666666666666,0.1111111111111111,3,Mobile Users
2079822395553835132,Paid Search,desktop,3,3.0,3.0,0.3333333333333333,0.6666666666666666,1,Desktop Frecuente
2080439773261622224,Organic Search,desktop,2,10.0,8.0,0.0,0.0,0,Desktop Engaged
2081649072154766710,Direct,desktop,1,67.0,51.0,0.0,0.0,0,Desktop Engaged
2082463322705444336,Direct,desktop,1,18.0,16.0,0.0,0.0,0,Desktop Engaged
2083574620132385053,Organic Search,desktop,3,28.0,21.0,0.0,0.0,0,Desktop Engaged
2084416927014276438,Referral,desktop,2,23.5,18.5,0.0,0.0,0,Desktop Engaged
2086102344648063828,Organic Search,desktop,1,220.0,156.0,0.0,0.0,0,Desktop Engaged
2086918960702630134,Referral,desktop,6,4.0,4.0,0.1666666666666666,0.0,1,Desktop Frecuente
2086976642856727593,Organic Search,mobile,5,1.0,1.0,0.6,0.4,3,Mobile Users
2087690429996100452,Paid Search,desktop,2,20.5,11.5,0.0,1.0,2,Weekend Warriors
2087880022078046202,Organic Search,desktop,1,17.0,14.0,0.0,0.0,0,Desktop Engaged
2090316602240305671,Referral,desktop,7,2.0,2.0,0.4285714285714285,0.0,1,Desktop Frecuente
2090714886530233895,Organic Search,desktop,1,41.0,34.0,0.0,0.0,0,Desktop Engaged
2091423130577972797,Referral,desktop,1,16.0,14.0,0.0,0.0,0,Desktop Engaged
2091708218998967059,Referral,desktop,1,14.0,13.0,0.0,0.0,0,Desktop Engaged
2091880224910053980,Referral,desktop,1,17.0,14.0,0.0,0.0,0,Desktop Engaged
2092692131178622106,Direct,desktop,1,28.0,28.0,0.0,0.0,0,Desktop Engaged
2093025970866126712,Referral,desktop,6,3.5,3.0,0.0,0.3333333333333333,1,Desktop Frecuente
2093134694276222587,Referral,desktop,1,15.0,13.0,0.0,0.0,0,Desktop Engaged
2094695043796060837,Referral,desktop,1,42.0,30.0,0.0,0.0,0,Desktop Engaged
2094792722274166219,Referral,desktop,1,29.0,23.0,0.0,0.0,0,Desktop Engaged
2097832661008966883,Organic Search,desktop,1,38.0,18.0,0.0,0.0,0,Desktop Engaged
2099827776599547321,Direct,desktop,1,36.0,32.0,0.0,0.0,0,Desktop Engaged
2099864407370022116,Direct,desktop,1,21.0,15.0,0.0,0.0,0,Desktop Engaged
2100286135111282949,Referral,desktop,5,7.0,6.0,0.2,0.0,1,Desktop Frecuente
2101142366050947272,Referral,desktop,5,4.0,4.0,0.0,0.0,1,Desktop Frecuente
2101739683956099127,Organic Search,mobile,2,16.0,13.0,0.5,1.0,3,Mobile Users
2105122376016897629,Referral,desktop,25,4.0,4.0,0.28,0.0,1,Desktop Frecuente
2105686286348643381,Referral,desktop,3,20.0,15.0,0.0,0.0,0,Desktop Engaged
2107066728400193912,Organic Search,desktop,2,16.0,14.5,0.0,0.0,0,Desktop Engaged
2107545883335786195,Referral,desktop,6,3.5,3.0,0.0,0.0,1,Desktop Frecuente
2107882110513313421,Organic Search,desktop,1,79.0,56.0,0.0,0.0,0,Desktop Engaged
2108070425798338553,Organic Search,desktop,4,10.0,7.5,0.0,0.5,1,Desktop Frecuente
2108557365246449094,Direct,tablet,1,27.0,21.0,0.0,1.0,3,Mobile Users
2109053541085110320,Organic Search,desktop,2,17.5,14.0,0.0,0.0,0,Desktop Engaged
2109062345105733251,Referral,desktop,4,5.5,4.5,0.25,0.0,1,Desktop Frecuente
2110584778013739100,Referral,desktop,2,28.0,20.0,0.0,0.0,0,Desktop Engaged
2114561506253117840,Organic Search,mobile,2,15.5,13.0,0.0,0.0,3,Mobile Users
2118542080997390034,Direct,mobile,1,58.0,42.0,0.0,0.0,3,Mobile Users
2118556556010692812,Direct,desktop,2,8.0,7.0,0.0,0.0,1,Desktop Frecuente
2120280500988585465,Display,desktop,10,1.0,1.0,0.6,0.3,1,Desktop Frecuente
2120739286981065717,Referral,desktop,1,21.0,19.0,0.0,0.0,0,Desktop Engaged
2121255844999750374,Organic Search,mobile,2,18.5,14.0,0.0,0.0,3,Mobile Users
2122547835443026286,Organic Search,desktop,3,4.0,3.0,0.3333333333333333,0.0,1,Desktop Frecuente
2123537530251583440,Organic Search,mobile,1,24.0,19.0,0.0,0.0,3,Mobile Users
2123761033073657135,Referral,desktop,3,7.0,5.0,0.0,0.3333333333333333,1,Desktop Frecuente
2124048453506060621,Organic Search,desktop,1,21.0,20.0,0.0,0.0,0,Desktop Engaged
2125540555068339394,Referral,desktop,1,25.0,19.0,0.0,0.0,0,Desktop Engaged
2127057091012391877,Paid Search,desktop,3,9.0,9.0,0.3333333333333333,0.6666666666666666,1,Desktop Frecuente
2127135078661762281,Referral,desktop,1,72.0,53.0,0.0,0.0,0,Desktop Engaged
2127438408373285198,Organic Search,desktop,2,20.5,18.0,0.0,0.0,0,Desktop Engaged
2128287929750116366,Direct,desktop,4,5.5,5.5,0.0,0.5,1,Desktop Frecuente
2130970500799303391,Referral,desktop,9,5.0,5.0,0.2222222222222222,0.1111111111111111,1,Desktop Frecuente
2132206668089692523,Referral,desktop,2,74.5,44.0,0.0,0.0,0,Desktop Engaged
2133819475658322913,Referral,desktop,2,22.5,18.0,0.0,0.0,0,Desktop Engaged
2134229956335427014,Referral,tablet,1,38.0,30.0,0.0,0.0,3,Mobile Users
2135877003098860196,Referral,desktop,4,5.5,4.5,0.0,0.0,1,Desktop Frecuente
2136031415967879248,Referral,desktop,3,5.0,5.0,0.3333333333333333,0.0,1,Desktop Frecuente
2136452381524374196,Organic Search,desktop,2,95.0,67.0,0.0,1.0,2,Weekend Warriors
2137148419156971164,Organic Search,desktop,1,18.0,16.0,0.0,0.0,0,Desktop Engaged
2137863904587206285,Organic Search,desktop,4,8.5,7.5,0.0,0.25,1,Desktop Frecuente
2139819648016556317,Direct,desktop,4,14.0,10.5,0.0,0.25,1,Desktop Frecuente
2139876223551151337,Referral,desktop,7,5.0,5.0,0.2857142857142857,0.4285714285714285,1,Desktop Frecuente
2141032560407740130,Organic Search,desktop,2,10.0,9.0,0.0,0.0,1,Desktop Frecuente
2141731581139824096,Direct,desktop,4,46.5,33.5,0.0,0.0,0,Desktop Engaged
2144281539931737104,Referral,desktop,2,39.0,25.5,0.0,0.5,2,Weekend Warriors
2144335436738770147,Referral,desktop,3,16.0,12.0,0.0,0.0,0,Desktop Engaged
2144851320605513754,Referral,desktop,3,7.0,6.0,0.0,0.0,1,Desktop Frecuente
2145471185371969845,Direct,desktop,6,6.0,2.5,0.3333333333333333,0.0,1,Desktop Frecuente
2147366385529994830,Organic Search,desktop,1,14.0,13.0,0.0,0.0,0,Desktop Engaged
2149939263814499827,Referral,desktop,2,13.0,11.5,0.0,0.0,0,Desktop Engaged
2149997451012964461,Referral,desktop,5,5.0,5.0,0.0,0.0,1,Desktop Frecuente
2154618794882145315,Paid Search,desktop,1,19.0,19.0,0.0,0.0,0,Desktop Engaged
2155057576349556071,Organic Search,desktop,1,22.0,17.0,0.0,0.0,0,Desktop Engaged
2155115683587711916,Referral,desktop,2,11.5,11.0,0.0,0.0,0,Desktop Engaged
2158257269735455737,Organic Search,desktop,8,15.5,12.0,0.0,0.5,1,Desktop Frecuente
2158504409525009218,Referral,desktop,1,27.0,24.0,0.0,0.0,0,Desktop Engaged
2160706963987531641,Direct,desktop,2,15.0,11.5,0.0,0.0,0,Desktop Engaged
2160888416206500983,Referral,desktop,4,19.0,15.5,0.0,0.0,1,Desktop Frecuente
2161890959097468070,Referral,desktop,1,23.0,22.0,0.0,0.0,0,Desktop Engaged
2163555648381499404,Organic Search,desktop,1,51.0,40.0,0.0,0.0,0,Desktop Engaged
2166438591525900148,Direct,desktop,2,52.0,42.0,0.0,0.5,2,Weekend Warriors
2166644959604649352,Organic Search,mobile,2,12.0,10.0,0.5,0.5,3,Mobile Users
2166926649177824953,Referral,desktop,5,8.0,8.0,0.0,0.0,1,Desktop Frecuente
2167603248081396951,Organic Search,desktop,1,37.0,30.0,0.0,0.0,0,Desktop Engaged
2169536133056413010,Organic Search,desktop,3,56.0,42.0,0.0,0.0,0,Desktop Engaged
2169784478583707103,Organic Search,desktop,1,24.0,22.0,0.0,0.0,0,Desktop Engaged
2170187207466627823,Organic Search,desktop,3,42.0,32.0,0.0,0.3333333333333333,0,Desktop Engaged
2170548591309603698,Referral,desktop,4,9.5,8.0,0.25,0.0,1,Desktop Frecuente
2172673240713669509,Organic Search,desktop,1,26.0,24.0,0.0,0.0,0,Desktop Engaged
2173668037003458952,Direct,mobile,1,20.0,17.0,0.0,0.0,3,Mobile Users
2174401229555413552,Organic Search,desktop,8,6.0,6.0,0.25,0.125,1,Desktop Frecuente
2174772547924417829,Referral,desktop,1,35.0,30.0,0.0,0.0,0,Desktop Engaged
2175021516855866092,Direct,desktop,1,65.0,54.0,0.0,0.0,0,Desktop Engaged
2175891853149827407,Referral,desktop,4,17.5,13.0,0.25,0.0,1,Desktop Frecuente
2176646646506183832,Organic Search,desktop,1,28.0,28.0,0.0,1.0,2,Weekend Warriors
2178459566193458788,Referral,desktop,2,26.5,22.5,0.5,0.0,0,Desktop Engaged
2179583548664374175,Direct,desktop,1,19.0,15.0,0.0,0.0,0,Desktop Engaged
2180515369167502520,Direct,desktop,30,5.0,4.0,0.0333333333333333,0.0,1,Desktop Frecuente
2186586081512608668,Organic Search,desktop,3,3.0,3.0,0.3333333333333333,0.0,1,Desktop Frecuente
2187177207543456316,Referral,desktop,5,15.0,10.0,0.0,0.8,2,Weekend Warriors
2187855022251183924,Referral,desktop,8,10.5,8.0,0.375,0.125,1,Desktop Frecuente
2188006650672514912,Direct,desktop,2,41.5,30.5,0.0,0.0,0,Desktop Engaged
2188014721891389633,Referral,desktop,1,14.0,11.0,0.0,0.0,0,Desktop Engaged
2191273326752335760,Paid Search,desktop,2,13.5,10.5,0.5,0.0,1,Desktop Frecuente
2193251253036865639,Referral,desktop,8,8.5,7.0,0.125,0.125,1,Desktop Frecuente
2194592743396253647,Organic Search,desktop,106,5.0,4.0,0.2523364485981308,0.1495327102803738,1,Desktop Frecuente
2195063960372896546,Referral,desktop,17,6.0,4.0,0.0,0.0,1,Desktop Frecuente
2196122936370759210,Referral,desktop,1,120.0,96.0,0.0,0.0,0,Desktop Engaged
2196278703508702410,Referral,desktop,2,9.5,8.5,0.0,0.0,1,Desktop Frecuente
2196696088271959039,Referral,desktop,5,5.0,4.0,0.2,0.4,1,Desktop Frecuente
2196740575816500871,Referral,desktop,3,17.0,17.0,0.0,0.0,0,Desktop Engaged
2198879349250618795,Referral,desktop,5,12.0,10.0,0.0,0.0,1,Desktop Frecuente
2199128648267411375,Referral,desktop,3,9.0,7.0,0.0,0.0,1,Desktop Frecuente
2199373686188473715,Organic Search,desktop,1,24.0,22.0,0.0,1.0,2,Weekend Warriors
2200795303463456741,Referral,desktop,1,52.0,43.0,0.0,1.0,2,Weekend Warriors
2200937362682564380,Referral,desktop,1,46.0,33.0,0.0,0.0,0,Desktop Engaged
2202174012699515596,Organic Search,desktop,1,17.0,15.0,0.0,1.0,2,Weekend Warriors
2204190854181564278,Referral,desktop,1,38.0,28.0,0.0,0.0,0,Desktop Engaged
2208179340101029302,Referral,desktop,3,2.0,2.0,0.3333333333333333,0.0,1,Desktop Frecuente
2209030491499582546,Referral,desktop,2,7.5,7.0,0.0,0.0,1,Desktop Frecuente
2212898614677882197,Direct,desktop,1,11.0,11.0,0.0,0.0,0,Desktop Engaged
2215681073032687184,Direct,desktop,6,6.0,4.5,0.0,0.0,1,Desktop Frecuente
2216135722677526525,Organic Search,desktop,2,54.5,38.5,0.0,0.0,0,Desktop Engaged
2217213818593358400,Organic Search,desktop,5,1.0,1.0,0.8,0.2,1,Desktop Frecuente
2217355463780107340,Organic Search,mobile,2,38.5,29.0,0.0,0.0,3,Mobile Users
2218435795495225691,Direct,desktop,3,17.0,17.0,0.0,0.0,0,Desktop Engaged
2219058549667312453,Referral,desktop,5,8.0,8.0,0.0,0.0,1,Desktop Frecuente
2219304947112530029,Referral,desktop,2,7.5,7.0,0.0,0.0,1,Desktop Frecuente
2219981041933608843,Referral,desktop,1,23.0,22.0,0.0,1.0,2,Weekend Warriors
2220468726851984072,Referral,desktop,5,6.0,6.0,0.0,0.0,1,Desktop Frecuente
2220891106353085250,Organic Search,desktop,1,113.0,81.0,0.0,0.0,0,Desktop Engaged
2222591960554618914,Paid Search,mobile,3,9.0,9.0,0.0,0.0,3,Mobile Users
2224572703195879390,Organic Search,desktop,4,10.0,9.0,0.25,0.25,1,Desktop Frecuente
2224647012482768060,Organic Search,desktop,2,9.0,8.5,0.0,0.5,1,Desktop Frecuente
2228401718515331222,Referral,desktop,2,21.5,16.5,0.0,0.0,0,Desktop Engaged
2230990908213053321,Paid Search,desktop,5,1.0,1.0,0.6,0.0,1,Desktop Frecuente
2231593693192690956,Direct,desktop,2,9.0,8.5,0.5,0.0,1,Desktop Frecuente
2232264032210232295,Referral,desktop,1,72.0,52.0,0.0,1.0,2,Weekend Warriors
2232874791267570747,Referral,desktop,2,13.0,10.5,0.0,0.0,0,Desktop Engaged
2234644290294742127,Organic Search,desktop,4,5.0,5.0,0.0,0.25,1,Desktop Frecuente
2236066284946239355,Referral,desktop,8,11.5,9.5,0.375,0.125,1,Desktop Frecuente
2241578867926472295,Organic Search,desktop,4,5.0,4.0,0.25,0.0,1,Desktop Frecuente
2242104653639396503,Organic Search,desktop,1,19.0,16.0,0.0,0.0,0,Desktop Engaged
2243518473115465342,Direct,desktop,1,21.0,21.0,0.0,0.0,0,Desktop Engaged
2245682803169114905,Referral,desktop,2,38.0,29.0,0.0,0.0,0,Desktop Engaged
2245825143806185917,Direct,desktop,10,7.0,5.0,0.1,0.0,1,Desktop Frecuente
2249724102559347990,Referral,desktop,5,8.0,4.0,0.2,0.0,1,Desktop Frecuente
2250505681169209683,Direct,desktop,2,20.5,18.5,0.0,0.0,0,Desktop Engaged
2252031469260108936,Direct,desktop,1,13.0,12.0,0.0,0.0,0,Desktop Engaged
2252819581596939503,Referral,desktop,2,25.0,19.0,0.0,0.0,0,Desktop Engaged
2253237370492207387,Organic Search,desktop,2,12.5,9.5,0.0,0.0,0,Desktop Engaged
2254911865804206902,Direct,mobile,1,40.0,33.0,0.0,1.0,3,Mobile Users
2254917769100463770,Referral,desktop,1,30.0,14.0,0.0,1.0,2,Weekend Warriors
2255733734516957926,Paid Search,desktop,5,13.0,11.0,0.4,0.0,1,Desktop Frecuente
2256968435490294758,Organic Search,tablet,1,23.0,19.0,0.0,1.0,3,Mobile Users
2258248239862507643,Organic Search,desktop,1,19.0,17.0,0.0,0.0,0,Desktop Engaged
2260555908321258880,Referral,desktop,1,24.0,18.0,0.0,0.0,0,Desktop Engaged
2261390197712029015,Paid Search,desktop,1,56.0,44.0,0.0,1.0,2,Weekend Warriors
2262018521556676288,Direct,mobile,2,7.5,6.5,0.5,0.0,3,Mobile Users
2263008738696864594,Organic Search,tablet,1,17.0,15.0,0.0,1.0,3,Mobile Users
2263874374627120387,Referral,desktop,3,7.0,7.0,0.3333333333333333,0.3333333333333333,1,Desktop Frecuente
2264010855758956307,Paid Search,desktop,2,21.0,17.0,0.0,0.5,2,Weekend Warriors
2264449357397393917,Organic Search,desktop,6,1.0,1.0,0.8333333333333334,0.0,1,Desktop Frecuente
2265703789548596461,Display,desktop,7,11.0,7.0,0.1428571428571428,0.2857142857142857,1,Desktop Frecuente
2266837403735683845,Organic Search,mobile,8,2.5,2.0,0.375,0.0,3,Mobile Users
2269933673702362109,Referral,desktop,1,19.0,19.0,0.0,0.0,0,Desktop Engaged
2270672806084201655,Referral,desktop,3,8.0,8.0,0.0,0.0,1,Desktop Frecuente
2271817805906914184,Paid Search,mobile,1,16.0,12.0,0.0,0.0,3,Mobile Users
2272358426431745604,Display,desktop,9,13.0,9.0,0.1111111111111111,0.0,1,Desktop Frecuente
2272979836636092591,Referral,desktop,2,9.5,8.5,0.0,0.0,1,Desktop Frecuente
2274601710859547575,Organic Search,desktop,2,39.5,31.5,0.0,0.0,0,Desktop Engaged
2274705914368607161,Direct,desktop,2,19.5,15.0,0.0,0.0,0,Desktop Engaged
2274847560910681571,Referral,desktop,2,28.0,22.0,0.0,0.0,0,Desktop Engaged
2274896289583176093,Referral,desktop,2,18.0,14.0,0.0,0.0,0,Desktop Engaged
2275632617171622582,Referral,desktop,4,3.5,3.5,0.0,0.0,1,Desktop Frecuente
2278010146232311473,Direct,desktop,2,36.5,28.0,0.0,0.0,0,Desktop Engaged
2278104303149793808,Organic Search,desktop,2,18.0,16.5,0.0,0.0,0,Desktop Engaged
2280278894093432463,Referral,desktop,1,24.5,22.5,0.0,0.5,2,Weekend Warriors
2281022124483885140,Direct,desktop,2,10.5,10.0,0.0,0.0,0,Desktop Engaged
2281213030212005510,Organic Search,desktop,1,12.0,10.0,0.0,0.0,0,Desktop Engaged
2282347297061009421,Organic Search,mobile,6,7.0,6.0,0.3333333333333333,0.0,3,Mobile Users
2283154001615690575,Organic Search,desktop,1,45.0,35.0,0.0,0.0,0,Desktop Engaged
2283620201901023754,Paid Search,tablet,4,1.5,1.5,0.5,0.5,3,Mobile Users
2284555599203977570,Direct,desktop,2,21.0,17.0,0.0,0.0,0,Desktop Engaged
2284918967368942490,Referral,desktop,6,17.0,13.0,0.1666666666666666,0.0,1,Desktop Frecuente
2286438402554934622,Referral,desktop,1,10.0,10.0,0.0,0.0,0,Desktop Engaged
2287406421504796570,Referral,desktop,9,10.0,8.0,0.0,0.0,1,Desktop Frecuente
2287637838474850444,Direct,desktop,7,11.0,8.0,0.0,0.0,1,Desktop Frecuente
2288612869810526130,Organic Search,desktop,2,20.0,14.5,0.0,0.0,0,Desktop Engaged
2289346231388937684,Referral,desktop,4,9.0,8.0,0.25,0.0,1,Desktop Frecuente
2290248185384827567,Organic Search,desktop,4,12.0,9.0,0.25,0.0,1,Desktop Frecuente
2292975471852115027,Organic Search,desktop,3,4.0,4.0,0.3333333333333333,0.0,1,Desktop Frecuente
2293938890799916112,Direct,desktop,2,12.5,12.0,0.0,0.0,0,Desktop Engaged
2294678809767887639,Referral,desktop,4,36.5,20.5,0.0,0.0,0,Desktop Engaged
2294757944914427558,Referral,desktop,15,6.0,5.0,0.1333333333333333,0.0666666666666666,1,Desktop Frecuente
2295240953686921101,Referral,desktop,8,5.0,4.0,0.0,0.125,1,Desktop Frecuente
2295871331415471856,Paid Search,desktop,4,16.5,13.5,0.0,0.0,1,Desktop Frecuente
2297135054731105073,Referral,desktop,6,9.5,6.5,0.0,0.0,1,Desktop Frecuente
2299755480895547316,Referral,desktop,1,19.0,19.0,0.0,0.0,0,Desktop Engaged
2299949662109267691,Referral,desktop,1,39.0,29.0,0.0,0.0,0,Desktop Engaged
2302897932992284309,Referral,desktop,2,10.0,9.5,0.5,0.0,1,Desktop Frecuente
2303199190024622321,Referral,desktop,3,7.0,5.0,0.0,0.0,1,Desktop Frecuente
2303365259512398684,Paid Search,desktop,4,6.0,3.0,0.25,0.25,1,Desktop Frecuente
2303533259349444593,Organic Search,desktop,3,12.0,10.0,0.0,0.0,1,Desktop Frecuente
2305295482096154659,Direct,desktop,7,3.0,1.0,0.4285714285714285,0.0,1,Desktop Frecuente
2305911848160020005,Referral,desktop,1,89.0,66.0,0.0,1.0,2,Weekend Warriors
2306813020737490108,Organic Search,desktop,1,23.0,21.0,0.0,0.0,0,Desktop Engaged
2308631730639284715,Organic Search,desktop,2,24.5,20.5,0.0,0.0,0,Desktop Engaged
2308970056076735364,Referral,desktop,3,6.0,6.0,0.0,0.0,1,Desktop Frecuente
2309238113635199012,Referral,desktop,1,25.0,22.0,0.0,0.0,0,Desktop Engaged
2309518825071815272,Paid Search,desktop,1,59.0,48.0,0.0,0.0,0,Desktop Engaged
2310334534790814231,Direct,desktop,2,11.5,11.0,0.5,0.0,1,Desktop Frecuente
2310697779956713856,Organic Search,desktop,2,38.0,29.5,0.0,0.0,0,Desktop Engaged
2311098311158255548,Direct,desktop,3,7.0,7.0,0.0,0.0,1,Desktop Frecuente
2312901196911116113,Referral,desktop,6,19.5,11.0,0.0,0.0,1,Desktop Frecuente
2314153736357742435,Paid Search,desktop,2,33.0,25.5,0.0,0.0,0,Desktop Engaged
2314697698664321051,Organic Search,desktop,1,44.0,30.0,0.0,0.0,0,Desktop Engaged
2315247548521028492,Referral,desktop,3,4.0,4.0,0.3333333333333333,0.0,1,Desktop Frecuente
2316037784893459235,Organic Search,desktop,1,24.0,21.0,0.0,1.0,2,Weekend Warriors
2316673682503964748,Organic Search,mobile,2,31.5,23.0,0.0,0.0,3,Mobile Users
2316712182271385122,Referral,desktop,4,5.5,5.0,0.0,0.0,1,Desktop Frecuente
2318328874963898738,Direct,mobile,1,26.0,20.0,0.0,0.0,3,Mobile Users
2319344514792111050,Referral,desktop,2,15.0,12.5,0.0,0.0,0,Desktop Engaged
2320391139447280387,Organic Search,desktop,9,14.0,11.0,0.0,0.5555555555555556,1,Desktop Frecuente
2323370147843755314,Referral,desktop,1,26.0,22.0,0.0,0.0,0,Desktop Engaged
2324401088526343469,Direct,desktop,1,43.0,34.0,0.0,0.0,0,Desktop Engaged
2324511444137196326,Organic Search,mobile,1,23.0,20.0,0.0,0.0,3,Mobile Users
2324913285497438682,Direct,desktop,2,26.0,19.5,0.5,0.5,2,Weekend Warriors
2325745722959450968,Referral,desktop,1,49.0,37.0,0.0,0.0,0,Desktop Engaged
2326342894526494508,Organic Search,mobile,1,8.0,8.0,0.0,0.0,3,Mobile Users
2326684291036220875,Referral,desktop,2,25.0,20.0,0.5,0.0,0,Desktop Engaged
2327809759534404336,Organic Search,desktop,2,48.5,32.5,0.0,0.0,0,Desktop Engaged
2332536676601903155,Organic Search,desktop,3,7.0,5.0,0.0,0.0,1,Desktop Frecuente
2334542446347570873,Organic Search,mobile,6,9.5,7.5,0.1666666666666666,0.1666666666666666,3,Mobile Users
2334679953234796784,Organic Search,desktop,2,16.0,13.5,0.0,0.0,0,Desktop Engaged
2336992111054994391,Referral,desktop,5,4.0,4.0,0.2,0.0,1,Desktop Frecuente
2337327787747858943,Referral,desktop,1,42.0,29.0,0.0,0.0,0,Desktop Engaged
2337937577672192523,Referral,desktop,3,17.0,15.0,0.0,0.0,0,Desktop Engaged
2338178303528914061,Direct,desktop,22,1.0,1.0,0.5909090909090909,0.0,1,Desktop Frecuente
2339706083107095854,Referral,desktop,1,33.0,28.0,0.0,0.0,0,Desktop Engaged
2339818672404404924,Referral,desktop,4,18.0,14.5,0.0,0.0,1,Desktop Frecuente
2341086192998604055,Organic Search,desktop,1,26.0,17.0,0.0,0.0,0,Desktop Engaged
2341448488539470965,Organic Search,desktop,3,50.0,33.0,0.0,0.0,0,Desktop Engaged
2341873268573140480,Referral,desktop,3,14.0,9.0,0.3333333333333333,0.0,1,Desktop Frecuente
2341884364013186402,Organic Search,desktop,2,15.0,13.0,0.0,0.0,0,Desktop Engaged
2345055969142696624,Referral,desktop,3,12.0,10.0,0.0,0.0,1,Desktop Frecuente
2345093262662761202,Organic Search,desktop,1,19.0,17.0,0.0,1.0,2,Weekend Warriors
2345777682762972130,Referral,desktop,5,20.0,17.0,0.2,0.0,1,Desktop Frecuente
2345845626331322279,Referral,desktop,3,8.0,6.0,0.0,0.3333333333333333,1,Desktop Frecuente
2346359290191771618,Organic Search,desktop,8,1.5,1.5,0.5,0.125,1,Desktop Frecuente
2347471050544884892,Referral,desktop,4,16.0,13.0,0.0,0.0,1,Desktop Frecuente
2348463054063969994,Organic Search,mobile,1,9.0,8.0,0.0,1.0,3,Mobile Users
2348681849763325965,Direct,desktop,6,20.0,14.0,0.0,0.0,1,Desktop Frecuente
2349461252171876066,Referral,desktop,6,14.0,10.0,0.1666666666666666,0.0,1,Desktop Frecuente
2349699258952144857,Organic Search,desktop,2,24.0,20.5,0.0,0.0,0,Desktop Engaged
2350369757684691618,Organic Search,desktop,1,29.0,27.0,0.0,0.0,0,Desktop Engaged
2352233424314349714,Referral,desktop,5,11.0,11.0,0.0,0.0,1,Desktop Frecuente
2352298830065288869,Organic Search,desktop,1,20.0,19.0,0.0,1.0,2,Weekend Warriors
2352548628524812063,Referral,desktop,10,7.5,6.0,0.1,0.1,1,Desktop Frecuente
2353966916541086672,Referral,desktop,8,22.0,15.5,0.0,0.0,1,Desktop Frecuente
2354233403550713612,Referral,desktop,2,10.0,8.5,0.0,1.0,2,Weekend Warriors
2354405029601095288,Referral,desktop,2,18.5,13.5,0.0,0.5,2,Weekend Warriors
2357073894289283929,Referral,desktop,10,5.0,4.5,0.2,0.0,1,Desktop Frecuente
2357660474306216468,Direct,mobile,1,40.0,30.0,0.0,0.0,3,Mobile Users
2358466169311719412,Referral,desktop,1,23.0,17.0,0.0,0.0,0,Desktop Engaged
2360605988531848015,Organic Search,desktop,4,17.5,14.0,0.0,0.0,1,Desktop Frecuente
2363078321976030491,Organic Search,desktop,1,19.0,16.0,0.0,0.0,0,Desktop Engaged
2363607123099634556,Referral,desktop,3,24.0,21.0,0.0,0.0,0,Desktop Engaged
2364782563241908647,Organic Search,desktop,1,24.0,24.0,0.0,0.0,0,Desktop Engaged
2366243354794689639,Display,desktop,5,7.0,5.0,0.4,0.0,1,Desktop Frecuente
2367296881084974931,Direct,desktop,1,19.0,16.0,0.0,0.0,0,Desktop Engaged
2367402323702464449,Referral,desktop,16,3.0,3.0,0.0625,0.25,1,Desktop Frecuente
2367899770531887609,Organic Search,mobile,2,14.5,14.0,0.0,0.0,3,Mobile Users
2368551524406489641,Referral,desktop,7,19.0,15.0,0.1428571428571428,0.1428571428571428,1,Desktop Frecuente
2369561597136874183,Referral,desktop,1,45.0,33.0,0.0,1.0,2,Weekend Warriors
2371112886977263623,Referral,desktop,4,31.0,22.5,0.0,0.0,0,Desktop Engaged
2371906231211457127,Display,desktop,1,25.0,21.0,0.0,0.0,0,Desktop Engaged
2375734461566833822,Referral,desktop,2,6.5,5.5,0.0,0.0,1,Desktop Frecuente
2375804711007415878,Referral,desktop,1,23.0,21.0,0.0,0.0,0,Desktop Engaged
2376144863648346076,Referral,desktop,2,38.5,28.0,0.0,0.5,2,Weekend Warriors
2377126524987232945,Organic Search,desktop,5,27.0,19.0,0.0,0.2,0,Desktop Engaged
2377197803125206851,Organic Search,mobile,5,21.0,16.0,0.0,0.0,3,Mobile Users
2380176250405742516,Organic Search,mobile,3,12.0,8.0,0.3333333333333333,0.0,3,Mobile Users
2380682352462112558,Organic Search,desktop,3,8.0,6.0,0.3333333333333333,0.0,1,Desktop Frecuente
2384690472453465720,Organic Search,desktop,2,46.0,34.0,0.0,0.0,0,Desktop Engaged
2384771089673320764,Affiliates,desktop,3,32.0,22.0,0.3333333333333333,0.0,0,Desktop Engaged
2384781485752007681,Social,desktop,6,8.5,8.0,0.1666666666666666,0.0,1,Desktop Frecuente
2385451684587900506,Organic Search,mobile,5,2.0,2.0,0.4,0.0,3,Mobile Users
2386169796638986389,Direct,desktop,8,11.0,5.0,0.375,0.625,1,Desktop Frecuente
2389910661161701186,Referral,desktop,4,33.5,24.5,0.0,0.0,0,Desktop Engaged
2390264830975639479,Organic Search,desktop,4,6.0,4.5,0.0,1.0,2,Weekend Warriors
2390791639620297034,Referral,desktop,2,51.0,38.5,0.0,0.0,0,Desktop Engaged
2390837948124103582,Referral,desktop,3,3.0,3.0,0.0,0.0,1,Desktop Frecuente
2391114070454648344,Paid Search,desktop,1,15.0,14.0,0.0,0.0,0,Desktop Engaged
2393197369360097718,Referral,desktop,3,26.0,21.0,0.0,0.0,0,Desktop Engaged
2394311020331706300,Direct,desktop,1,20.0,18.0,0.0,0.0,0,Desktop Engaged
2395484494080602357,Organic Search,desktop,4,21.5,16.0,0.0,0.0,0,Desktop Engaged
2396255136764683002,Organic Search,desktop,2,49.5,37.5,0.0,0.0,0,Desktop Engaged
2396264445061931880,Organic Search,desktop,2,28.5,20.5,0.0,0.5,2,Weekend Warriors
2396848817613598114,Social,desktop,5,16.0,10.0,0.4,0.8,1,Desktop Frecuente
2397431554777461893,Direct,desktop,3,5.0,5.0,0.3333333333333333,0.0,1,Desktop Frecuente
2398518641402193696,Referral,desktop,2,27.5,21.0,0.0,0.0,0,Desktop Engaged
2400006764612323294,Organic Search,desktop,7,2.0,2.0,0.2857142857142857,0.2857142857142857,1,Desktop Frecuente
2402527199731150932,Direct,desktop,31,24.0,19.0,0.2580645161290322,0.032258064516129,1,Desktop Frecuente
2403345588327549111,Organic Search,mobile,1,27.0,21.0,0.0,1.0,3,Mobile Users
2404730522088263435,Referral,desktop,5,5.0,5.0,0.0,0.6,1,Desktop Frecuente
2405008838140625306,Organic Search,desktop,2,6.5,6.5,0.0,0.0,1,Desktop Frecuente
2405648285327447572,Referral,desktop,3,10.0,10.0,0.0,0.0,1,Desktop Frecuente
2409362637274898406,Referral,desktop,11,4.0,3.0,0.0909090909090909,0.1818181818181818,1,Desktop Frecuente
2409376965099588298,Organic Search,mobile,1,22.0,20.0,0.0,0.0,3,Mobile Users
2411322974724385937,Referral,desktop,11,16.0,13.0,0.0,0.0909090909090909,1,Desktop Frecuente
2411342939507401088,Organic Search,desktop,1,70.0,49.0,0.0,0.0,0,Desktop Engaged
2415085382840318427,Referral,desktop,3,29.0,24.0,0.0,0.0,0,Desktop Engaged
2415088680349132013,Referral,desktop,2,29.0,24.0,0.0,0.0,0,Desktop Engaged
2415225635917488900,Referral,desktop,1,26.0,24.0,0.0,0.0,0,Desktop Engaged
2415337345055025215,Referral,desktop,5,23.0,15.0,0.2,0.0,1,Desktop Frecuente
2416466435320363096,Referral,desktop,2,25.5,18.0,0.0,0.5,2,Weekend Warriors
2416762481769496280,Organic Search,desktop,2,21.5,18.5,0.0,0.0,0,Desktop Engaged
2418102200342405484,Direct,desktop,1,17.0,16.0,0.0,1.0,2,Weekend Warriors
2419083783587438310,Direct,desktop,19,4.0,4.0,0.2631578947368421,0.1578947368421052,1,Desktop Frecuente
2420397679231012493,Direct,desktop,2,15.0,13.0,0.0,0.0,0,Desktop Engaged
2420756541858063826,Direct,desktop,1,21.0,20.0,0.0,0.0,0,Desktop Engaged
2422180165069305822,Referral,desktop,1,41.0,31.0,0.0,0.0,0,Desktop Engaged
2422865366235727605,Organic Search,mobile,5,9.0,8.0,0.2,0.2,3,Mobile Users
2423345914861145053,Referral,desktop,3,7.0,7.0,0.0,0.3333333333333333,1,Desktop Frecuente
2424819170621600503,Referral,desktop,2,23.0,18.5,0.0,0.0,0,Desktop Engaged
2424840844499220729,Organic Search,desktop,3,7.0,5.0,0.0,0.0,1,Desktop Frecuente
2425521720354546737,Organic Search,desktop,5,6.0,6.0,0.0,0.3333333333333333,1,Desktop Frecuente
2426082201157703136,Organic Search,desktop,2,19.5,16.0,0.0,0.0,0,Desktop Engaged
2426971819031028277,Referral,desktop,1,15.0,14.0,0.0,0.0,0,Desktop Engaged
2427070933904886772,Referral,desktop,5,24.0,15.0,0.0,0.4,1,Desktop Frecuente
2427288166622611520,Display,desktop,4,4.0,3.5,0.0,0.0,1,Desktop Frecuente
2430203632291905757,Organic Search,desktop,6,5.0,4.5,0.1666666666666666,0.1666666666666666,1,Desktop Frecuente
2430938506817988626,Direct,desktop,1,19.0,15.0,0.0,0.0,0,Desktop Engaged
2431935968474229557,Organic Search,desktop,2,12.5,11.5,0.0,0.0,0,Desktop Engaged
2432203658822493030,Referral,desktop,9,5.0,4.0,0.0,0.1111111111111111,1,Desktop Frecuente
2433182968898386515,Referral,desktop,1,34.0,31.0,0.0,0.0,0,Desktop Engaged
2434821222031951612,Referral,desktop,5,3.0,3.0,0.2,0.0,1,Desktop Frecuente
2435096428144320733,Referral,desktop,1,22.0,18.0,0.0,0.0,0,Desktop Engaged
2435691687281327196,Referral,desktop,4,32.5,18.0,0.0,0.0,0,Desktop Engaged
2435876489000460634,Organic Search,desktop,1,25.0,24.0,0.0,0.0,0,Desktop Engaged
2437255563311206815,Referral,desktop,2,21.0,16.0,0.0,1.0,2,Weekend Warriors
2438001988287339845,Referral,desktop,4,13.0,12.5,0.0,0.0,1,Desktop Frecuente
2439011587487738686,Referral,desktop,1,32.0,21.0,0.0,0.0,0,Desktop Engaged
2440247376986125183,Referral,desktop,4,8.0,7.5,0.25,0.0,1,Desktop Frecuente
2440774884535248016,Organic Search,desktop,1,15.0,11.0,0.0,0.0,0,Desktop Engaged
2443130648849063586,Referral,desktop,1,108.0,71.0,0.0,0.0,0,Desktop Engaged
2444379082594823080,Organic Search,mobile,3,8.0,7.0,0.0,0.3333333333333333,3,Mobile Users
2446685875964479851,Organic Search,desktop,11,54.0,40.0,0.0,0.0909090909090909,1,Desktop Frecuente
2447459948678913300,Direct,desktop,7,9.0,7.0,0.1428571428571428,0.0,1,Desktop Frecuente
2447827715810849371,Direct,desktop,8,7.0,7.0,0.0,0.125,1,Desktop Frecuente
2449425615576273633,Organic Search,desktop,11,10.0,7.0,0.0909090909090909,0.2727272727272727,1,Desktop Frecuente
2450343366982060398,Referral,desktop,3,47.0,35.0,0.0,0.0,0,Desktop Engaged
2453125482784135582,Referral,desktop,1,36.0,28.0,0.0,1.0,2,Weekend Warriors
2454306711782802609,Referral,desktop,4,18.0,15.0,0.0,0.75,2,Weekend Warriors
2456653518531252522,Organic Search,desktop,1,40.0,34.0,0.0,0.0,0,Desktop Engaged
2456900971869384659,Direct,desktop,1,25.0,23.0,0.0,0.0,0,Desktop Engaged
2459432206617896206,Organic Search,desktop,1,27.0,22.0,0.0,1.0,2,Weekend Warriors
2460550300835928816,Organic Search,desktop,4,14.5,13.0,0.0,0.25,1,Desktop Frecuente
2460723540924398520,Referral,desktop,4,18.5,14.0,0.0,0.0,1,Desktop Frecuente
2465889917134272645,Direct,desktop,1,66.0,51.0,0.0,0.0,0,Desktop Engaged
2467715895053922094,Direct,desktop,10,14.0,11.0,0.0,0.1,1,Desktop Frecuente
2468303248624748976,Organic Search,desktop,1,12.0,12.0,0.0,1.0,2,Weekend Warriors
2469327075513689553,Referral,desktop,3,15.0,11.0,0.0,0.0,1,Desktop Frecuente
2475065096617093474,Organic Search,desktop,1,32.0,30.0,0.0,0.0,0,Desktop Engaged
2475923624267106686,Referral,desktop,5,3.0,3.0,0.2,0.2,1,Desktop Frecuente
2478354346693137452,Referral,desktop,1,34.0,26.0,0.0,1.0,2,Weekend Warriors
2479467739525533377,Organic Search,desktop,7,9.0,9.0,0.2857142857142857,0.0,1,Desktop Frecuente
2479607063956536867,Direct,mobile,7,3.0,3.0,0.4285714285714285,0.5714285714285714,3,Mobile Users
2480388448765240079,Referral,desktop,2,24.0,18.5,0.0,0.0,0,Desktop Engaged
2484187509499465201,Organic Search,desktop,5,9.0,7.0,0.0,0.2,1,Desktop Frecuente
2487086990379614577,Organic Search,desktop,3,8.0,8.0,0.0,0.0,1,Desktop Frecuente
2487472362348320358,Organic Search,desktop,5,39.0,28.0,0.0,0.0,0,Desktop Engaged
2489008241573550048,Organic Search,desktop,1,12.0,12.0,0.0,0.0,0,Desktop Engaged
2491238829943520906,Referral,desktop,1,22.0,20.0,0.0,0.0,0,Desktop Engaged
2494927659578259711,Organic Search,desktop,1,33.0,28.0,0.0,0.0,0,Desktop Engaged
2495704533414117222,Referral,desktop,1,20.0,16.0,0.0,0.0,0,Desktop Engaged
2496439703637913793,Referral,desktop,5,3.0,3.0,0.0,0.2,1,Desktop Frecuente
2497486617423212304,Referral,desktop,4,17.5,14.5,0.0,0.5,1,Desktop Frecuente
2498790727245138194,Direct,desktop,3,11.0,9.0,0.0,0.3333333333333333,1,Desktop Frecuente
2499234879670419046,Organic Search,desktop,1,18.0,18.0,0.0,0.0,0,Desktop Engaged
2499318985403227459,Organic Search,tablet,1,43.0,35.0,0.0,0.0,3,Mobile Users
2499407186380266291,Referral,desktop,2,33.0,25.5,0.0,0.0,0,Desktop Engaged
2499940374406096850,Direct,desktop,4,7.5,6.0,0.0,0.0,1,Desktop Frecuente
2503290167672073365,Organic Search,desktop,1,24.0,22.0,0.0,0.0,0,Desktop Engaged
2503504680943602888,Direct,tablet,6,11.0,9.5,0.1666666666666666,0.0,3,Mobile Users
2505213816959087958,Referral,desktop,5,13.0,9.0,0.0,0.4,1,Desktop Frecuente
2505251876994724986,Referral,desktop,2,10.5,9.5,0.0,0.0,0,Desktop Engaged
2507346080386513370,Referral,desktop,5,39.0,24.0,0.0,0.0,0,Desktop Engaged
2507708267031281102,Referral,desktop,4,11.0,9.0,0.0,0.75,1,Desktop Frecuente
2507783848201963394,Organic Search,desktop,1,31.0,23.0,0.0,0.0,0,Desktop Engaged
2509610432440596099,Organic Search,desktop,1,122.0,87.0,0.0,0.0,0,Desktop Engaged
2509714289037323244,Direct,desktop,2,28.0,20.0,0.0,0.0,0,Desktop Engaged
2510765460977989271,Direct,desktop,2,15.5,13.0,0.0,0.0,0,Desktop Engaged
2510791568842983077,Direct,desktop,1,27.0,26.0,0.0,0.0,0,Desktop Engaged
2511032786245371752,Organic Search,desktop,2,10.0,10.0,0.5,0.0,1,Desktop Frecuente
2512335805046114445,Organic Search,desktop,2,113.0,85.0,0.0,0.0,0,Desktop Engaged
2512708881002227681,Organic Search,desktop,2,68.0,53.5,0.0,0.0,0,Desktop Engaged
2513134404212328094,Referral,desktop,12,11.5,9.0,0.25,0.0833333333333333,1,Desktop Frecuente
2515101276262863682,Direct,desktop,1,43.0,31.0,0.0,0.0,0,Desktop Engaged
2517364798811740879,Direct,desktop,15,6.0,5.0,0.1333333333333333,0.0,1,Desktop Frecuente
2518379317255532090,Referral,desktop,15,2.0,2.0,0.3333333333333333,0.1333333333333333,1,Desktop Frecuente
2518447979646501002,Organic Search,desktop,5,6.0,6.0,0.2,0.2,1,Desktop Frecuente
2522184112201185014,Referral,desktop,3,19.0,12.0,0.0,0.0,0,Desktop Engaged
2522954230696043073,Organic Search,desktop,1,11.0,11.0,0.0,0.0,0,Desktop Engaged
2523650599141481905,Organic Search,desktop,3,10.0,9.0,0.0,0.0,1,Desktop Frecuente
2523857652235025784,Referral,desktop,3,9.0,6.0,0.0,0.0,1,Desktop Frecuente
2526542957776125951,Referral,desktop,4,10.0,8.0,0.0,0.0,1,Desktop Frecuente
2527621344230499541,Organic Search,desktop,4,9.0,7.5,0.25,0.0,1,Desktop Frecuente
2527677375017653674,Organic Search,desktop,2,16.0,13.5,0.0,0.0,0,Desktop Engaged
2528551022767237058,Referral,desktop,13,19.0,12.0,0.0,0.3076923076923077,1,Desktop Frecuente
2528617155272094595,Referral,desktop,2,53.5,38.5,0.0,0.0,0,Desktop Engaged
2530656978550562143,Referral,desktop,1,73.0,55.0,0.0,0.0,0,Desktop Engaged
2530900387021015168,Referral,desktop,1,17.0,13.0,0.0,0.0,0,Desktop Engaged
2530994471612598919,Referral,desktop,5,31.0,25.0,0.2,0.4,1,Desktop Frecuente
2533003348216867648,Organic Search,desktop,1,89.0,56.0,0.0,0.0,0,Desktop Engaged
2533769468325451038,Referral,desktop,1,34.0,24.0,0.0,0.0,0,Desktop Engaged
2535119751950226175,Referral,desktop,1,38.0,28.0,0.0,0.0,0,Desktop Engaged
2535148739500640560,Organic Search,desktop,2,47.0,30.5,0.0,0.0,0,Desktop Engaged
2535875901005084868,Organic Search,desktop,2,17.0,13.5,0.0,0.0,0,Desktop Engaged
2536718676534980101,Referral,desktop,4,11.0,8.0,0.0,0.0,1,Desktop Frecuente
2536748109553034322,Direct,mobile,2,7.0,6.0,0.5,0.5,3,Mobile Users
2538636984723199001,Organic Search,desktop,3,35.0,23.0,0.3333333333333333,0.0,0,Desktop Engaged
2539723678842817509,Referral,desktop,3,7.0,7.0,0.3333333333333333,0.0,1,Desktop Frecuente
2540160459028036466,Organic Search,desktop,3,21.0,13.0,0.0,0.0,0,Desktop Engaged
2540477240433751647,Display,desktop,12,4.0,3.5,0.25,0.0,1,Desktop Frecuente
2542663761229463199,Referral,desktop,2,13.0,10.5,0.0,0.0,0,Desktop Engaged
2543151459368346920,Referral,desktop,2,11.5,9.5,0.0,0.0,0,Desktop Engaged
2543259814271575260,Direct,desktop,1,14.0,13.0,0.0,0.0,0,Desktop Engaged
2543746275330325435,Referral,desktop,2,7.5,6.5,0.5,0.5,1,Desktop Frecuente
2543896097453171324,Organic Search,mobile,5,6.0,6.0,0.0,0.2,3,Mobile Users
2544471402172631001,Referral,desktop,1,16.0,14.0,0.0,0.0,0,Desktop Engaged
2545566579978382892,Referral,desktop,2,28.0,21.0,0.0,0.0,0,Desktop Engaged
2546464604912220860,Organic Search,desktop,12,5.5,5.5,0.1666666666666666,0.1666666666666666,1,Desktop Frecuente
2548634172843791136,Organic Search,desktop,3,19.0,19.0,0.0,0.0,0,Desktop Engaged
2548981301373576027,Organic Search,mobile,1,23.0,17.0,0.0,0.0,3,Mobile Users
2549182723988683065,Display,desktop,3,31.0,25.0,0.0,0.0,0,Desktop Engaged
2551061282285178751,Organic Search,mobile,1,15.0,13.0,0.0,0.0,3,Mobile Users
2553957087129235590,Referral,desktop,2,22.0,18.5,0.0,0.0,0,Desktop Engaged
2554023900966503641,Organic Search,desktop,2,40.5,30.0,0.0,1.0,2,Weekend Warriors
2555463819232482214,Referral,desktop,4,13.0,13.0,0.25,0.0,1,Desktop Frecuente
2556052031008889697,Referral,desktop,1,27.0,24.0,0.0,1.0,2,Weekend Warriors
2556948849524550835,Organic Search,desktop,3,8.0,5.0,0.0,0.6666666666666666,1,Desktop Frecuente
2557337139443833137,Direct,desktop,3,19.0,13.0,0.3333333333333333,0.0,1,Desktop Frecuente
2557544565676711160,Direct,desktop,2,25.0,18.0,0.0,0.0,0,Desktop Engaged
2558155440742727727,Referral,desktop,1,99.0,66.0,0.0,0.0,0,Desktop Engaged
2558254017558848934,Referral,desktop,4,9.5,9.0,0.0,0.0,1,Desktop Frecuente
2558560744676722529,Organic Search,desktop,2,12.5,10.5,0.0,0.0,0,Desktop Engaged
2559541037359538765,Organic Search,desktop,2,17.0,15.5,0.0,0.0,0,Desktop Engaged
2560457144402728823,Organic Search,desktop,3,39.0,29.0,0.3333333333333333,1.0,2,Weekend Warriors
2560606622677775482,Referral,desktop,2,15.5,10.5,0.5,0.0,1,Desktop Frecuente
2561731443913596466,Organic Search,desktop,2,16.5,13.5,0.0,0.5,2,Weekend Warriors
2562758545519501123,Direct,desktop,1,25.0,24.0,0.0,0.0,0,Desktop Engaged
2564270479700333184,Direct,desktop,6,18.0,15.0,0.1666666666666666,0.0,1,Desktop Frecuente
2565421116891826036,Paid Search,desktop,6,3.5,3.0,0.0,0.1666666666666666,1,Desktop Frecuente
2567500041926407190,Referral,desktop,4,20.0,16.0,0.0,0.0,1,Desktop Frecuente
2567845597403175536,Direct,desktop,2,15.5,15.0,0.0,0.5,2,Weekend Warriors
2570270404850350503,Direct,desktop,7,7.0,7.0,0.1428571428571428,0.0,1,Desktop Frecuente
2571702649159032063,Direct,desktop,1,19.0,16.0,0.0,0.0,0,Desktop Engaged
2571951630476198714,Direct,desktop,1,62.5,42.5,0.0,0.0,0,Desktop Engaged
2572622395987147933,Direct,desktop,2,56.5,37.5,0.5,0.0,0,Desktop Engaged
2572686632526205558,Referral,desktop,6,10.0,9.0,0.0,0.1666666666666666,1,Desktop Frecuente
2573691084209115534,Referral,desktop,1,35.0,23.0,0.0,1.0,2,Weekend Warriors
2574179535153856621,Direct,desktop,1,15.0,14.0,0.0,0.0,0,Desktop Engaged
2575004222422356117,Organic Search,desktop,1,43.0,37.0,0.0,0.0,0,Desktop Engaged
2575256090311301096,Referral,desktop,8,28.0,21.0,0.0,0.125,1,Desktop Frecuente
2575337741997523606,Organic Search,desktop,3,43.0,34.0,0.0,0.0,0,Desktop Engaged
2575571309189584355,Referral,desktop,1,76.0,58.0,0.0,0.0,0,Desktop Engaged
2575683338056092350,Organic Search,desktop,6,5.0,4.0,0.1666666666666666,0.0,1,Desktop Frecuente
2577400805525289502,Direct,desktop,2,32.5,22.5,0.0,0.0,0,Desktop Engaged
2578611394525655595,Organic Search,desktop,6,11.0,7.0,0.0,0.1666666666666666,1,Desktop Frecuente
2581268341916303872,Organic Search,desktop,1,24.0,18.0,0.0,0.0,0,Desktop Engaged
2583138417986718337,Direct,desktop,5,6.0,6.0,0.2,0.6,1,Desktop Frecuente
2583318836591839554,Direct,desktop,1,75.0,53.0,0.0,0.0,0,Desktop Engaged
2584193106113702734,Organic Search,desktop,1,19.0,15.0,0.0,0.0,0,Desktop Engaged
2584325239090818797,Paid Search,mobile,2,11.0,9.5,0.5,1.0,3,Mobile Users
2584510701660360932,Referral,desktop,2,7.0,6.5,0.0,0.0,1,Desktop Frecuente
2586051974603380942,Organic Search,desktop,3,21.0,17.0,0.0,0.0,0,Desktop Engaged
2586807659986814314,Organic Search,desktop,1,43.0,32.0,0.0,0.0,0,Desktop Engaged
2587166407924109433,Paid Search,desktop,3,5.0,5.0,0.0,0.0,1,Desktop Frecuente
2587994886006501895,Referral,desktop,1,29.0,26.0,0.0,0.0,0,Desktop Engaged
2590088265600782267,Referral,desktop,7,18.0,15.0,0.0,0.0,1,Desktop Frecuente
2590629993785032145,Organic Search,desktop,6,9.0,9.0,0.1666666666666666,0.0,1,Desktop Frecuente
2591017631506070831,Paid Search,desktop,3,12.0,10.0,0.0,0.0,1,Desktop Frecuente
2592638729105052123,Direct,desktop,3,24.0,18.0,0.0,0.0,0,Desktop Engaged
2599676173769413395,Direct,desktop,2,14.5,11.5,0.0,0.0,0,Desktop Engaged
2602171406058495760,Referral,desktop,3,1.0,1.0,0.6666666666666666,0.0,1,Desktop Frecuente
2602830122596681742,Paid Search,desktop,2,20.5,19.5,0.5,0.5,2,Weekend Warriors
2603582189520418632,Direct,desktop,2,8.5,8.0,0.0,0.0,1,Desktop Frecuente
2604472846435898379,Referral,desktop,8,38.5,30.0,0.0,0.0,1,Desktop Frecuente
2605035939330084736,Referral,desktop,1,23.0,22.0,0.0,0.0,0,Desktop Engaged
2606909581831356927,Organic Search,desktop,2,9.0,7.5,0.5,0.0,1,Desktop Frecuente
2607736667163691156,Paid Search,desktop,1,36.0,29.0,0.0,0.0,0,Desktop Engaged
2610708601231231422,Referral,desktop,6,14.5,10.0,0.1666666666666666,0.0,1,Desktop Frecuente
2613946236686066431,Referral,desktop,8,6.5,6.5,0.125,0.5,1,Desktop Frecuente
2614896373515267740,Referral,desktop,1,27.0,19.0,0.0,0.0,0,Desktop Engaged
2615253560882573611,Paid Search,mobile,4,9.5,9.0,0.25,0.5,3,Mobile Users
2616240173389988716,Referral,desktop,7,16.0,15.0,0.1428571428571428,0.0,1,Desktop Frecuente
2616271879571385041,Organic Search,desktop,3,4.0,4.0,0.0,0.3333333333333333,1,Desktop Frecuente
2616726267850019328,Referral,desktop,6,2.5,2.5,0.1666666666666666,0.0,1,Desktop Frecuente
2618320847776659905,Referral,desktop,4,3.5,3.0,0.0,0.25,1,Desktop Frecuente
2618807484848182971,Organic Search,desktop,6,11.0,10.5,0.0,0.6666666666666666,1,Desktop Frecuente
2619633492044211273,Organic Search,desktop,2,9.0,7.5,0.0,1.0,2,Weekend Warriors
2620101459148830872,Referral,desktop,1,142.0,107.0,0.0,0.0,0,Desktop Engaged
2620142844121221777,Referral,desktop,2,13.0,11.0,0.0,0.5,2,Weekend Warriors
2620614855835258214,Direct,desktop,2,15.0,15.0,0.0,0.0,0,Desktop Engaged
2620684501904017348,Referral,desktop,16,17.0,11.5,0.375,0.0,1,Desktop Frecuente
2621030918006073381,Direct,mobile,7,2.0,2.0,0.2857142857142857,0.5714285714285714,3,Mobile Users
2623046443543317941,Referral,desktop,3,44.0,33.0,0.0,1.0,2,Weekend Warriors
2623654307647595583,Organic Search,desktop,4,7.0,6.5,0.0,0.25,1,Desktop Frecuente
2624131748689653933,Organic Search,desktop,5,1.0,1.0,0.8,0.0,1,Desktop Frecuente
2624822252903671857,Referral,desktop,4,12.5,11.5,0.0,0.0,1,Desktop Frecuente
2625348375324306671,Referral,desktop,1,37.0,28.0,0.0,0.0,0,Desktop Engaged
2625954590881807574,Organic Search,desktop,3,8.0,8.0,0.0,0.0,1,Desktop Frecuente
2627365926426456189,Organic Search,desktop,2,11.0,9.0,0.5,0.0,1,Desktop Frecuente
2627508925809214754,Referral,desktop,8,4.5,4.0,0.0,0.125,1,Desktop Frecuente
2630626637929580327,Direct,desktop,4,55.5,41.5,0.0,0.75,2,Weekend Warriors
2632736218325663963,Referral,desktop,4,16.0,12.0,0.0,0.0,1,Desktop Frecuente
2632912654814776637,Organic Search,desktop,5,10.0,10.0,0.2,0.0,1,Desktop Frecuente
2633688470819438128,Referral,desktop,2,20.5,16.0,0.0,0.0,0,Desktop Engaged
2634131477723263296,Direct,desktop,3,2.0,2.0,0.0,0.3333333333333333,1,Desktop Frecuente
2636295502284881140,Organic Search,desktop,1,37.0,29.0,0.0,1.0,2,Weekend Warriors
2637714150350706913,Organic Search,mobile,5,2.0,2.0,0.4,0.0,3,Mobile Users
2638377830326163737,Referral,desktop,1,36.0,26.0,0.0,0.0,0,Desktop Engaged
2640118849316353391,Referral,desktop,1,88.0,38.0,0.0,1.0,2,Weekend Warriors
2644257335535694123,Referral,desktop,8,9.0,7.5,0.125,0.125,1,Desktop Frecuente
2645531348518887881,Referral,desktop,4,13.0,12.0,0.25,0.0,1,Desktop Frecuente
2645557375569096181,Referral,desktop,5,1.0,1.0,0.6,0.0,1,Desktop Frecuente
2646550987867504267,Organic Search,desktop,1,35.0,29.0,0.0,0.0,0,Desktop Engaged
2647789776870473386,Organic Search,desktop,1,20.0,17.0,0.0,0.0,0,Desktop Engaged
2648541744097074356,Organic Search,mobile,2,14.5,12.5,0.5,1.0,3,Mobile Users
2650142233022384920,Direct,desktop,2,12.0,11.0,0.0,1.0,2,Weekend Warriors
2654157729152071076,Organic Search,mobile,5,3.0,3.0,0.2,0.0,3,Mobile Users
2654985870202060107,Referral,desktop,7,10.0,10.0,0.1428571428571428,0.0,1,Desktop Frecuente
2656837568033115037,Referral,desktop,1,23.0,20.0,0.0,0.0,0,Desktop Engaged
2658678838785413275,Referral,desktop,1,39.0,28.0,0.0,0.0,0,Desktop Engaged
2660015528957444012,Referral,desktop,2,11.5,9.5,0.0,0.0,0,Desktop Engaged
2662857964839381819,Organic Search,desktop,2,28.0,22.5,0.0,0.0,0,Desktop Engaged
2663849700360119634,Direct,desktop,1,66.0,48.0,0.0,0.0,0,Desktop Engaged
2664779251891985796,Referral,desktop,2,40.0,28.5,0.0,0.5,2,Weekend Warriors
2665204442613686910,Organic Search,mobile,3,8.0,6.0,0.0,0.6666666666666666,3,Mobile Users
2665295585036803068,Referral,desktop,1,31.0,27.0,0.0,0.0,0,Desktop Engaged
2667042982185975310,Organic Search,desktop,7,6.0,6.0,0.2857142857142857,0.0,1,Desktop Frecuente
2667128559454972819,Referral,desktop,2,13.5,11.5,0.0,0.0,0,Desktop Engaged
2667298817344312615,Direct,tablet,2,13.0,10.0,0.5,0.0,3,Mobile Users
2667313637408501115,Direct,desktop,1,18.0,15.0,0.0,0.0,0,Desktop Engaged
2668364690542030763,Organic Search,mobile,12,9.0,7.0,0.25,0.1666666666666666,3,Mobile Users
2672309566459492077,Direct,desktop,1,19.0,17.0,0.0,0.0,0,Desktop Engaged
2677639396530855017,Referral,desktop,4,14.5,12.5,0.25,0.0,1,Desktop Frecuente
2678017605977262322,Referral,desktop,12,12.5,9.5,0.0833333333333333,0.0,1,Desktop Frecuente
2678202602250260805,Direct,desktop,2,9.0,9.0,0.0,0.0,1,Desktop Frecuente
2678408506245600860,Referral,desktop,2,28.0,20.5,0.5,0.0,0,Desktop Engaged
2680658100741935889,Organic Search,desktop,1,89.0,70.0,0.0,0.0,0,Desktop Engaged
2682327128551926564,Organic Search,desktop,2,10.5,9.5,0.5,0.0,1,Desktop Frecuente
2682367463648643791,Direct,desktop,2,23.5,16.5,0.5,0.0,0,Desktop Engaged
2686617890416738717,Referral,desktop,10,3.5,3.0,0.2,0.0,1,Desktop Frecuente
2687747268928070384,Organic Search,desktop,1,23.0,18.0,0.0,0.0,0,Desktop Engaged
2689318104904444038,Direct,desktop,3,74.0,54.0,0.3333333333333333,0.0,0,Desktop Engaged
2689556653800639103,Referral,desktop,5,24.0,24.0,0.2,0.2,1,Desktop Frecuente
2691688576620945855,Organic Search,desktop,1,47.0,22.0,0.0,0.0,0,Desktop Engaged
2691780862090038185,Direct,desktop,3,3.0,3.0,0.3333333333333333,0.0,1,Desktop Frecuente
2693283748640225828,Direct,desktop,1,17.0,14.0,0.0,0.0,0,Desktop Engaged
2694014479461830065,Organic Search,desktop,19,1.0,1.0,0.8947368421052632,0.1578947368421052,1,Desktop Frecuente
2694541934290288611,Social,desktop,1,33.0,25.0,0.0,0.0,0,Desktop Engaged
2694580801646104350,Referral,desktop,2,11.0,9.0,0.0,0.0,0,Desktop Engaged
2698909979431470269,Organic Search,mobile,1,25.0,20.0,0.0,1.0,3,Mobile Users
2699081941742048853,Organic Search,desktop,1,22.0,21.0,0.0,0.0,0,Desktop Engaged
2701326776471420252,Direct,mobile,3,1.0,1.0,0.6666666666666666,0.0,3,Mobile Users
2702625863287953735,Referral,desktop,2,23.5,23.5,0.0,0.0,0,Desktop Engaged
2702626484466818969,Direct,desktop,2,8.0,8.0,0.0,0.0,1,Desktop Frecuente
2703137619338184529,Referral,desktop,1,12.0,12.0,0.0,0.0,0,Desktop Engaged
2703316646520107056,Referral,desktop,2,28.0,22.0,0.5,0.0,0,Desktop Engaged
2703487206750451130,Referral,desktop,1,17.0,15.0,0.0,1.0,2,Weekend Warriors
2703909094790015330,Organic Search,desktop,2,61.5,44.5,0.5,0.0,0,Desktop Engaged
2704783568833269551,Referral,desktop,1,19.0,17.0,0.0,0.0,0,Desktop Engaged
2705981917839130365,Referral,desktop,3,22.0,20.0,0.0,0.0,0,Desktop Engaged
2706500429954403422,Direct,mobile,25,3.0,3.0,0.2,0.48,3,Mobile Users
2706961341001088633,Direct,desktop,12,6.0,6.0,0.0,0.0,1,Desktop Frecuente
2707282189066861959,Referral,desktop,1,24.0,17.0,0.0,0.0,0,Desktop Engaged
2708412574760368750,Referral,desktop,1,37.0,27.0,0.0,1.0,2,Weekend Warriors
2708901230247086106,Direct,desktop,2,16.5,13.0,0.0,1.0,2,Weekend Warriors
2709295266531200360,Referral,desktop,3,5.0,5.0,0.3333333333333333,0.0,1,Desktop Frecuente
2709351657146666850,Referral,desktop,5,14.0,10.0,0.0,0.2,1,Desktop Frecuente
2712138254756572869,Direct,mobile,5,1.0,1.0,0.8,0.0,3,Mobile Users
2718217150934290475,Direct,desktop,3,2.0,2.0,0.3333333333333333,0.0,1,Desktop Frecuente
2718811501718036973,Referral,desktop,12,1.0,1.0,0.6666666666666666,0.0833333333333333,1,Desktop Frecuente
2719057200121237933,Referral,desktop,3,4.0,4.0,0.0,0.0,1,Desktop Frecuente
2720618835767911516,Organic Search,desktop,2,52.5,38.5,0.0,0.0,0,Desktop Engaged
2721027801222879339,Direct,desktop,1,6.0,6.0,0.0,0.0,0,Desktop Engaged
2722991619040333092,Direct,desktop,3,23.0,19.0,0.0,0.6666666666666666,2,Weekend Warriors
2727143390159866413,Referral,desktop,3,16.0,13.0,0.0,0.0,0,Desktop Engaged
2727750796868650668,Direct,desktop,5,4.0,4.0,0.0,0.0,1,Desktop Frecuente
2728484397720314035,Organic Search,mobile,1,26.0,20.0,0.0,1.0,3,Mobile Users
2729326042885052223,Referral,desktop,3,13.0,11.0,0.0,0.0,1,Desktop Frecuente
2732495805922289917,Organic Search,desktop,1,20.0,17.0,0.0,0.0,0,Desktop Engaged
2732522561242440799,Referral,desktop,1,23.0,17.0,0.0,0.0,0,Desktop Engaged
2734277132701240130,Display,desktop,4,11.5,10.5,0.0,0.0,1,Desktop Frecuente
2736979716085988579,Organic Search,desktop,3,10.0,10.0,0.0,0.0,1,Desktop Frecuente
2739022125200634612,Social,desktop,1,12.0,11.0,0.0,0.0,0,Desktop Engaged
2740161621176536735,Direct,mobile,1,21.0,17.0,0.0,0.0,3,Mobile Users
2740397345984519878,Referral,desktop,1,26.0,21.0,0.0,0.0,0,Desktop Engaged
2743010540143714020,Referral,desktop,4,11.5,9.0,0.25,0.0,1,Desktop Frecuente
2747620686251351645,Direct,desktop,3,12.0,12.0,0.0,0.0,1,Desktop Frecuente
2748057468219719679,Direct,desktop,3,6.0,6.0,0.0,0.0,1,Desktop Frecuente
2751071784203497950,Display,desktop,2,33.5,28.5,0.0,0.0,0,Desktop Engaged
2751354013646268533,Referral,desktop,5,10.0,8.0,0.0,0.2,1,Desktop Frecuente
2751456102223302101,Direct,desktop,3,2.0,2.0,0.3333333333333333,0.0,1,Desktop Frecuente
2752688798072608210,Referral,desktop,4,51.0,40.5,0.0,0.0,0,Desktop Engaged
2754641781550794681,Direct,desktop,1,14.0,14.0,0.0,0.0,0,Desktop Engaged
2755803596302366482,Direct,desktop,9,8.0,6.0,0.1111111111111111,0.4444444444444444,1,Desktop Frecuente
2756352383546949156,Referral,desktop,3,20.0,14.0,0.0,0.0,0,Desktop Engaged
2757346803050165711,Referral,desktop,1,27.0,26.0,0.0,0.0,0,Desktop Engaged
2757415044412905554,Direct,desktop,1,97.0,54.0,0.0,0.0,0,Desktop Engaged
2757924321423879256,Referral,desktop,1,40.0,33.0,0.0,0.0,0,Desktop Engaged
2760236172200850382,Referral,desktop,1,25.0,20.0,0.0,0.0,0,Desktop Engaged
2760427474606602555,Direct,desktop,3,36.0,27.0,0.0,0.0,0,Desktop Engaged
2760610370970936430,Referral,desktop,1,14.0,14.0,0.0,1.0,2,Weekend Warriors
2761824185690808203,Organic Search,desktop,4,16.0,11.5,0.0,0.0,1,Desktop Frecuente
2763002839330123118,Referral,desktop,3,21.0,16.0,0.0,0.0,0,Desktop Engaged
2764728570910016714,Referral,desktop,5,17.0,13.0,0.0,0.2,1,Desktop Frecuente
2765600170836507620,Organic Search,desktop,2,10.0,9.5,0.0,0.0,0,Desktop Engaged
2766162501835274072,Direct,desktop,2,57.5,25.0,0.0,0.0,0,Desktop Engaged
2767837775025125681,Organic Search,desktop,5,6.0,6.0,0.0,0.0,1,Desktop Frecuente
2768669822276347024,Referral,desktop,4,4.0,2.5,0.5,0.0,1,Desktop Frecuente
2768992120032208683,Organic Search,desktop,5,30.0,21.0,0.2,0.0,1,Desktop Frecuente
2770590171579767874,Organic Search,desktop,1,31.0,15.0,0.0,0.0,0,Desktop Engaged
2773216167322949918,Referral,desktop,10,5.0,4.5,0.0,0.1,1,Desktop Frecuente
2773403605706356104,Direct,desktop,4,8.5,7.5,0.25,0.0,1,Desktop Frecuente
2775394985633648624,Organic Search,desktop,3,13.0,11.0,0.0,0.0,1,Desktop Frecuente
2776260304301247758,Referral,desktop,1,21.0,18.0,0.0,1.0,2,Weekend Warriors
2778312825087268268,Direct,desktop,1,40.0,32.0,0.0,0.0,0,Desktop Engaged
2778479454208664084,Direct,desktop,4,31.0,19.0,0.0,0.0,0,Desktop Engaged
2778873072021640403,Direct,desktop,1,34.0,31.0,0.0,0.0,0,Desktop Engaged
2779352561946841357,Organic Search,desktop,1,18.0,18.0,0.0,0.0,0,Desktop Engaged
2779594039917451826,Referral,desktop,4,6.0,5.0,0.25,0.0,1,Desktop Frecuente
2779633414033651503,Organic Search,desktop,1,24.0,20.0,0.0,0.0,0,Desktop Engaged
2785285614162305625,Organic Search,desktop,2,31.0,24.0,0.0,0.5,2,Weekend Warriors
2785595904293222029,Organic Search,desktop,3,14.0,11.0,0.0,0.0,1,Desktop Frecuente
2788555723243018631,Direct,desktop,4,7.5,5.0,0.25,0.0,1,Desktop Frecuente
2789186257470781628,Direct,desktop,3,8.0,6.0,0.3333333333333333,0.0,1,Desktop Frecuente
2790290625227220214,Direct,desktop,2,32.5,20.5,0.0,0.0,0,Desktop Engaged
2792057465919995145,Organic Search,desktop,5,3.0,3.0,0.0,0.0,1,Desktop Frecuente
2793295987972453232,Organic Search,desktop,1,30.0,28.0,0.0,0.0,0,Desktop Engaged
2793309445916009863,Referral,desktop,1,70.0,55.0,0.0,0.0,0,Desktop Engaged
2793662397630011318,Direct,desktop,3,26.0,23.0,0.0,0.6666666666666666,2,Weekend Warriors
2794285006629832465,Organic Search,desktop,5,11.0,11.0,0.0,0.0,1,Desktop Frecuente
2794411975075446224,Referral,desktop,1,18.0,18.0,0.0,0.0,0,Desktop Engaged
2796082769378041079,Referral,desktop,3,12.0,12.0,0.0,0.3333333333333333,1,Desktop Frecuente
2796226620923398170,Referral,desktop,5,15.0,13.0,0.2,0.0,1,Desktop Frecuente
2797925470043622325,Referral,desktop,1,44.0,35.0,0.0,0.0,0,Desktop Engaged
2798267263317185154,Direct,desktop,1,28.0,24.0,0.0,0.0,0,Desktop Engaged
2799516265543613982,Paid Search,desktop,2,13.5,12.0,0.0,0.0,0,Desktop Engaged
2800282822736967709,Organic Search,desktop,1,58.0,45.0,0.0,0.0,0,Desktop Engaged
2801499422088453532,Organic Search,desktop,6,1.5,1.5,0.5,0.5,1,Desktop Frecuente
2801809770400921777,Referral,desktop,2,15.5,13.5,0.0,0.5,2,Weekend Warriors
2804925631896756050,Referral,desktop,7,4.0,4.0,0.2857142857142857,0.2857142857142857,1,Desktop Frecuente
2805355288930230044,Direct,desktop,8,4.5,3.5,0.125,0.25,1,Desktop Frecuente
2807673742303315908,Paid Search,mobile,24,1.0,1.0,0.625,0.2916666666666667,3,Mobile Users
2811132188167803677,Direct,desktop,6,18.0,14.5,0.0,0.3333333333333333,1,Desktop Frecuente
2811370791608339081,Referral,desktop,1,23.0,18.0,0.0,0.0,0,Desktop Engaged
2812654087924931640,Referral,desktop,11,1.0,1.0,0.6363636363636364,0.0,1,Desktop Frecuente
2814253579769492109,Referral,desktop,3,5.0,5.0,0.0,0.3333333333333333,1,Desktop Frecuente
2814872551544320279,Organic Search,desktop,2,29.0,19.0,0.0,0.0,0,Desktop Engaged
2816298586185528036,Referral,desktop,3,8.0,5.0,0.0,0.0,1,Desktop Frecuente
2817453656935743519,Organic Search,desktop,3,14.0,11.0,0.0,0.0,1,Desktop Frecuente
2818796658906330904,Referral,desktop,6,35.0,23.0,0.0,0.0,0,Desktop Engaged
2818976844555862937,Referral,desktop,1,66.0,47.0,0.0,0.0,0,Desktop Engaged
2820664164310129967,Organic Search,desktop,1,20.0,18.0,0.0,0.0,0,Desktop Engaged
2821795422917139717,Organic Search,desktop,1,36.0,28.0,0.0,0.0,0,Desktop Engaged
2827573509242310141,Organic Search,desktop,3,12.0,10.0,0.0,0.0,1,Desktop Frecuente
2828987368496366028,Referral,desktop,1,79.0,55.0,0.0,0.0,0,Desktop Engaged
2829963874275041366,Referral,desktop,2,19.5,16.5,0.5,0.0,0,Desktop Engaged
2831548695576636242,Organic Search,desktop,3,22.0,17.0,0.0,0.0,0,Desktop Engaged
2832807519496817186,Referral,desktop,3,27.0,21.0,0.0,0.0,0,Desktop Engaged
2832884882260579085,Organic Search,desktop,5,4.0,4.0,0.0,0.0,1,Desktop Frecuente
2837339903951425129,Referral,desktop,1,19.0,14.0,0.0,0.0,0,Desktop Engaged
2837725284997269762,Organic Search,desktop,3,9.0,7.0,0.0,0.0,1,Desktop Frecuente
2838394030048546223,Display,desktop,7,11.0,9.0,0.1428571428571428,0.0,1,Desktop Frecuente
2839647101049263045,Organic Search,desktop,1,30.0,26.0,0.0,0.0,0,Desktop Engaged
2840155464434051520,Referral,desktop,12,2.0,2.0,0.25,0.0,1,Desktop Frecuente
2840425200216568867,Referral,desktop,1,51.0,43.0,0.0,0.0,0,Desktop Engaged
2841388694787862215,Organic Search,desktop,1,70.0,43.0,0.0,0.0,0,Desktop Engaged
2842342609640358960,Referral,desktop,3,13.0,11.0,0.0,0.0,1,Desktop Frecuente
2845007611633315187,Direct,desktop,1,15.0,13.0,0.0,0.0,0,Desktop Engaged
2845423477332965912,Referral,desktop,5,3.0,3.0,0.2,0.2,1,Desktop Frecuente
2846265945939289063,Organic Search,mobile,2,20.5,16.5,0.0,0.0,3,Mobile Users
2847013081259459461,Organic Search,desktop,1,28.0,26.0,0.0,0.0,0,Desktop Engaged
2847852403603776283,Direct,desktop,1,53.0,39.0,0.0,0.0,0,Desktop Engaged
2848995850651736137,Referral,desktop,3,13.0,13.0,0.0,0.0,1,Desktop Frecuente
2852655994444801734,Organic Search,desktop,4,14.5,10.5,0.25,0.0,1,Desktop Frecuente
2854340718680170523,Referral,desktop,1,8.0,8.0,0.0,0.0,0,Desktop Engaged
2854722262909538790,Organic Search,desktop,3,61.0,41.0,0.0,0.0,0,Desktop Engaged
2856851067532814805,Display,desktop,1,45.0,34.0,0.0,0.0,0,Desktop Engaged
2857205495437639716,Direct,desktop,1,16.0,15.0,0.0,0.0,0,Desktop Engaged
2859330575716176857,Direct,desktop,2,14.5,11.0,0.0,0.0,0,Desktop Engaged
2861315377512617150,Organic Search,desktop,5,22.0,16.0,0.0,0.0,1,Desktop Frecuente
2862350995761121128,Direct,desktop,2,16.0,13.5,0.0,0.0,0,Desktop Engaged
2863616485775419102,Organic Search,desktop,7,4.0,4.0,0.2857142857142857,0.0,1,Desktop Frecuente
2864376493455301677,Direct,desktop,13,20.0,17.0,0.0,0.0769230769230769,1,Desktop Frecuente
2867026002929382725,Referral,desktop,5,4.0,4.0,0.4,0.0,1,Desktop Frecuente
2868139828078411530,Referral,desktop,1,45.0,32.0,0.0,0.0,0,Desktop Engaged
2868494413354804849,Paid Search,desktop,2,81.0,64.5,0.0,0.0,0,Desktop Engaged
2868753573471668678,Referral,desktop,5,25.0,22.0,0.0,0.4,1,Desktop Frecuente
2870406343834340351,Organic Search,tablet,3,4.0,4.0,0.0,0.0,3,Mobile Users
2870963788113068865,Organic Search,desktop,7,2.0,2.0,0.4285714285714285,0.0,1,Desktop Frecuente
2872390777688988558,Referral,desktop,3,1.0,1.0,0.6666666666666666,0.0,1,Desktop Frecuente
2874187183209359392,Organic Search,desktop,3,36.0,25.0,0.0,0.0,0,Desktop Engaged
2876669668798568631,Referral,desktop,5,1.0,1.0,0.6,0.2,1,Desktop Frecuente
2876746492094191998,Referral,desktop,1,44.0,39.0,0.0,1.0,2,Weekend Warriors
2877243749158885566,Direct,desktop,2,21.5,19.0,0.0,0.0,0,Desktop Engaged
2878531913092321151,Referral,desktop,6,6.0,5.5,0.0,0.8333333333333334,1,Desktop Frecuente
2878705560928214760,Referral,desktop,1,54.0,42.0,0.0,0.0,0,Desktop Engaged
2880019277233079024,Direct,desktop,2,34.5,24.5,0.0,0.0,0,Desktop Engaged
2880561522667457576,Referral,desktop,5,2.0,2.0,0.0,0.0,1,Desktop Frecuente
2882465245432965325,Direct,desktop,2,17.0,13.0,0.5,0.5,2,Weekend Warriors
2885242437093283542,Referral,desktop,2,7.5,7.5,0.0,0.0,1,Desktop Frecuente
2885831716084435366,Organic Search,desktop,1,24.0,19.0,0.0,0.0,0,Desktop Engaged
2887608315113818426,Display,desktop,2,18.5,13.0,0.0,0.0,0,Desktop Engaged
2888741988109163849,Organic Search,desktop,2,16.5,12.5,0.0,0.0,0,Desktop Engaged
2888994662401288163,Organic Search,mobile,1,19.0,17.0,0.0,0.0,3,Mobile Users
2889102511410073224,Referral,desktop,4,8.0,8.0,0.0,0.0,1,Desktop Frecuente
2892628358622963670,Direct,mobile,1,42.0,33.0,0.0,0.0,3,Mobile Users
2892813741342046911,Direct,desktop,3,11.0,8.0,0.3333333333333333,0.0,1,Desktop Frecuente
2893040356372252170,Referral,desktop,4,22.5,18.0,0.5,0.0,1,Desktop Frecuente
2894074210171777551,Organic Search,tablet,1,33.0,26.0,0.0,1.0,3,Mobile Users
2895356317388379178,Referral,desktop,5,10.0,10.0,0.0,0.0,1,Desktop Frecuente
2896712631625577350,Display,desktop,9,11.0,10.0,0.0,0.0,1,Desktop Frecuente
2896773240947804856,Referral,desktop,4,17.0,13.0,0.25,0.0,1,Desktop Frecuente
2897955323618920744,Organic Search,desktop,2,25.0,19.0,0.0,0.0,0,Desktop Engaged
2899424455048678899,Referral,desktop,1,14.0,12.0,0.0,0.0,0,Desktop Engaged
2900222956132620286,Paid Search,desktop,13,7.0,7.0,0.3076923076923077,0.0,1,Desktop Frecuente
2903698319711886789,Direct,desktop,2,9.5,8.0,0.5,0.0,1,Desktop Frecuente
2905796782942169922,Organic Search,desktop,1,30.0,24.0,0.0,0.0,0,Desktop Engaged
2906374507586934680,Organic Search,desktop,1,35.0,32.0,0.0,1.0,2,Weekend Warriors
2906498737565159529,Referral,desktop,6,9.0,7.5,0.1666666666666666,0.0,1,Desktop Frecuente
2907313716699844462,Referral,desktop,5,13.0,13.0,0.0,0.2,1,Desktop Frecuente
2908106497332627333,Referral,desktop,1,37.0,29.0,0.0,0.0,0,Desktop Engaged
2908993415254649761,Referral,desktop,2,19.5,17.0,0.0,0.0,0,Desktop Engaged
2909210793431796442,Organic Search,desktop,1,17.0,16.0,0.0,0.0,0,Desktop Engaged
2910734526436103085,Organic Search,mobile,2,18.0,15.0,0.0,1.0,3,Mobile Users
2912701831834893456,Referral,desktop,2,15.0,12.0,0.0,0.0,0,Desktop Engaged
2913067759054132692,Organic Search,desktop,37,1.0,1.0,0.7837837837837838,0.1351351351351351,1,Desktop Frecuente
2913538643362383211,Social,desktop,3,10.0,7.0,0.0,0.0,1,Desktop Frecuente
2914078983041273853,Referral,desktop,1,126.0,53.0,0.0,1.0,2,Weekend Warriors
2916703115374945945,Display,desktop,2,25.0,19.5,0.5,0.0,0,Desktop Engaged
2919195515906143823,Referral,desktop,10,1.5,1.5,0.5,0.0,1,Desktop Frecuente
2919716928934208535,Referral,desktop,9,7.0,7.0,0.1111111111111111,0.0,1,Desktop Frecuente
2920116282116200226,Social,tablet,2,214.5,187.5,0.0,0.0,3,Mobile Users
2920950269946903107,Referral,desktop,3,29.0,26.0,0.0,0.0,0,Desktop Engaged
2922496597698710192,Organic Search,desktop,1,36.0,31.0,0.0,0.0,0,Desktop Engaged
2923157586809674604,Direct,desktop,2,19.5,12.5,0.5,0.0,0,Desktop Engaged
2923583380085498492,Referral,desktop,8,4.5,4.0,0.125,0.0,1,Desktop Frecuente
2925179999316963442,Organic Search,desktop,4,3.0,3.0,0.5,0.0,1,Desktop Frecuente
2925488899469760262,Organic Search,desktop,2,22.5,17.0,0.0,0.0,0,Desktop Engaged
2926339495422227598,Direct,desktop,9,1.0,1.0,0.5555555555555556,0.0,1,Desktop Frecuente
2928427849127448830,Referral,desktop,6,6.0,5.0,0.1666666666666666,0.1666666666666666,1,Desktop Frecuente
2929956217778331899,Organic Search,desktop,2,29.0,13.5,0.0,0.0,0,Desktop Engaged
2932567752336020467,Referral,desktop,4,18.5,15.0,0.25,0.0,1,Desktop Frecuente
2932968952415068282,Organic Search,mobile,4,12.5,8.5,0.25,0.0,3,Mobile Users
2934242886567182756,Organic Search,desktop,1,52.0,46.0,0.0,0.0,0,Desktop Engaged
2935403605807774309,Referral,desktop,1,12.0,11.0,0.0,0.0,0,Desktop Engaged
2935533769478541529,Paid Search,mobile,4,4.5,3.5,0.5,0.25,3,Mobile Users
2936634930290678437,Referral,desktop,11,9.5,9.0,0.1666666666666666,0.4166666666666667,1,Desktop Frecuente
2936976853577355487,Organic Search,desktop,2,8.0,8.0,0.5,0.0,1,Desktop Frecuente
2937923833297072633,Direct,desktop,3,14.0,10.0,0.0,0.0,0,Desktop Engaged
2938490191342735172,Direct,desktop,1,26.0,19.0,0.0,0.0,0,Desktop Engaged
2939364130515546503,Organic Search,desktop,3,5.0,4.0,0.0,0.6666666666666666,1,Desktop Frecuente
2940621972871301246,Organic Search,desktop,3,23.0,11.0,0.0,0.6666666666666666,2,Weekend Warriors
2942212781099976151,Organic Search,desktop,7,18.0,18.0,0.1428571428571428,0.0,1,Desktop Frecuente
2944524817492930577,Organic Search,desktop,4,6.0,6.0,0.0,0.25,1,Desktop Frecuente
2944941333058773825,Referral,desktop,1,45.0,37.0,0.0,0.0,0,Desktop Engaged
2948011125803479044,Direct,desktop,1,31.0,22.0,0.0,0.0,0,Desktop Engaged
2948331056122711323,Referral,desktop,4,1.0,1.0,0.75,0.25,1,Desktop Frecuente
2948749367479986443,Referral,desktop,1,32.0,23.0,0.0,0.0,0,Desktop Engaged
2951565306014197668,Referral,desktop,7,5.0,5.0,0.1428571428571428,0.0,1,Desktop Frecuente
2951780478776331799,Organic Search,desktop,1,14.0,12.0,0.0,0.0,0,Desktop Engaged
2952820296567657347,Direct,desktop,2,21.5,16.0,0.0,0.0,0,Desktop Engaged
2955586208662590607,Organic Search,desktop,3,2.0,2.0,0.3333333333333333,0.0,1,Desktop Frecuente
2956786142298366932,Organic Search,desktop,4,11.0,9.0,0.0,0.25,1,Desktop Frecuente
2958670304005364003,Referral,desktop,9,7.0,7.0,0.2222222222222222,0.0,1,Desktop Frecuente
2962662746296004840,Direct,desktop,2,25.0,19.5,0.0,0.0,0,Desktop Engaged
2964132388460265320,Referral,desktop,2,22.5,18.0,0.0,0.0,0,Desktop Engaged
2966465528641096132,Referral,desktop,1,21.0,14.0,0.0,0.0,0,Desktop Engaged
2966611128426241872,Referral,desktop,3,23.0,13.0,0.0,0.0,0,Desktop Engaged
2967664827442283571,Referral,desktop,2,6.5,6.5,0.0,0.0,1,Desktop Frecuente
2969418676126258798,Referral,desktop,19,3.0,3.0,0.3157894736842105,0.2631578947368421,1,Desktop Frecuente
2969808094161834172,Organic Search,mobile,19,4.0,4.0,0.2631578947368421,0.4210526315789473,3,Mobile Users
2969957690756250633,Organic Search,desktop,8,6.5,5.0,0.375,0.0,1,Desktop Frecuente
2970264133901604244,Organic Search,desktop,1,38.0,29.0,0.0,0.0,0,Desktop Engaged
2972255044152209123,Organic Search,desktop,4,7.0,7.0,0.0,0.0,1,Desktop Frecuente
2972947690277479777,Organic Search,desktop,3,27.0,22.0,0.0,0.0,0,Desktop Engaged
2973611363966262012,Referral,desktop,3,3.0,3.0,0.0,0.0,1,Desktop Frecuente
2976178532750719771,Organic Search,desktop,2,20.0,15.5,0.0,0.0,0,Desktop Engaged
2977355807683568190,Referral,desktop,3,6.0,2.0,0.0,0.3333333333333333,1,Desktop Frecuente
2979158334748499173,Referral,desktop,2,19.5,15.0,0.5,0.0,0,Desktop Engaged
2981325201816358942,Organic Search,desktop,8,14.0,9.5,0.25,0.0,1,Desktop Frecuente
2981548266609585981,Organic Search,tablet,2,18.5,14.5,0.0,0.0,3,Mobile Users
2983171108603027589,Referral,desktop,2,25.5,19.5,0.5,0.5,2,Weekend Warriors
2986044800448176384,Referral,desktop,3,3.0,3.0,0.0,0.6666666666666666,1,Desktop Frecuente
2986064566980892993,Paid Search,desktop,3,50.0,34.0,0.3333333333333333,0.0,0,Desktop Engaged
2989490372994376329,Referral,desktop,2,30.5,26.0,0.0,0.0,0,Desktop Engaged
2992265049080278009,Organic Search,desktop,4,14.0,10.5,0.0,0.0,1,Desktop Frecuente
2994511687667286393,Direct,desktop,1,13.0,11.0,0.0,0.0,0,Desktop Engaged
2996218243014661996,Direct,desktop,5,5.0,4.0,0.0,0.0,1,Desktop Frecuente
2996634924605422083,Referral,desktop,1,48.0,36.0,0.0,0.0,0,Desktop Engaged
2997672988390707183,Referral,desktop,3,7.0,6.0,0.0,0.6666666666666666,1,Desktop Frecuente
2998366531691727863,Direct,desktop,4,15.0,11.0,0.0,0.25,1,Desktop Frecuente
2998921651332045258,Referral,desktop,1,138.0,104.0,0.0,0.0,0,Desktop Engaged
3003781131878505230,Direct,desktop,2,6.5,6.0,0.0,0.0,1,Desktop Frecuente
3004372961374540128,Organic Search,desktop,1,21.0,20.0,0.0,0.0,0,Desktop Engaged
3004433257206076818,Referral,desktop,1,14.0,12.0,0.0,1.0,2,Weekend Warriors
3004558103981470541,Organic Search,desktop,2,151.5,100.0,0.0,1.0,2,Weekend Warriors
3004593292265626624,Direct,desktop,2,27.5,20.0,0.0,0.0,0,Desktop Engaged
3004638756363119984,Organic Search,desktop,1,16.0,15.0,0.0,0.0,0,Desktop Engaged
3006489767948351126,Referral,desktop,1,34.0,22.0,0.0,0.0,0,Desktop Engaged
3006774144642328935,Direct,desktop,3,5.0,5.0,0.3333333333333333,0.0,1,Desktop Frecuente
3008692530676970793,Direct,desktop,4,5.5,5.5,0.25,0.0,1,Desktop Frecuente
3009119663550878482,Direct,desktop,1,11.0,11.0,0.0,1.0,2,Weekend Warriors
3012297793847553299,Referral,desktop,2,14.5,12.5,0.5,0.0,1,Desktop Frecuente
3013043151561993524,Referral,desktop,1,23.0,20.0,0.0,0.0,0,Desktop Engaged
3015350453130669624,Organic Search,desktop,12,7.5,6.0,0.0833333333333333,0.5,1,Desktop Frecuente
3015499115013703694,Referral,desktop,8,3.0,3.0,0.25,0.125,1,Desktop Frecuente
3016072144177960007,Organic Search,desktop,2,24.5,17.0,0.0,0.5,2,Weekend Warriors
3016156035276405159,Organic Search,tablet,1,49.0,35.0,0.0,0.0,3,Mobile Users
3016739586039841037,Organic Search,mobile,4,16.0,13.0,0.0,0.0,3,Mobile Users
3017210075357079179,Referral,desktop,1,22.0,19.0,0.0,0.0,0,Desktop Engaged
3020902841110220885,Display,desktop,3,5.0,5.0,0.0,0.0,1,Desktop Frecuente
3021223849614284256,Referral,desktop,4,8.0,8.0,0.25,0.25,1,Desktop Frecuente
3021411536499327035,Organic Search,desktop,3,7.0,7.0,0.0,0.0,1,Desktop Frecuente
3022392995706412545,Referral,desktop,3,11.0,9.0,0.3333333333333333,0.3333333333333333,1,Desktop Frecuente
3022397806873476747,Organic Search,desktop,1,28.0,28.0,0.0,1.0,2,Weekend Warriors
3022821826736981569,Referral,desktop,1,49.0,37.0,0.0,1.0,2,Weekend Warriors
3023150673904002586,Referral,desktop,1,60.0,43.0,0.0,0.0,0,Desktop Engaged
3023987141192180181,Referral,desktop,2,10.0,10.0,0.0,0.0,1,Desktop Frecuente
3024362751507085867,Referral,desktop,3,4.0,4.0,0.0,0.0,1,Desktop Frecuente
3024684683142249446,Organic Search,desktop,4,9.5,8.0,0.25,0.0,1,Desktop Frecuente
3024993643365684640,Paid Search,desktop,1,16.0,14.0,0.0,1.0,2,Weekend Warriors
3025392136554123127,Organic Search,desktop,3,4.0,4.0,0.0,0.0,1,Desktop Frecuente
3026368959159738546,Referral,desktop,20,3.5,3.5,0.2,0.1,1,Desktop Frecuente
3026421208569347766,Referral,desktop,1,57.0,39.0,0.0,0.0,0,Desktop Engaged
3027900979672030556,Direct,desktop,1,26.0,22.0,0.0,0.0,0,Desktop Engaged
3028550427151363393,Direct,desktop,1,45.0,36.0,0.0,1.0,2,Weekend Warriors
3028560396160352119,Organic Search,mobile,2,16.5,13.5,0.5,0.0,3,Mobile Users
3028610092281426822,Referral,desktop,8,8.5,6.5,0.0,0.0,1,Desktop Frecuente
3028833598226517640,Referral,desktop,6,6.5,6.5,0.3333333333333333,0.0,1,Desktop Frecuente
3029326010969063453,Referral,desktop,2,19.0,16.0,0.0,0.0,0,Desktop Engaged
3031054342565069351,Organic Search,desktop,2,20.5,18.5,0.0,0.0,0,Desktop Engaged
3033027578792702692,Direct,desktop,3,17.0,17.0,0.0,0.0,0,Desktop Engaged
3033366073043100694,Referral,desktop,7,62.0,43.0,0.1428571428571428,0.0,0,Desktop Engaged
3034798095913703775,Referral,desktop,4,5.5,4.5,0.0,0.0,1,Desktop Frecuente
3034814287433677969,Referral,desktop,1,15.0,15.0,0.0,0.0,0,Desktop Engaged
3036536179298397779,Referral,desktop,3,3.0,2.0,0.0,0.0,1,Desktop Frecuente
3036628579786441672,Referral,desktop,1,25.0,23.0,0.0,0.0,0,Desktop Engaged
3036945143044651672,Referral,desktop,1,41.0,21.0,0.0,0.0,0,Desktop Engaged
3039060719981952485,Direct,desktop,4,10.5,10.0,0.0,0.0,1,Desktop Frecuente
3039235683404225577,Referral,desktop,3,15.0,12.0,0.0,0.0,1,Desktop Frecuente
3039331164214492247,Referral,desktop,3,9.0,9.0,0.0,0.0,1,Desktop Frecuente
3041137106242705220,Referral,desktop,3,3.0,3.0,0.0,0.0,1,Desktop Frecuente
3041665208670915405,Referral,desktop,4,33.0,22.5,0.0,0.0,0,Desktop Engaged
3045945458040660189,Referral,desktop,2,14.0,12.5,0.0,0.0,0,Desktop Engaged
3046775714096788273,Referral,desktop,3,34.0,20.0,0.0,0.0,0,Desktop Engaged
3049625558336385747,Direct,desktop,4,8.5,8.0,0.25,0.0,1,Desktop Frecuente
3051157493054148385,Direct,desktop,5,4.0,4.0,0.0,0.0,1,Desktop Frecuente
3053164528707250163,Direct,desktop,2,15.5,13.0,0.5,0.0,1,Desktop Frecuente
3053417453950406791,Referral,desktop,1,41.0,28.0,0.0,0.0,0,Desktop Engaged
3053688223431493183,Referral,desktop,8,12.5,10.0,0.125,0.125,1,Desktop Frecuente
3053950714909876467,Referral,desktop,2,24.0,17.5,0.0,0.0,0,Desktop Engaged
3055210275041063750,Organic Search,desktop,2,13.5,11.5,0.0,0.0,0,Desktop Engaged
3057038827643916934,Organic Search,desktop,1,28.0,25.0,0.0,0.0,0,Desktop Engaged
3058453262687579151,Direct,desktop,8,3.0,3.0,0.0,0.25,1,Desktop Frecuente
3058457482106046803,Referral,desktop,4,5.0,5.0,0.0,0.0,1,Desktop Frecuente
3060407489616747309,Referral,desktop,1,55.0,43.0,0.0,0.0,0,Desktop Engaged
3060859705659472596,Organic Search,desktop,2,26.0,18.5,0.0,0.0,0,Desktop Engaged
3061154222126395175,Organic Search,desktop,2,19.5,15.5,0.0,0.0,0,Desktop Engaged
3061282390735516569,Direct,desktop,2,7.5,7.5,0.0,1.0,2,Weekend Warriors
3061338030780455732,Referral,desktop,12,8.0,7.5,0.0833333333333333,0.1666666666666666,1,Desktop Frecuente
3061506083618689594,Organic Search,desktop,1,32.0,15.0,0.0,0.0,0,Desktop Engaged
3066188315515723217,Direct,desktop,2,59.5,44.5,0.0,0.0,0,Desktop Engaged
3069763522016521582,Direct,mobile,9,3.0,3.0,0.3333333333333333,0.0,3,Mobile Users
3070332682472829056,Organic Search,desktop,5,20.0,19.0,0.0,0.4,1,Desktop Frecuente
3072906415117777345,Referral,desktop,3,18.0,16.0,0.0,0.3333333333333333,1,Desktop Frecuente
3073029107181277128,Referral,desktop,1,72.0,51.0,0.0,0.0,0,Desktop Engaged
3073219633014134177,Organic Search,desktop,4,8.0,8.0,0.0,0.0,1,Desktop Frecuente
3073830805992104825,Organic Search,desktop,1,48.0,32.0,0.0,0.0,0,Desktop Engaged
3073854849237490517,Referral,desktop,3,8.0,5.0,0.0,0.0,1,Desktop Frecuente
3074873425598115853,Direct,desktop,1,103.0,77.0,0.0,0.0,0,Desktop Engaged
3076174797058833907,Organic Search,desktop,10,4.5,4.5,0.1,0.0,1,Desktop Frecuente
3079251179571045566,Direct,desktop,1,19.0,17.0,0.0,0.0,0,Desktop Engaged
3080209354082466305,Referral,desktop,3,25.0,17.0,0.0,0.0,0,Desktop Engaged
3080226370978858590,Organic Search,desktop,2,31.5,24.5,0.0,1.0,2,Weekend Warriors
3081808777530081945,Direct,desktop,1,11.0,11.0,0.0,0.0,0,Desktop Engaged
3083583249945544526,Referral,desktop,1,14.0,13.0,0.0,0.0,0,Desktop Engaged
3084488537462893210,Referral,desktop,3,14.0,11.0,0.0,0.0,1,Desktop Frecuente
3085716023208993484,Direct,desktop,1,41.0,29.0,0.0,0.0,0,Desktop Engaged
3085941498097094136,Organic Search,desktop,5,7.0,7.0,0.2,0.0,1,Desktop Frecuente
3086932451453585214,Paid Search,mobile,2,15.0,13.5,0.0,1.0,3,Mobile Users
3087800167641443127,Referral,desktop,1,39.0,32.0,0.0,0.0,0,Desktop Engaged
3088956989442559269,Referral,desktop,7,4.0,3.0,0.1428571428571428,0.0,1,Desktop Frecuente
3089403106365222780,Referral,desktop,3,22.0,16.0,0.0,0.0,0,Desktop Engaged
3089607588472328208,Organic Search,desktop,1,31.0,25.0,0.0,0.0,0,Desktop Engaged
3090631969460248576,Referral,desktop,6,5.5,2.5,0.0,0.0,1,Desktop Frecuente
3090961484770076582,Referral,desktop,3,18.0,16.0,0.0,0.3333333333333333,1,Desktop Frecuente
3091668257669224026,Organic Search,desktop,2,40.0,32.5,0.0,1.0,2,Weekend Warriors
3092487309701391768,Display,desktop,4,8.5,7.0,0.25,0.0,1,Desktop Frecuente
3092870845653794561,Organic Search,desktop,2,107.0,75.5,0.0,0.5,2,Weekend Warriors
3093109555389164661,Paid Search,desktop,2,33.5,26.5,0.5,0.0,0,Desktop Engaged
3093617887616167968,Organic Search,desktop,1,50.0,44.0,0.0,1.0,2,Weekend Warriors
3095756132882918441,Referral,desktop,5,55.0,48.0,0.0,0.0,0,Desktop Engaged
3096836419008213923,Organic Search,tablet,1,34.0,27.0,0.0,0.0,3,Mobile Users
3097915450059781479,Direct,desktop,1,22.0,19.0,0.0,0.0,0,Desktop Engaged
3098102694893246712,Organic Search,desktop,1,52.0,36.0,0.0,0.0,0,Desktop Engaged
3098865090414414234,Organic Search,desktop,1,27.0,23.0,0.0,0.0,0,Desktop Engaged
3099454616980621079,Direct,desktop,4,4.5,3.5,0.0,0.25,1,Desktop Frecuente
3101662058536674321,Direct,desktop,1,80.0,58.0,0.0,0.0,0,Desktop Engaged
3101785665065663621,Referral,desktop,1,13.0,12.0,0.0,0.0,0,Desktop Engaged
3104253382416349385,Referral,desktop,7,17.0,14.0,0.1428571428571428,0.0,1,Desktop Frecuente
3104604995796885491,Display,desktop,6,8.5,7.5,0.1666666666666666,0.0,1,Desktop Frecuente
3104697128151646874,Direct,desktop,2,7.0,7.0,0.0,0.0,1,Desktop Frecuente
3104964960128500385,Referral,desktop,2,15.5,13.5,0.0,0.0,0,Desktop Engaged
3106406359613748642,Organic Search,desktop,1,51.0,39.0,0.0,1.0,2,Weekend Warriors
3107820119942090267,Referral,desktop,2,14.5,12.5,0.0,0.0,0,Desktop Engaged
3108986775464139138,Referral,desktop,5,9.0,7.0,0.2,0.0,1,Desktop Frecuente
3111088785117643818,Organic Search,desktop,5,4.0,4.0,0.2,0.0,1,Desktop Frecuente
3111726127127301797,Direct,desktop,1,75.0,49.0,0.0,0.0,0,Desktop Engaged
3112141012835314636,Direct,desktop,1,26.0,22.0,0.0,0.0,0,Desktop Engaged
3113291630696450894,Paid Search,tablet,4,1.0,1.0,0.75,0.0,3,Mobile Users
3113954656800256529,Referral,desktop,1,62.0,49.0,0.0,0.0,0,Desktop Engaged
3114573633240274987,Organic Search,desktop,8,33.0,29.0,0.125,0.0,1,Desktop Frecuente
3115733553962265395,Paid Search,tablet,10,3.5,3.5,0.3,0.3,3,Mobile Users
3117505679893009709,Referral,desktop,3,27.0,18.0,0.3333333333333333,0.0,0,Desktop Engaged
3117858606721790013,Organic Search,desktop,2,15.0,12.5,0.5,1.0,2,Weekend Warriors
3118427910929660866,Organic Search,desktop,2,12.0,10.0,0.0,0.0,0,Desktop Engaged
3118941601870086725,Direct,desktop,1,18.0,14.0,0.0,0.0,0,Desktop Engaged
3119753230515283152,Organic Search,mobile,10,1.0,1.0,0.6,0.2,3,Mobile Users
3121391428402721372,Organic Search,desktop,2,26.0,24.0,0.0,0.0,0,Desktop Engaged
3122295275432356222,Organic Search,desktop,1,67.0,49.0,0.0,0.0,0,Desktop Engaged
3122819142651442122,Organic Search,desktop,4,7.0,6.5,0.0,0.75,1,Desktop Frecuente
3123912150867532904,Direct,desktop,8,5.0,5.0,0.25,0.25,1,Desktop Frecuente
3126428444962673497,Organic Search,tablet,1,23.0,17.0,0.0,0.0,3,Mobile Users
3126493267998651969,Referral,desktop,4,41.5,29.0,0.0,0.0,0,Desktop Engaged
3128618656277921495,Organic Search,desktop,1,13.0,10.0,0.0,0.0,0,Desktop Engaged
3128896726987914881,Referral,desktop,1,49.0,38.0,0.0,0.0,0,Desktop Engaged
3129381702603062678,Referral,desktop,5,4.0,4.0,0.2,0.0,1,Desktop Frecuente
3129654954472515724,Organic Search,mobile,3,9.0,7.0,0.0,0.0,3,Mobile Users
3130936952600859212,Referral,desktop,4,10.5,8.0,0.0,0.0,1,Desktop Frecuente
3130970991190166322,Organic Search,desktop,2,41.0,32.5,0.0,0.0,0,Desktop Engaged
3131378609982399583,Referral,desktop,1,34.0,27.0,0.0,0.0,0,Desktop Engaged
3131990640734225937,Referral,desktop,1,21.0,19.0,0.0,0.0,0,Desktop Engaged
3133496817096951875,Referral,desktop,4,4.5,4.5,0.25,0.25,1,Desktop Frecuente
3133737594655532095,Direct,desktop,2,46.0,36.0,0.0,0.0,0,Desktop Engaged
3133961575709711907,Referral,desktop,8,4.5,4.0,0.125,0.0,1,Desktop Frecuente
3134386734293793643,Referral,desktop,3,6.0,6.0,0.0,0.0,1,Desktop Frecuente
3135132394776964687,Direct,desktop,4,17.5,13.5,0.0,0.0,1,Desktop Frecuente
3136171791619750824,Referral,desktop,1,58.0,48.0,0.0,0.0,0,Desktop Engaged
3136743370771670654,Paid Search,desktop,6,5.5,5.5,0.3333333333333333,0.0,1,Desktop Frecuente
3137253471555883779,Referral,desktop,5,5.0,5.0,0.2,0.0,1,Desktop Frecuente
3137796021473000600,Direct,desktop,8,4.5,4.0,0.25,0.0,1,Desktop Frecuente
3138433209653230300,Organic Search,mobile,24,1.0,1.0,0.5833333333333334,0.6666666666666666,3,Mobile Users
3138662586063485035,Referral,desktop,1,12.0,10.0,0.0,0.0,0,Desktop Engaged
3138792896874178988,Direct,mobile,1,11.0,11.0,0.0,1.0,3,Mobile Users
3139278532067746269,Organic Search,desktop,3,14.0,10.0,0.3333333333333333,0.6666666666666666,2,Weekend Warriors
3139557393320178005,Referral,desktop,2,15.0,12.5,0.0,0.0,0,Desktop Engaged
3140609844524297728,Referral,desktop,2,23.5,18.0,0.0,0.0,0,Desktop Engaged
3140693833607536032,Organic Search,desktop,5,5.0,5.0,0.0,0.0,1,Desktop Frecuente
3143111598793306337,Organic Search,desktop,1,52.0,39.0,0.0,0.0,0,Desktop Engaged
3147835366173133217,Organic Search,desktop,1,34.0,24.0,0.0,0.0,0,Desktop Engaged
3149877855054467737,Referral,desktop,6,11.5,8.0,0.0,0.1666666666666666,1,Desktop Frecuente
3151287811920286520,Referral,desktop,1,29.0,24.0,0.0,0.0,0,Desktop Engaged
3152246617474456269,Referral,desktop,2,35.5,25.5,0.0,0.0,0,Desktop Engaged
3152883096390022725,Referral,desktop,1,18.0,14.0,0.0,0.0,0,Desktop Engaged
3153078026846548408,Direct,desktop,2,10.0,9.0,0.5,0.0,1,Desktop Frecuente
3153380067864919818,Referral,desktop,6,4.5,2.5,0.1666666666666666,0.0,1,Desktop Frecuente
3153643314309934460,Direct,desktop,2,8.5,8.0,0.5,0.0,1,Desktop Frecuente
3155077520115597648,Organic Search,desktop,2,16.5,15.5,0.0,0.0,0,Desktop Engaged
3155899346527936936,Referral,desktop,5,16.0,14.0,0.0,0.0,1,Desktop Frecuente
3156235512146749592,Referral,desktop,2,23.0,19.5,0.0,0.5,2,Weekend Warriors
3156558389889250659,Referral,desktop,1,71.0,48.0,0.0,0.0,0,Desktop Engaged
3157702093889540214,Organic Search,desktop,1,22.0,18.0,0.0,0.0,0,Desktop Engaged
3158193721801238039,Referral,desktop,6,10.0,9.0,0.1666666666666666,0.0,1,Desktop Frecuente
3158455409969332495,Referral,desktop,11,5.0,5.0,0.1818181818181818,0.0,1,Desktop Frecuente
3158480820561583976,Referral,desktop,1,24.0,20.0,0.0,0.0,0,Desktop Engaged
3158685951899841260,Referral,desktop,1,27.0,24.0,0.0,1.0,2,Weekend Warriors
3159050604918463196,Organic Search,desktop,1,26.0,22.0,0.0,0.0,0,Desktop Engaged
3159313764830847532,Referral,desktop,5,4.0,4.0,0.2,0.0,1,Desktop Frecuente
3161406189281338784,Direct,desktop,2,14.5,11.5,0.5,0.5,1,Desktop Frecuente
3164508454485950467,Referral,desktop,1,57.0,44.0,0.0,0.0,0,Desktop Engaged
3170270941303013554,Referral,desktop,7,3.0,3.0,0.0,0.0,1,Desktop Frecuente
3170422263023415862,Referral,desktop,3,3.0,2.0,0.3333333333333333,0.0,1,Desktop Frecuente
3171569265705804808,Organic Search,desktop,2,16.0,13.5,0.0,0.0,0,Desktop Engaged
3174192822404489741,Organic Search,desktop,2,18.5,16.5,0.0,0.0,0,Desktop Engaged
3177345827435653751,Organic Search,desktop,4,4.0,4.0,0.25,0.5,1,Desktop Frecuente
3177465633793530867,Organic Search,tablet,1,36.0,27.0,0.0,0.0,3,Mobile Users
3179620398844632933,Organic Search,desktop,1,18.0,18.0,0.0,0.0,0,Desktop Engaged
3179753420864580633,Referral,mobile,6,4.5,4.5,0.1666666666666666,0.0,3,Mobile Users
3179916194458138070,Direct,desktop,6,5.5,4.0,0.3333333333333333,0.1666666666666666,1,Desktop Frecuente
3180997796111831124,Direct,desktop,1,56.0,45.0,0.0,0.0,0,Desktop Engaged
3182046558551540109,Direct,desktop,9,6.0,6.0,0.0,0.1111111111111111,1,Desktop Frecuente
3182137775133532420,Direct,desktop,2,11.0,10.5,0.0,0.0,0,Desktop Engaged
3182530876752588535,Direct,desktop,1,11.0,11.0,0.0,0.0,0,Desktop Engaged
3183087313226736036,Organic Search,desktop,1,85.0,62.0,0.0,0.0,0,Desktop Engaged
3183822495344470855,Referral,desktop,2,31.0,14.5,0.0,0.5,2,Weekend Warriors
3186875369084984764,Referral,desktop,3,16.0,13.0,0.0,0.0,0,Desktop Engaged
3187154400551133371,Referral,desktop,10,1.0,1.0,0.7,0.0,1,Desktop Frecuente
3187576245078798783,Organic Search,desktop,5,11.0,11.0,0.0,0.0,1,Desktop Frecuente
3188303245564110099,Referral,desktop,1,58.0,48.0,0.0,0.0,0,Desktop Engaged
3188368730358313533,Referral,desktop,3,15.0,11.0,0.0,0.0,0,Desktop Engaged
3188526074838919259,Referral,desktop,1,8.0,8.0,0.0,0.0,0,Desktop Engaged
3189343375435216997,Direct,desktop,1,16.0,15.0,0.0,0.0,0,Desktop Engaged
3189618204089250537,Referral,desktop,3,10.0,7.0,0.0,0.0,1,Desktop Frecuente
3189657412693012023,Organic Search,desktop,1,49.0,39.0,0.0,1.0,2,Weekend Warriors
3190679366721791608,Referral,desktop,2,22.0,20.0,0.0,0.0,0,Desktop Engaged
3191023303780419966,Paid Search,mobile,7,17.0,12.0,0.0,0.0,3,Mobile Users
3193356620853190867,Direct,tablet,1,37.0,34.0,0.0,1.0,2,Weekend Warriors
3196293108485281495,Direct,desktop,4,6.0,4.5,0.0,0.25,1,Desktop Frecuente
3197533100947860058,Organic Search,desktop,29,7.0,7.0,0.2068965517241379,0.1034482758620689,1,Desktop Frecuente
3199504068027820416,Organic Search,mobile,3,22.0,19.0,0.3333333333333333,1.0,3,Mobile Users
3205397931212928239,Referral,desktop,1,24.0,21.0,0.0,0.0,0,Desktop Engaged
3205462167547873078,Referral,desktop,2,8.5,6.5,0.0,0.5,1,Desktop Frecuente
3205470611252051738,Organic Search,desktop,2,45.0,30.5,0.0,0.0,0,Desktop Engaged
3206053801824518527,Organic Search,desktop,1,34.0,27.0,0.0,0.0,0,Desktop Engaged
3207713058277296455,Direct,mobile,3,51.0,42.0,0.0,0.0,3,Mobile Users
3208324314042464006,Referral,desktop,5,5.0,5.0,0.0,0.4,1,Desktop Frecuente
3209681780730962666,Organic Search,mobile,3,16.5,12.5,0.0,0.5,3,Mobile Users
3210357805056492900,Referral,desktop,3,3.0,3.0,0.0,0.0,1,Desktop Frecuente
3210463637705719275,Organic Search,desktop,1,77.0,58.0,0.0,0.0,0,Desktop Engaged
3210940614315598786,Referral,desktop,2,18.0,15.0,0.0,0.0,0,Desktop Engaged
3213274881393839783,Direct,desktop,2,12.0,11.5,0.5,0.0,1,Desktop Frecuente
3213792540886957239,Direct,desktop,1,15.0,14.0,0.0,0.0,0,Desktop Engaged
3213840074316400693,Referral,desktop,2,16.5,12.5,0.5,0.0,1,Desktop Frecuente
3214352819893737731,Organic Search,desktop,1,28.0,24.0,0.0,0.0,0,Desktop Engaged
3214855097545291726,Direct,desktop,1,22.0,21.0,0.0,0.0,0,Desktop Engaged
3215564925046357694,Referral,desktop,5,14.0,14.0,0.0,0.0,1,Desktop Frecuente
3215729429198564415,Referral,desktop,8,8.0,6.5,0.0,0.0,1,Desktop Frecuente
3215774541013275282,Organic Search,mobile,5,6.0,6.0,0.4,0.2,3,Mobile Users
3219030339075413961,Organic Search,desktop,2,10.5,10.5,0.0,1.0,2,Weekend Warriors
3219091521774688787,Referral,desktop,1,59.0,39.0,0.0,0.0,0,Desktop Engaged
3219847669927373606,Organic Search,desktop,2,27.0,24.0,0.0,0.0,0,Desktop Engaged
3220580369738167789,Referral,desktop,1,48.0,43.0,0.0,0.0,0,Desktop Engaged
3221924345288041502,Referral,desktop,4,10.5,6.0,0.25,0.0,1,Desktop Frecuente
3222397438054412081,Organic Search,mobile,2,16.0,13.0,0.0,0.5,3,Mobile Users
3222681460709008330,Organic Search,desktop,2,17.0,15.0,0.0,0.0,0,Desktop Engaged
3224127593419927949,Paid Search,desktop,2,23.5,19.5,0.0,0.0,0,Desktop Engaged
3224500939951572250,Direct,mobile,2,6.5,6.5,0.0,0.0,3,Mobile Users
3228241194785096593,Referral,desktop,3,8.0,5.0,0.0,0.0,1,Desktop Frecuente
3229423601682163075,Organic Search,desktop,1,17.0,15.0,0.0,0.0,0,Desktop Engaged
3229944860313764519,Organic Search,desktop,3,74.0,58.0,0.0,0.3333333333333333,0,Desktop Engaged
3230704866307301165,Direct,desktop,4,3.5,3.5,0.0,0.0,1,Desktop Frecuente
3231791820573493501,Display,desktop,2,27.5,20.0,0.0,0.0,0,Desktop Engaged
3232549907391861045,Display,desktop,2,13.0,10.5,0.0,0.0,0,Desktop Engaged
3232963301544561128,Referral,desktop,1,12.0,10.0,0.0,0.0,0,Desktop Engaged
3233846931580119453,Organic Search,desktop,3,17.0,11.0,0.0,0.0,0,Desktop Engaged
3234804517559841754,Direct,desktop,1,13.0,12.0,0.0,0.0,0,Desktop Engaged
3235007945976260672,Organic Search,desktop,3,17.0,13.0,0.25,1.0,2,Weekend Warriors
3237848165870949181,Direct,desktop,1,65.0,46.0,0.0,0.0,0,Desktop Engaged
3238100225878296551,Referral,desktop,1,32.0,27.0,0.0,0.0,0,Desktop Engaged
3239121026206302364,Referral,desktop,3,30.0,20.0,0.3333333333333333,0.0,0,Desktop Engaged
3243512505311500350,Paid Search,tablet,4,10.0,9.0,0.4,0.0,3,Mobile Users
3244885836845029978,Referral,desktop,5,17.0,14.0,0.0,0.0,1,Desktop Frecuente
3244918821752957507,Referral,desktop,3,11.0,11.0,0.0,0.0,1,Desktop Frecuente
3245361038398109550,Organic Search,mobile,5,9.0,7.0,0.0,0.2,3,Mobile Users
3246079438339709804,Referral,desktop,6,10.5,6.0,0.0,0.0,1,Desktop Frecuente
3247160344848434520,Organic Search,tablet,4,22.0,16.5,0.5,0.0,3,Mobile Users
3247985918659922679,Referral,desktop,2,29.0,20.5,0.0,0.5,2,Weekend Warriors
3248299848475124919,Organic Search,desktop,1,30.0,28.0,0.0,0.0,0,Desktop Engaged
3248695569789509662,Direct,desktop,3,10.0,10.0,0.0,0.3333333333333333,1,Desktop Frecuente
3252602877117379170,Referral,desktop,2,19.0,14.5,0.0,0.0,0,Desktop Engaged
3252876737088011394,Organic Search,desktop,5,3.0,3.0,0.4,0.2,1,Desktop Frecuente
3257459878780605999,Organic Search,tablet,3,32.0,21.0,0.3333333333333333,0.0,3,Mobile Users
3259618435947707207,Direct,desktop,2,12.0,11.5,0.0,0.0,0,Desktop Engaged
3260223890399727411,Organic Search,desktop,2,19.0,16.0,0.0,0.0,0,Desktop Engaged
3261813932976952112,Organic Search,tablet,2,25.0,19.5,0.0,0.0,3,Mobile Users
3263865751595893429,Direct,desktop,2,15.0,14.0,0.5,0.0,1,Desktop Frecuente
3264354418157735832,Social,desktop,11,5.0,5.0,0.0909090909090909,0.0,1,Desktop Frecuente
3266555914884210654,Direct,desktop,1,30.0,25.0,0.0,1.0,2,Weekend Warriors
3266776888486866062,Organic Search,desktop,7,22.0,13.0,0.0,0.1428571428571428,1,Desktop Frecuente
3269834865385146569,Direct,desktop,155,1.0,1.0,0.7935483870967742,0.1419354838709677,1,Desktop Frecuente
3271544587307271471,Referral,desktop,4,19.5,9.0,0.0,0.0,0,Desktop Engaged
3271602591909428154,Referral,desktop,10,3.0,3.0,0.1,0.0,1,Desktop Frecuente
3272999989978814432,Organic Search,desktop,2,43.5,32.0,0.0,0.0,0,Desktop Engaged
3273194067845015583,Direct,mobile,2,31.5,25.0,0.0,1.0,3,Mobile Users
3273268557987890623,Referral,desktop,10,5.0,5.0,0.3,0.0,1,Desktop Frecuente
3274741740426447449,Referral,desktop,1,14.0,14.0,0.0,0.0,0,Desktop Engaged
3276164298112463079,Organic Search,desktop,1,25.0,18.0,0.0,0.0,0,Desktop Engaged
3276827132145527043,Referral,desktop,6,6.5,5.0,0.0,0.0,1,Desktop Frecuente
3279130308050377426,Referral,desktop,2,35.0,27.0,0.0,0.0,0,Desktop Engaged
3280132197483942848,Organic Search,desktop,4,7.5,6.5,0.0,0.25,1,Desktop Frecuente
3282526834147517212,Referral,desktop,4,20.5,15.5,0.0,0.0,1,Desktop Frecuente
3283030329692495258,Direct,mobile,1,34.0,27.0,0.0,1.0,3,Mobile Users
3287424336851494398,Organic Search,desktop,28,5.5,4.5,0.1071428571428571,0.0,1,Desktop Frecuente
3290482216407456011,Direct,desktop,3,106.0,71.0,0.0,0.0,0,Desktop Engaged
3290765995277477899,Direct,mobile,2,17.0,13.5,0.5,0.5,3,Mobile Users
3293157709434919719,Paid Search,desktop,1,56.0,42.0,0.0,1.0,2,Weekend Warriors
3295470093238310609,Organic Search,mobile,6,3.5,3.5,0.5,0.0,3,Mobile Users
3296449130516590119,Direct,desktop,5,5.0,5.0,0.4,0.0,1,Desktop Frecuente
3296487568107567712,Direct,mobile,2,15.0,13.0,0.0,0.0,3,Mobile Users
3296760629290615445,Referral,desktop,2,26.5,18.5,0.0,0.0,0,Desktop Engaged
3296839339658161126,Direct,desktop,4,9.0,9.0,0.5,0.0,1,Desktop Frecuente
3297507461939386970,Organic Search,desktop,2,30.5,20.0,0.0,0.0,0,Desktop Engaged
3299870838132577906,Organic Search,mobile,5,5.0,4.0,0.2,0.2,3,Mobile Users
3300270774997102814,Organic Search,desktop,2,23.5,19.0,0.0,1.0,2,Weekend Warriors
3301001176863952275,Organic Search,desktop,1,28.0,24.0,0.0,0.0,0,Desktop Engaged
3302250057608062714,Organic Search,desktop,1,57.0,39.0,0.0,0.0,0,Desktop Engaged
3302292601270378852,Direct,desktop,1,16.0,14.0,0.0,0.0,0,Desktop Engaged
3303034042373276972,Referral,desktop,4,17.5,12.0,0.5,0.0,1,Desktop Frecuente
3303063218833425180,Organic Search,mobile,4,8.5,7.5,0.0,0.25,3,Mobile Users
3305197397327371088,Direct,desktop,1,24.0,19.0,0.0,1.0,2,Weekend Warriors
3305485862461522985,Direct,desktop,14,14.5,11.5,0.1428571428571428,0.0714285714285714,1,Desktop Frecuente
3307040795595552243,Organic Search,desktop,1,36.0,30.0,0.0,0.0,0,Desktop Engaged
3307727541454538037,Referral,desktop,2,23.5,17.0,0.0,0.0,0,Desktop Engaged
3308039382193082920,Social,desktop,5,1.0,1.0,0.8,0.0,1,Desktop Frecuente
3308569141773281409,Referral,desktop,1,37.0,26.0,0.0,0.0,0,Desktop Engaged
3308953517897542519,Referral,desktop,3,2.0,2.0,0.3333333333333333,0.0,1,Desktop Frecuente
3310309019453934499,Referral,desktop,2,15.5,12.5,0.0,0.0,0,Desktop Engaged
3312961883012111762,Direct,desktop,3,13.0,11.0,0.0,0.0,1,Desktop Frecuente
3315850109243126332,Referral,desktop,3,6.0,6.0,0.3333333333333333,0.0,1,Desktop Frecuente
3317903560139792360,Referral,desktop,2,55.0,39.0,0.0,0.0,0,Desktop Engaged
3320129517544307519,Referral,desktop,3,52.0,40.0,0.0,0.0,0,Desktop Engaged
3320285544783092205,Referral,desktop,2,28.5,26.0,0.0,0.0,0,Desktop Engaged
3321426483601293625,Referral,desktop,8,25.0,16.5,0.125,0.375,1,Desktop Frecuente
3322420343273401546,Referral,desktop,7,4.0,4.0,0.1428571428571428,0.0,1,Desktop Frecuente
3322842320727852756,Organic Search,mobile,7,4.0,4.0,0.2857142857142857,0.2857142857142857,3,Mobile Users
3325370036069152242,Referral,desktop,9,12.0,10.0,0.0,0.1111111111111111,1,Desktop Frecuente
3329655754373955251,Organic Search,desktop,1,39.0,25.0,0.0,0.0,0,Desktop Engaged
3329734681034119907,Organic Search,desktop,1,104.0,72.0,0.0,0.0,0,Desktop Engaged
3329885141648806984,Direct,desktop,7,64.0,49.0,0.0,0.0,0,Desktop Engaged
3331520402601088577,Referral,desktop,2,19.5,15.5,0.0,0.0,0,Desktop Engaged
3332096924398880004,Organic Search,tablet,5,16.0,16.0,0.2,0.4,3,Mobile Users
3339969886638037862,Display,desktop,3,47.0,36.0,0.0,0.0,0,Desktop Engaged
3343911594542334618,Referral,desktop,2,29.5,23.5,0.0,0.5,2,Weekend Warriors
3344805889934243542,Organic Search,desktop,2,15.5,13.5,0.0,0.0,0,Desktop Engaged
3345163376310988493,Direct,desktop,13,13.0,11.0,0.1538461538461538,0.1538461538461538,1,Desktop Frecuente
3346100016851964940,Referral,desktop,1,51.0,43.0,0.0,0.0,0,Desktop Engaged
3346631104336405882,Organic Search,mobile,3,11.0,11.0,0.3333333333333333,0.0,3,Mobile Users
3346636018535038432,Direct,desktop,2,23.0,18.0,0.0,0.0,0,Desktop Engaged
3347706947631375795,Referral,desktop,2,17.5,14.0,0.0,0.0,0,Desktop Engaged
3348449424172649440,Referral,desktop,14,10.5,9.5,0.0,0.2857142857142857,1,Desktop Frecuente
3349184055011438156,Organic Search,desktop,6,8.0,6.0,0.1666666666666666,0.1666666666666666,1,Desktop Frecuente
3351204506101423400,Referral,desktop,4,13.5,10.5,0.25,0.25,1,Desktop Frecuente
3351538799616866750,Referral,desktop,4,14.0,14.0,0.0,0.0,1,Desktop Frecuente
3355762679172766727,Organic Search,desktop,2,15.5,14.0,0.0,0.0,0,Desktop Engaged
3358419113788146391,Direct,desktop,1,32.0,25.0,0.0,0.0,0,Desktop Engaged
3358833815079053940,Organic Search,mobile,2,40.5,27.0,0.0,1.0,3,Mobile Users
3363540196931390942,Direct,tablet,1,16.0,14.0,0.0,0.0,3,Mobile Users
3363669103170861963,Referral,desktop,5,25.0,17.0,0.0,0.2,1,Desktop Frecuente
3364502706652461575,Referral,desktop,5,15.0,12.0,0.0,0.0,1,Desktop Frecuente
3368850852007044287,Referral,desktop,6,10.0,8.0,0.3333333333333333,0.1666666666666666,1,Desktop Frecuente
3369201896722684732,Direct,desktop,2,11.5,10.0,0.0,0.0,0,Desktop Engaged
3370010142093281141,Referral,desktop,3,15.0,8.0,0.0,0.0,0,Desktop Engaged
3371636154189541417,Organic Search,desktop,3,14.0,9.0,0.0,0.6666666666666666,2,Weekend Warriors
3374717573841647831,Paid Search,desktop,7,3.0,3.0,0.1428571428571428,0.1428571428571428,1,Desktop Frecuente
3378090868516348221,Referral,desktop,2,7.0,6.0,0.5,0.0,1,Desktop Frecuente
3379024149365496688,Referral,desktop,1,49.0,33.0,0.0,0.0,0,Desktop Engaged
3381137962857755397,Referral,desktop,2,24.0,20.5,0.0,0.0,0,Desktop Engaged
3386971566313724300,Referral,desktop,2,14.0,14.0,0.0,0.0,0,Desktop Engaged
3386971884403473366,Organic Search,mobile,11,10.0,10.0,0.2727272727272727,0.0,3,Mobile Users
3387281260224146216,Organic Search,mobile,6,14.5,13.5,0.1666666666666666,0.0,3,Mobile Users
3388045706371865122,Organic Search,desktop,4,8.0,7.0,0.0,0.0,1,Desktop Frecuente
3388245352087757208,Organic Search,desktop,5,7.0,7.0,0.2,0.0,1,Desktop Frecuente
3389857819205176144,Direct,desktop,3,26.0,21.0,0.0,0.0,0,Desktop Engaged
3391371207605838551,Direct,desktop,1,34.0,27.0,0.0,1.0,2,Weekend Warriors
3394557957149163238,Organic Search,desktop,2,64.5,49.5,0.0,0.0,0,Desktop Engaged
3395251230971763011,Referral,desktop,1,27.0,25.0,0.0,0.0,0,Desktop Engaged
3397475696574281386,Organic Search,desktop,1,55.0,42.0,0.0,0.0,0,Desktop Engaged
3397610502524811924,Organic Search,desktop,2,26.0,19.0,0.0,0.0,0,Desktop Engaged
3399131852074077546,Organic Search,tablet,3,9.0,6.0,0.0,0.0,3,Mobile Users
3400412339480337298,Referral,desktop,3,8.0,7.0,0.3333333333333333,0.3333333333333333,1,Desktop Frecuente
3402015087347475217,Referral,desktop,1,11.0,11.0,0.0,0.0,0,Desktop Engaged
3404435547562826616,Social,desktop,65,1.0,1.0,0.9230769230769232,0.0461538461538461,1,Desktop Frecuente
3404526408923397238,Referral,desktop,6,9.5,7.5,0.1666666666666666,0.0,1,Desktop Frecuente
3405098531081951348,Direct,desktop,1,13.0,12.0,0.0,1.0,2,Weekend Warriors
3407395331246980159,Organic Search,desktop,3,2.0,2.0,0.0,0.0,1,Desktop Frecuente
3408469727987156299,Referral,desktop,7,4.0,3.0,0.0,0.1428571428571428,1,Desktop Frecuente
3409777638949712171,Referral,desktop,6,7.5,7.0,0.0,0.0,1,Desktop Frecuente
3410954577195057515,Referral,desktop,1,59.0,50.0,0.0,1.0,2,Weekend Warriors
3411159917841039387,Organic Search,desktop,1,16.0,15.0,0.0,0.0,0,Desktop Engaged
3412601168298155096,Paid Search,desktop,1,22.0,16.0,0.0,0.0,0,Desktop Engaged
3424108581759376667,Direct,desktop,1,13.0,11.0,0.0,0.0,0,Desktop Engaged
3424367831137944734,Direct,desktop,2,22.5,16.5,0.0,0.0,0,Desktop Engaged
3424918216070852195,Referral,desktop,5,26.0,22.0,0.0,0.0,1,Desktop Frecuente
3427093772559563094,Organic Search,desktop,1,28.0,24.0,0.0,0.0,0,Desktop Engaged
3427485014990856593,Organic Search,desktop,3,15.0,12.0,0.0,0.3333333333333333,1,Desktop Frecuente
3429044344493987799,Organic Search,desktop,2,12.5,10.0,0.0,0.0,0,Desktop Engaged
3430259988193283726,Organic Search,desktop,2,6.5,5.5,0.5,1.0,2,Weekend Warriors
3430477104062531238,Direct,desktop,4,28.0,19.0,0.0,0.25,0,Desktop Engaged
3431303311329572107,Referral,desktop,1,21.0,19.0,0.0,0.0,0,Desktop Engaged
3431617398530846078,Referral,desktop,4,17.5,14.5,0.0,0.25,1,Desktop Frecuente
3434700380216102535,Referral,desktop,2,58.0,40.5,0.0,0.0,0,Desktop Engaged
3435570511670924970,Referral,desktop,5,12.0,11.0,0.2,0.0,1,Desktop Frecuente
3435879975978458700,Organic Search,desktop,3,4.0,4.0,0.3333333333333333,0.0,1,Desktop Frecuente
3438386296748685726,Referral,desktop,7,9.0,9.0,0.0,0.1428571428571428,1,Desktop Frecuente
3439925516647058668,Referral,desktop,7,2.0,2.0,0.4285714285714285,0.1428571428571428,1,Desktop Frecuente
3440377768269728737,Direct,desktop,1,14.0,14.0,0.0,0.0,0,Desktop Engaged
3440800253483644462,Referral,desktop,12,9.5,9.0,0.1666666666666666,0.1666666666666666,1,Desktop Frecuente
3440941357653473285,Paid Search,desktop,2,26.5,20.5,0.0,0.5,2,Weekend Warriors
3442295857384899473,Paid Search,desktop,3,16.0,15.0,0.0,0.6666666666666666,2,Weekend Warriors
3443895597772752883,Referral,desktop,2,34.5,27.5,0.0,0.0,0,Desktop Engaged
3444642706013409818,Direct,desktop,8,21.5,18.0,0.125,0.0,1,Desktop Frecuente
3445194212240387141,Direct,desktop,2,14.5,11.5,0.0,0.0,0,Desktop Engaged
3445305317008053078,Referral,desktop,4,8.0,6.0,0.0,0.0,1,Desktop Frecuente
3447003791318310120,Paid Search,tablet,2,85.5,61.5,0.0,0.0,3,Mobile Users
3448395334687442693,Organic Search,desktop,4,8.0,8.0,0.0,0.25,1,Desktop Frecuente
3448427623331794940,Organic Search,desktop,7,14.0,11.0,0.0,0.8571428571428571,1,Desktop Frecuente
3449650648542579029,Referral,desktop,1,42.0,35.0,0.0,0.0,0,Desktop Engaged
3449924104971285851,Organic Search,desktop,8,11.5,10.0,0.25,0.0,1,Desktop Frecuente
3450551762764650398,Referral,desktop,1,34.0,28.0,0.0,0.0,0,Desktop Engaged
3452334912084453714,Referral,desktop,2,24.0,18.5,0.0,0.0,0,Desktop Engaged
3452520076908363504,Organic Search,desktop,5,2.0,2.0,0.2,0.0,1,Desktop Frecuente
3453250245781882271,Organic Search,desktop,3,24.0,19.0,0.3333333333333333,1.0,2,Weekend Warriors
3454415788904146693,Organic Search,desktop,12,8.0,8.0,0.0833333333333333,0.1666666666666666,1,Desktop Frecuente
3454904914738069096,Referral,desktop,6,21.0,18.0,0.1666666666666666,0.1666666666666666,1,Desktop Frecuente
3456917496701100082,Paid Search,desktop,1,14.0,14.0,0.0,1.0,2,Weekend Warriors
3458355427562318061,Referral,desktop,3,14.0,12.0,0.0,0.6666666666666666,2,Weekend Warriors
3459203598537329972,Organic Search,mobile,1,67.0,47.0,0.0,0.0,3,Mobile Users
3460381469953102628,Direct,tablet,1,10.0,9.0,0.0,0.0,3,Mobile Users
3461504855909388246,Organic Search,desktop,2,18.5,14.5,0.5,1.0,2,Weekend Warriors
3462392387008560211,Organic Search,desktop,5,22.0,17.0,0.0,0.0,1,Desktop Frecuente
3466966401704359323,Referral,desktop,3,3.0,2.0,0.3333333333333333,0.0,1,Desktop Frecuente
3467259268893631959,Referral,desktop,4,14.0,11.0,0.25,0.0,1,Desktop Frecuente
3468052702997743438,Referral,desktop,5,14.0,7.0,0.0,0.0,1,Desktop Frecuente
3468133474156348644,Referral,desktop,4,10.0,8.0,0.0,0.25,1,Desktop Frecuente
3468138784701552288,Organic Search,desktop,2,13.5,11.5,0.0,0.0,0,Desktop Engaged
3468690642506593738,Referral,desktop,7,9.0,9.0,0.1428571428571428,0.0,1,Desktop Frecuente
3471594580435227032,Paid Search,desktop,2,11.5,10.5,0.0,0.0,0,Desktop Engaged
3473394703672890486,Organic Search,desktop,2,12.5,10.5,0.0,0.0,0,Desktop Engaged
3474262337199382231,Organic Search,desktop,2,15.0,11.5,0.0,0.0,0,Desktop Engaged
3474268755825175033,Direct,desktop,2,11.0,9.5,0.5,0.0,1,Desktop Frecuente
3474523697794005642,Referral,desktop,3,29.0,21.0,0.0,0.3333333333333333,0,Desktop Engaged
3475041930995418580,Display,desktop,11,7.0,7.0,0.0909090909090909,0.0,1,Desktop Frecuente
3475663815219726995,Referral,desktop,10,5.5,4.0,0.1,0.1,1,Desktop Frecuente
3478504089708094243,Direct,desktop,3,23.0,16.0,0.3333333333333333,0.0,0,Desktop Engaged
3479723724857890808,Organic Search,desktop,1,48.0,36.0,0.0,0.0,0,Desktop Engaged
3484260723427894385,Organic Search,desktop,2,21.0,16.0,0.0,0.0,0,Desktop Engaged
3484534271391030660,Direct,desktop,1,16.0,13.0,0.0,0.0,0,Desktop Engaged
3487053922511237877,Referral,desktop,2,13.5,11.5,0.0,0.0,0,Desktop Engaged
3487356770056641150,Direct,desktop,2,22.0,18.5,0.0,0.0,0,Desktop Engaged
3488479606498863907,Referral,desktop,1,28.0,24.0,0.0,0.0,0,Desktop Engaged
3488988288066583080,Direct,desktop,1,19.0,18.0,0.0,0.0,0,Desktop Engaged
3490620713275982342,Referral,desktop,2,36.0,27.5,0.0,0.0,0,Desktop Engaged
3490941383536951175,Direct,desktop,1,27.0,21.0,0.0,0.0,0,Desktop Engaged
3494892884724881756,Organic Search,desktop,4,13.0,12.0,0.25,0.0,1,Desktop Frecuente
3498968994216339065,Referral,desktop,5,6.0,6.0,0.2,0.2,1,Desktop Frecuente
3499571954427096935,Organic Search,desktop,4,15.0,13.5,0.25,0.0,1,Desktop Frecuente
3499601290584440755,Direct,desktop,9,11.0,7.0,0.3333333333333333,0.3333333333333333,1,Desktop Frecuente
3500249170758628509,Referral,desktop,1,36.0,30.0,0.0,0.0,0,Desktop Engaged
3500440264779811239,Display,desktop,4,6.5,5.0,0.25,0.0,1,Desktop Frecuente
3501419938445808942,Referral,desktop,2,61.5,40.0,0.0,0.0,0,Desktop Engaged
3503177740835852213,Referral,desktop,3,15.0,13.0,0.0,0.0,1,Desktop Frecuente
3504024407215071221,Referral,desktop,2,10.5,8.5,0.0,0.0,0,Desktop Engaged
3506253985459951484,Referral,desktop,3,4.0,4.0,0.3333333333333333,0.0,1,Desktop Frecuente
3506286482390600338,Direct,desktop,2,19.0,14.5,0.0,0.0,0,Desktop Engaged
3506542625236694217,Referral,desktop,13,5.0,5.0,0.0,0.1538461538461538,1,Desktop Frecuente
3506641252508018377,Direct,mobile,2,44.5,34.5,0.0,0.0,3,Mobile Users
3508377990231719822,Paid Search,desktop,1,30.0,26.0,0.0,0.0,0,Desktop Engaged
3508419666243874603,Organic Search,desktop,4,8.5,7.0,0.25,0.0,1,Desktop Frecuente
3510875944758249894,Referral,desktop,5,7.0,5.0,0.2,0.0,1,Desktop Frecuente
3511188733855996892,Paid Search,desktop,1,106.0,74.0,0.0,0.0,0,Desktop Engaged
3512236505996139395,Referral,desktop,3,8.0,5.0,0.0,0.0,1,Desktop Frecuente
3513351372508524008,Paid Search,desktop,2,24.0,21.5,0.0,1.0,2,Weekend Warriors
3514808551180416782,Organic Search,desktop,2,58.0,48.5,0.0,0.0,0,Desktop Engaged
3514930116747321354,Organic Search,desktop,1,34.0,28.0,0.0,0.0,0,Desktop Engaged
3515453378186105003,Organic Search,desktop,5,7.0,7.0,0.2,0.0,1,Desktop Frecuente
3519741939483828661,Direct,desktop,8,3.5,3.5,0.25,0.0,1,Desktop Frecuente
3520008896446151679,Organic Search,desktop,7,6.0,5.0,0.1428571428571428,0.0,1,Desktop Frecuente
3520716110085025698,Referral,desktop,8,3.0,3.0,0.125,0.25,1,Desktop Frecuente
3520723582970220131,Referral,desktop,1,21.0,17.0,0.0,1.0,2,Weekend Warriors
3521234298870457889,Direct,desktop,2,46.5,36.0,0.0,0.0,0,Desktop Engaged
3523546723004050529,Referral,desktop,3,34.0,26.0,0.0,0.0,0,Desktop Engaged
3524313174087826052,Direct,desktop,1,23.0,18.0,0.0,0.0,0,Desktop Engaged
3524455307595402736,Referral,desktop,3,6.0,6.0,0.0,0.3333333333333333,1,Desktop Frecuente
3525421750426916634,Referral,desktop,7,6.0,6.0,0.0,0.0,1,Desktop Frecuente
3525762171058783974,Referral,desktop,1,27.0,22.0,0.0,0.0,0,Desktop Engaged
3526518783380311774,Referral,desktop,3,3.0,3.0,0.3333333333333333,0.0,1,Desktop Frecuente
3527366305683922189,Referral,desktop,4,13.0,10.5,0.0,0.0,1,Desktop Frecuente
3529021574881130911,Direct,desktop,4,19.0,14.5,0.0,0.0,1,Desktop Frecuente
3530859499206479968,Display,desktop,3,46.0,33.0,0.0,0.6666666666666666,2,Weekend Warriors
3532463620992915742,Referral,desktop,4,19.5,15.0,0.25,0.0,1,Desktop Frecuente
3533141636411834269,Direct,tablet,3,7.0,7.0,0.0,0.0,3,Mobile Users
3533321695674569475,Referral,desktop,3,7.0,7.0,0.0,0.0,1,Desktop Frecuente
3533773123669464150,Direct,desktop,2,7.5,7.5,0.0,0.0,1,Desktop Frecuente
3534045181294698180,Organic Search,desktop,2,19.0,15.0,0.0,0.0,0,Desktop Engaged
3534570005343502837,Referral,desktop,4,28.5,21.0,0.25,0.0,1,Desktop Frecuente
3535157243408917520,Referral,desktop,3,14.0,12.0,0.0,0.0,1,Desktop Frecuente
3536212517159320992,Referral,desktop,18,4.0,4.0,0.2222222222222222,0.1666666666666666,1,Desktop Frecuente
3536546316695969025,Referral,desktop,1,60.0,43.0,0.0,0.0,0,Desktop Engaged
3536855989510747054,Direct,desktop,1,63.0,45.0,0.0,0.0,0,Desktop Engaged
3538189268879245816,Referral,desktop,3,4.0,3.0,0.3333333333333333,0.0,1,Desktop Frecuente
3538702271871560672,Referral,desktop,1,22.0,20.0,0.0,1.0,2,Weekend Warriors
3538836902011066544,Referral,desktop,1,32.0,26.0,0.0,0.0,0,Desktop Engaged
3538928341316369424,Referral,desktop,7,5.0,5.0,0.1428571428571428,0.0,1,Desktop Frecuente
3539013620174818735,Direct,mobile,1,46.0,33.0,0.0,0.0,3,Mobile Users
3541562648791714656,Referral,desktop,3,16.0,16.0,0.0,0.0,1,Desktop Frecuente
3541771014027462140,Referral,desktop,1,49.0,24.0,0.0,0.0,0,Desktop Engaged
3544319698789912473,Direct,desktop,8,3.0,3.0,0.125,0.0,1,Desktop Frecuente
3544551202207893963,Organic Search,desktop,2,12.0,10.0,0.0,1.0,2,Weekend Warriors
3545109447122075336,Organic Search,desktop,1,15.0,14.0,0.0,0.0,0,Desktop Engaged
3545123060029364265,Referral,desktop,2,20.0,14.0,0.0,0.0,0,Desktop Engaged
3545737526614462587,Organic Search,mobile,1,21.0,21.0,0.0,0.0,3,Mobile Users
3546486479053564319,Organic Search,desktop,5,3.0,3.0,0.2,0.0,1,Desktop Frecuente
3547340212179287814,Organic Search,desktop,4,3.0,3.0,0.25,0.75,1,Desktop Frecuente
3548098454979179257,Organic Search,mobile,1,24.0,20.0,0.0,0.0,3,Mobile Users
3548260170900367803,Direct,desktop,1,15.0,13.0,0.0,0.0,0,Desktop Engaged
3550517741801560701,Paid Search,mobile,5,6.0,6.0,0.0,0.4,3,Mobile Users
3550975436361582700,Paid Search,desktop,1,32.0,23.0,0.0,0.0,0,Desktop Engaged
3551040750443861038,Referral,desktop,1,19.0,18.0,0.0,0.0,0,Desktop Engaged
3551066677390608620,Referral,desktop,2,21.0,16.5,0.0,0.0,0,Desktop Engaged
3552628610490649880,Paid Search,desktop,2,7.5,7.5,0.5,0.0,1,Desktop Frecuente
3554960621245001989,Referral,desktop,7,4.0,4.0,0.2857142857142857,0.0,1,Desktop Frecuente
3555404487376101016,Referral,desktop,3,25.0,19.0,0.0,0.0,0,Desktop Engaged
3557316886784013473,Direct,desktop,10,1.0,1.0,0.6,0.4,1,Desktop Frecuente
3558104655978527434,Referral,desktop,2,12.0,10.5,0.0,0.5,2,Weekend Warriors
3559114892491137478,Direct,desktop,1,37.0,29.0,0.0,0.0,0,Desktop Engaged
3560070001469930919,Referral,desktop,6,41.0,28.0,0.3333333333333333,0.0,1,Desktop Frecuente
3560820276518060023,Direct,mobile,1,35.0,28.0,0.0,0.0,3,Mobile Users
3563510904717248245,Organic Search,tablet,6,2.0,2.0,0.5,0.3333333333333333,3,Mobile Users
3564256947651906511,Direct,desktop,1,28.0,21.0,0.0,0.0,0,Desktop Engaged
3567990823007256215,Organic Search,desktop,1,18.0,16.0,0.0,0.0,0,Desktop Engaged
3568066398889653649,Direct,desktop,4,9.0,6.5,0.0,0.25,1,Desktop Frecuente
3568206778944915278,Referral,desktop,1,37.0,29.0,0.0,1.0,2,Weekend Warriors
3568334692659354873,Referral,desktop,9,5.0,4.0,0.0,0.0,1,Desktop Frecuente
3568593840277988902,Direct,desktop,4,18.0,15.0,0.0,0.0,1,Desktop Frecuente
3570284952484252371,Referral,desktop,2,21.5,18.0,0.5,0.0,0,Desktop Engaged
3570610366124089261,Organic Search,desktop,2,15.5,12.0,0.0,0.0,0,Desktop Engaged
3572331587418147063,Paid Search,mobile,3,1.0,1.0,0.6666666666666666,0.6666666666666666,3,Mobile Users
3573113591289892546,Organic Search,desktop,1,22.0,20.0,0.0,1.0,2,Weekend Warriors
3574986658908976754,Referral,desktop,1,19.0,17.0,0.0,0.0,0,Desktop Engaged
3575272597943168955,Direct,desktop,1,10.0,9.0,0.0,0.0,0,Desktop Engaged
3575773830913742237,Organic Search,desktop,2,24.0,21.5,0.0,0.5,2,Weekend Warriors
3577891646273486122,Referral,desktop,1,17.0,15.0,0.0,0.0,0,Desktop Engaged
3582956015657288253,Direct,desktop,4,9.5,6.5,0.0,0.75,1,Desktop Frecuente
3584235737298895551,Referral,desktop,2,10.5,10.5,0.0,0.0,1,Desktop Frecuente
3585725814215426484,Organic Search,desktop,2,26.5,21.0,0.0,0.0,0,Desktop Engaged
3590222967147519334,Referral,desktop,3,33.0,20.0,0.0,1.0,2,Weekend Warriors
3590767994555565324,Referral,desktop,5,14.0,9.0,0.0,0.0,1,Desktop Frecuente
3591160643290359563,Referral,desktop,3,7.0,5.0,0.3333333333333333,0.0,1,Desktop Frecuente
3592516706572936690,Organic Search,desktop,3,2.0,2.0,0.3333333333333333,0.0,1,Desktop Frecuente
3592785671281234637,Paid Search,desktop,2,8.5,6.5,0.5,0.5,1,Desktop Frecuente
3593099441368037638,Display,desktop,11,10.0,10.0,0.2727272727272727,0.0,1,Desktop Frecuente
3594748537350114699,Referral,desktop,12,3.0,3.0,0.0,0.0,1,Desktop Frecuente
3597020423335627391,Direct,desktop,1,13.0,13.0,0.0,0.0,0,Desktop Engaged
3598021100019368600,Referral,desktop,6,2.5,2.5,0.1666666666666666,0.0,1,Desktop Frecuente
3598529370442133700,Paid Search,desktop,1,46.0,34.0,0.0,0.0,0,Desktop Engaged
3598574588288765036,Organic Search,tablet,1,14.0,10.0,0.0,0.0,3,Mobile Users
3598720718130713222,Paid Search,desktop,10,1.5,1.5,0.5,0.4,1,Desktop Frecuente
3602581120186705822,Organic Search,desktop,6,8.0,7.0,0.1666666666666666,0.0,1,Desktop Frecuente
3606898096302813212,Organic Search,desktop,4,8.0,7.5,0.25,0.5,1,Desktop Frecuente
3607433621534632946,Direct,desktop,1,41.0,29.0,0.0,0.0,0,Desktop Engaged
3608475193341679870,Paid Search,desktop,200,1.0,1.0,0.9253731343283582,0.2935323383084577,1,Desktop Frecuente
3609914106843763163,Direct,desktop,1,17.0,16.0,0.0,0.0,0,Desktop Engaged
3610250758524453544,Direct,mobile,1,33.0,28.0,0.0,0.0,3,Mobile Users
3614504595188750460,Direct,desktop,2,30.5,21.5,0.0,0.0,0,Desktop Engaged
3614707430894059857,Paid Search,desktop,1,28.0,20.0,0.0,0.0,0,Desktop Engaged
3615582065852878931,Organic Search,mobile,2,24.0,18.0,0.5,0.0,3,Mobile Users
3616014667867180410,Direct,mobile,7,5.0,5.0,0.4285714285714285,0.2857142857142857,3,Mobile Users
3616107560595202774,Direct,desktop,1,21.0,14.0,0.0,0.0,0,Desktop Engaged
3616346989046528559,Organic Search,desktop,1,141.0,96.0,0.0,0.0,0,Desktop Engaged
3622534010088332289,Organic Search,desktop,2,13.5,10.5,0.0,0.0,0,Desktop Engaged
3623082378035847520,Organic Search,desktop,3,11.0,7.0,0.3333333333333333,0.0,1,Desktop Frecuente
3626904111622451846,Referral,desktop,1,58.0,45.0,0.0,0.0,0,Desktop Engaged
3628984853054173022,Referral,desktop,4,15.5,12.0,0.0,0.0,1,Desktop Frecuente
3630056635010786272,Organic Search,desktop,2,8.5,7.5,0.5,0.0,1,Desktop Frecuente
3631468795643448744,Organic Search,desktop,1,9.0,9.0,0.0,0.0,0,Desktop Engaged
3632156005952506969,Social,desktop,1,14.0,13.0,0.0,0.0,0,Desktop Engaged
3635116668819664542,Organic Search,tablet,2,36.0,30.5,0.0,0.0,3,Mobile Users
3635169555851296946,Referral,desktop,6,12.0,11.5,0.3333333333333333,0.5,1,Desktop Frecuente
3635499460732949691,Organic Search,desktop,1,33.0,26.0,0.0,0.0,0,Desktop Engaged
3635819362671246004,Referral,desktop,3,8.0,8.0,0.0,0.0,1,Desktop Frecuente
3636762408690332457,Organic Search,mobile,2,14.0,12.0,0.5,1.0,3,Mobile Users
3637274724338240822,Direct,desktop,3,9.0,9.0,0.3333333333333333,0.0,1,Desktop Frecuente
3637738484583635278,Organic Search,desktop,1,31.0,28.0,0.0,0.0,0,Desktop Engaged
3638533281784175478,Direct,mobile,1,32.0,26.0,0.0,0.0,3,Mobile Users
3640330441830847885,Organic Search,desktop,3,36.0,25.0,0.0,0.0,0,Desktop Engaged
3640757653310999874,Direct,desktop,1,84.0,60.0,0.0,0.0,0,Desktop Engaged
3641621588258104680,Referral,desktop,9,8.0,8.0,0.1111111111111111,0.0,1,Desktop Frecuente
3641847080616677863,Organic Search,desktop,16,16.0,11.0,0.1875,0.0625,1,Desktop Frecuente
3642532800884850314,Organic Search,desktop,3,12.0,11.0,0.0,1.0,2,Weekend Warriors
3645483034264563148,Referral,desktop,2,10.0,8.5,0.0,0.0,1,Desktop Frecuente
3647087839870525439,Display,desktop,5,22.0,15.0,0.2,0.0,1,Desktop Frecuente
3648845765125451961,Direct,desktop,1,59.0,47.0,0.0,1.0,2,Weekend Warriors
3651236178297413161,Organic Search,desktop,21,3.0,3.0,0.3333333333333333,0.0,1,Desktop Frecuente
3654857757910532216,Referral,desktop,1,14.0,13.0,0.0,0.0,0,Desktop Engaged
3656215501791704148,Organic Search,desktop,7,14.0,10.0,0.0,0.0,1,Desktop Frecuente
3657728344837138607,Referral,desktop,2,13.0,12.0,0.0,0.0,0,Desktop Engaged
3658091589289896549,Direct,desktop,2,17.5,13.0,0.0,0.0,0,Desktop Engaged
3658549305813344156,Referral,desktop,2,22.0,19.0,0.0,0.0,0,Desktop Engaged
3660362924082650418,Referral,desktop,1,46.0,23.0,0.0,0.0,0,Desktop Engaged
3660706083878335924,Referral,desktop,3,33.0,26.0,0.0,0.0,0,Desktop Engaged
3661025118116340193,Referral,desktop,1,84.0,66.0,0.0,0.0,0,Desktop Engaged
3662177742807173577,Referral,desktop,10,5.0,3.5,0.3,0.0,1,Desktop Frecuente
3663326827740515016,Referral,desktop,2,6.5,6.0,0.0,0.0,1,Desktop Frecuente
3667207016049360497,Organic Search,mobile,4,6.5,6.5,0.25,0.25,3,Mobile Users
3671059772883764833,Direct,desktop,1,35.0,31.0,0.0,0.0,0,Desktop Engaged
3671103606125826887,Direct,desktop,1,37.0,33.0,0.0,0.0,0,Desktop Engaged
3672929716170838467,Paid Search,desktop,2,49.0,38.5,0.0,0.5,2,Weekend Warriors
3674071642665354067,Referral,desktop,2,12.0,10.0,0.0,0.0,0,Desktop Engaged
3676060292760160435,Organic Search,desktop,7,7.0,6.0,0.1428571428571428,0.0,1,Desktop Frecuente
3677318371085157791,Referral,desktop,1,16.0,14.0,0.0,0.0,0,Desktop Engaged
3680244960768233462,Referral,desktop,3,25.0,20.0,0.3333333333333333,0.0,0,Desktop Engaged
3680637680353518403,Referral,desktop,2,31.0,25.0,0.0,0.0,0,Desktop Engaged
3680806121011427493,Referral,desktop,2,19.5,15.0,0.0,0.0,0,Desktop Engaged
3681004164006425285,Direct,desktop,2,66.0,51.5,0.0,0.0,0,Desktop Engaged
3681691345354167550,Referral,desktop,3,54.0,37.0,0.0,0.0,0,Desktop Engaged
3682115393898564983,Referral,desktop,3,5.0,5.0,0.3333333333333333,0.0,1,Desktop Frecuente
3682908334360088382,Referral,desktop,2,64.0,46.5,0.0,0.0,0,Desktop Engaged
3684045780508318181,Organic Search,desktop,1,70.0,55.0,0.0,1.0,2,Weekend Warriors
3685287394686697592,Organic Search,mobile,3,70.0,64.0,0.0,0.6666666666666666,3,Mobile Users
3685672446804804725,Direct,mobile,3,9.0,9.0,0.0,0.3333333333333333,3,Mobile Users
3685754350536487265,Referral,desktop,6,11.0,9.0,0.0,0.0,1,Desktop Frecuente
3687546427507950071,Organic Search,desktop,5,14.0,12.0,0.0,0.2,1,Desktop Frecuente
3688060710283758752,Organic Search,mobile,2,42.0,29.5,0.0,0.0,3,Mobile Users
3689455923152943810,Referral,desktop,6,14.5,11.5,0.3333333333333333,0.3333333333333333,1,Desktop Frecuente
3689862038819738204,Display,desktop,2,21.0,16.5,0.0,0.0,0,Desktop Engaged
3693780642505402534,Referral,desktop,2,10.0,7.5,0.5,0.0,1,Desktop Frecuente
3694234028523165868,Organic Search,desktop,129,2.0,2.0,0.3488372093023256,0.1317829457364341,1,Desktop Frecuente
3694974073962512722,Referral,desktop,5,11.0,8.0,0.2,0.0,1,Desktop Frecuente
3695477254118891941,Direct,desktop,1,15.0,14.0,0.0,0.0,0,Desktop Engaged
3695951262891299439,Organic Search,desktop,3,79.0,51.0,0.3333333333333333,0.0,0,Desktop Engaged
3697825790083716939,Direct,desktop,10,9.5,9.5,0.1,0.0,1,Desktop Frecuente
3700513565264541491,Referral,desktop,1,13.0,13.0,0.0,0.0,0,Desktop Engaged
3700543276431412713,Organic Search,desktop,4,7.5,5.5,0.25,0.0,1,Desktop Frecuente
3700684409504471842,Referral,desktop,1,36.0,29.0,0.0,1.0,2,Weekend Warriors
3700714855829972615,Referral,desktop,6,10.5,7.5,0.0,0.0,1,Desktop Frecuente
3701126995342341310,Referral,desktop,3,44.0,27.0,0.0,0.0,0,Desktop Engaged
3701255466939392710,Referral,desktop,3,10.0,7.0,0.3333333333333333,0.3333333333333333,1,Desktop Frecuente
3702504149982325265,Organic Search,desktop,11,6.0,4.0,0.0909090909090909,0.0909090909090909,1,Desktop Frecuente
3702724178788313621,Referral,desktop,2,39.5,31.5,0.0,0.0,0,Desktop Engaged
3704081881488905199,Direct,desktop,2,79.0,55.0,0.0,0.0,0,Desktop Engaged
3704411087594288284,Referral,desktop,3,9.0,6.0,0.0,0.0,1,Desktop Frecuente
3705098385635161480,Direct,desktop,1,55.0,42.0,0.0,0.0,0,Desktop Engaged
3706266616666362685,Direct,desktop,4,4.0,4.0,0.0,0.0,1,Desktop Frecuente
3708624609955414339,Referral,desktop,3,17.0,14.0,0.0,0.0,0,Desktop Engaged
3709746839130866401,Referral,desktop,6,3.0,3.0,0.1666666666666666,0.0,1,Desktop Frecuente
3712222633426919820,Direct,desktop,2,21.5,20.5,0.0,0.0,0,Desktop Engaged
3712492351053577643,Referral,desktop,13,5.0,4.0,0.0769230769230769,0.0769230769230769,1,Desktop Frecuente
3714026769749334069,Direct,desktop,1,43.0,31.0,0.0,1.0,2,Weekend Warriors
3716357495252024311,Referral,desktop,3,11.0,9.0,0.0,0.3333333333333333,1,Desktop Frecuente
3716528607664189498,Referral,desktop,3,48.0,35.0,0.0,0.3333333333333333,0,Desktop Engaged
3718124829225998463,Referral,desktop,3,14.0,12.0,0.0,0.0,1,Desktop Frecuente
3718453403580072693,Organic Search,desktop,6,12.0,11.5,0.1666666666666666,0.0,1,Desktop Frecuente
3718554657931620614,Referral,desktop,2,15.5,12.5,0.0,0.0,0,Desktop Engaged
3718967472555843952,Paid Search,mobile,1,17.0,14.0,0.0,0.0,3,Mobile Users
3721991920160346170,Referral,desktop,1,75.0,33.0,0.0,0.0,0,Desktop Engaged
3722870758995966573,Organic Search,mobile,2,11.0,11.0,0.5,0.0,3,Mobile Users
3723930083196057545,Referral,desktop,4,9.5,7.0,0.0,0.75,1,Desktop Frecuente
3724344539154169107,Referral,desktop,9,1.0,1.0,0.6666666666666666,0.0,1,Desktop Frecuente
3724383329494779540,Direct,desktop,1,7.0,7.0,0.0,1.0,2,Weekend Warriors
3725072130314093392,Direct,desktop,1,18.0,17.0,0.0,0.0,0,Desktop Engaged
3725624217662114621,Organic Search,desktop,2,150.0,102.0,0.0,0.0,0,Desktop Engaged
3725836239165941255,Referral,desktop,1,52.0,40.0,0.0,1.0,2,Weekend Warriors
3726347330948313659,Referral,desktop,12,3.0,3.0,0.1666666666666666,0.0,1,Desktop Frecuente
3729387598281240074,Referral,desktop,1,19.0,15.0,0.0,0.0,0,Desktop Engaged
3730067279535822906,Paid Search,desktop,1,14.0,12.0,0.0,0.0,0,Desktop Engaged
3732823678511009325,Organic Search,mobile,4,8.0,8.0,0.25,0.25,3,Mobile Users
3732860122805248629,Referral,desktop,4,15.0,12.0,0.0,0.0,1,Desktop Frecuente
3733262874048407850,Organic Search,desktop,2,34.0,24.5,0.0,0.5,2,Weekend Warriors
3733830588871650226,Direct,desktop,1,10.0,9.0,0.0,0.0,0,Desktop Engaged
3734394198742215397,Direct,desktop,2,25.5,23.5,0.0,0.0,0,Desktop Engaged
3735766969872016810,Direct,desktop,6,29.5,21.5,0.1666666666666666,0.0,1,Desktop Frecuente
3736964846520654455,Referral,desktop,2,46.0,34.5,0.0,0.0,0,Desktop Engaged
3737631371999319949,Direct,desktop,2,28.0,23.0,0.0,0.5,2,Weekend Warriors
3738320234051643877,Referral,desktop,4,13.5,11.5,0.0,0.5,1,Desktop Frecuente
3739478431097008625,Direct,desktop,6,5.5,4.0,0.3333333333333333,0.0,1,Desktop Frecuente
3741029495705540856,Referral,desktop,4,9.5,8.5,0.0,0.0,1,Desktop Frecuente
3741407379008310018,Paid Search,desktop,1,16.0,16.0,0.0,1.0,2,Weekend Warriors
3741532949101793339,Organic Search,desktop,2,28.5,21.5,0.0,1.0,2,Weekend Warriors
3741689406060673010,Referral,desktop,4,34.0,26.5,0.0,0.0,0,Desktop Engaged
3742332932978201442,Direct,desktop,6,4.5,4.5,0.1666666666666666,0.0,1,Desktop Frecuente
3742368203315546493,Referral,desktop,1,37.0,25.0,0.0,0.0,0,Desktop Engaged
3743323902703489418,Referral,desktop,9,5.0,5.0,0.1111111111111111,0.0,1,Desktop Frecuente
3743841623706674212,Referral,desktop,4,8.5,7.0,0.25,0.0,1,Desktop Frecuente
3743916662879082495,Referral,desktop,2,15.5,13.5,0.5,0.0,1,Desktop Frecuente
3745235510476346702,Organic Search,desktop,3,64.0,44.0,0.0,0.0,0,Desktop Engaged
3745754200111893080,Referral,desktop,4,4.0,4.0,0.25,0.0,1,Desktop Frecuente
3746316960999614032,Referral,desktop,1,53.0,41.0,0.0,0.0,0,Desktop Engaged
3747190338602183092,Organic Search,desktop,5,9.0,5.0,0.2,0.0,1,Desktop Frecuente
3747999856310382299,Referral,desktop,10,3.5,3.5,0.2,0.0,1,Desktop Frecuente
3748161125080071023,Referral,desktop,4,9.5,6.0,0.25,0.25,1,Desktop Frecuente
3750480978272704589,Referral,desktop,2,17.5,16.0,0.0,0.0,0,Desktop Engaged
3751093343937953110,Paid Search,desktop,1,35.0,35.0,0.0,1.0,2,Weekend Warriors
3751433429956400495,Direct,desktop,28,3.5,3.5,0.1428571428571428,0.0714285714285714,1,Desktop Frecuente
3753158727494093380,Referral,desktop,7,8.0,8.0,0.0,0.2857142857142857,1,Desktop Frecuente
3755781472166364485,Referral,desktop,1,37.0,27.0,0.0,0.0,0,Desktop Engaged
3756090166719377367,Organic Search,desktop,3,10.0,10.0,0.3333333333333333,0.6666666666666666,1,Desktop Frecuente
3756657782077054596,Organic Search,desktop,3,44.0,34.0,0.0,0.0,0,Desktop Engaged
3756873695566365595,Paid Search,desktop,1,32.0,26.0,0.0,0.0,0,Desktop Engaged
3758361664336535169,Organic Search,desktop,4,7.5,6.0,0.0,0.0,1,Desktop Frecuente
3760583534389307379,Direct,mobile,1,41.0,37.0,0.0,0.0,3,Mobile Users
3763415452749528212,Organic Search,desktop,1,42.0,35.0,0.0,0.0,0,Desktop Engaged
3763611934787349856,Organic Search,desktop,4,30.5,25.5,0.0,0.0,0,Desktop Engaged
3764170977560568314,Referral,desktop,2,24.0,17.0,0.0,0.0,0,Desktop Engaged
3764574444957652648,Referral,desktop,2,12.5,10.5,0.0,0.0,0,Desktop Engaged
3765491629047320813,Organic Search,desktop,4,17.0,12.5,0.0,0.25,1,Desktop Frecuente
3765864302371503981,Organic Search,desktop,1,29.0,27.0,0.0,0.0,0,Desktop Engaged
3768290334696236505,Direct,desktop,1,15.0,14.0,0.0,1.0,2,Weekend Warriors
3769184752556746361,Direct,desktop,2,8.5,7.5,0.0,0.0,1,Desktop Frecuente
3769216008640439142,Organic Search,desktop,2,30.5,23.5,0.0,0.0,0,Desktop Engaged
3769632740374536577,Direct,desktop,2,18.0,12.0,0.0,0.0,0,Desktop Engaged
3770077969238052019,Direct,desktop,1,28.0,23.0,0.0,0.0,0,Desktop Engaged
3774415288380110712,Organic Search,desktop,1,20.0,18.0,0.0,0.0,0,Desktop Engaged
3774481916858545483,Referral,desktop,1,15.0,15.0,0.0,0.0,0,Desktop Engaged
3774499329923460107,Direct,desktop,1,42.0,33.0,0.0,0.0,0,Desktop Engaged
3774530641509474688,Referral,desktop,1,74.0,49.0,0.0,0.0,0,Desktop Engaged
3774621747521479544,Organic Search,desktop,2,27.5,21.5,0.5,0.0,0,Desktop Engaged
3775099871992574448,Referral,desktop,2,13.0,11.0,0.0,0.0,0,Desktop Engaged
3775157044065915076,Referral,desktop,3,20.0,16.0,0.0,0.0,0,Desktop Engaged
3776258872363783792,Organic Search,desktop,6,18.5,14.5,0.0,0.0,1,Desktop Frecuente
3779052441133019116,Referral,desktop,1,29.0,24.0,0.0,1.0,2,Weekend Warriors
3779884879150825384,Referral,desktop,3,18.0,16.0,0.0,0.3333333333333333,1,Desktop Frecuente
3780112882694926970,Organic Search,desktop,4,6.5,6.5,0.0,0.0,1,Desktop Frecuente
3782396217900147405,Direct,desktop,1,50.0,36.0,0.0,0.0,0,Desktop Engaged
3783357047189991250,Organic Search,desktop,5,2.0,2.0,0.4,0.0,1,Desktop Frecuente
3783478137758293911,Paid Search,desktop,4,9.5,9.5,0.0,0.25,1,Desktop Frecuente
3784608915391176306,Referral,desktop,4,19.5,14.0,0.0,0.0,1,Desktop Frecuente
3784755743864291097,Referral,desktop,1,40.0,30.0,0.0,0.0,0,Desktop Engaged
3788077234501576551,Referral,desktop,11,8.0,7.0,0.0909090909090909,0.1818181818181818,1,Desktop Frecuente
3788250389424945137,Referral,desktop,1,26.0,23.0,0.0,0.0,0,Desktop Engaged
3788842143428920129,Referral,desktop,2,11.5,9.5,0.0,1.0,2,Weekend Warriors
3792450547843431391,Organic Search,desktop,1,36.0,26.0,0.0,0.0,0,Desktop Engaged
3792462774806211311,Referral,desktop,11,7.0,7.0,0.0909090909090909,0.0,1,Desktop Frecuente
3794016165791476291,Organic Search,mobile,2,14.5,10.5,0.5,0.0,3,Mobile Users
3794911148673374791,Referral,desktop,4,12.5,8.0,0.0,0.0,1,Desktop Frecuente
3795227502963327300,Organic Search,desktop,1,111.0,81.0,0.0,0.0,0,Desktop Engaged
3795540402118336665,Referral,desktop,1,17.0,15.0,0.0,0.0,0,Desktop Engaged
3797990038447668987,Organic Search,desktop,1,94.0,73.0,0.0,0.0,0,Desktop Engaged
3798576854040953242,Organic Search,desktop,7,5.0,5.0,0.0,0.0,1,Desktop Frecuente
3800542336363535033,Organic Search,mobile,2,18.5,14.5,0.5,0.0,3,Mobile Users
3802905913750930180,Referral,desktop,6,6.0,6.0,0.0,0.0,1,Desktop Frecuente
3803364184957424266,Referral,desktop,5,37.0,27.0,0.0,0.0,0,Desktop Engaged
3803395757897344589,Referral,desktop,1,21.0,19.0,0.0,0.0,0,Desktop Engaged
3803605814309337708,Organic Search,desktop,2,52.5,46.0,0.0,0.0,0,Desktop Engaged
3804473994888997849,Organic Search,desktop,2,19.5,16.5,0.0,1.0,2,Weekend Warriors
3807039818708780751,Referral,desktop,3,76.0,51.0,0.0,0.6666666666666666,2,Weekend Warriors
3807311238107119540,Organic Search,desktop,1,19.0,17.0,0.0,0.0,0,Desktop Engaged
3809242468363995194,Direct,desktop,2,14.0,12.0,0.0,1.0,2,Weekend Warriors
3809826692297033526,Organic Search,desktop,6,22.5,15.0,0.0,0.1666666666666666,1,Desktop Frecuente
3810896663878967628,Referral,desktop,5,15.0,11.0,0.2,0.4,1,Desktop Frecuente
3811054203560571366,Referral,desktop,2,46.0,31.5,0.0,0.0,0,Desktop Engaged
3813195472927677467,Direct,desktop,1,24.0,21.0,0.0,0.0,0,Desktop Engaged
3813481911022270064,Organic Search,desktop,1,16.0,15.0,0.0,0.0,0,Desktop Engaged
3817759372890086865,Organic Search,desktop,3,20.0,14.0,0.0,0.0,0,Desktop Engaged
3818441184498004752,Organic Search,desktop,5,13.0,10.0,0.0,0.0,1,Desktop Frecuente
3818637526754889697,Paid Search,desktop,7,39.0,30.0,0.0,0.4285714285714285,2,Weekend Warriors
3818907842286090895,Referral,desktop,1,39.0,35.0,0.0,0.0,0,Desktop Engaged
3819398190341694887,Organic Search,desktop,1,20.0,16.0,0.0,0.0,0,Desktop Engaged
3820812913003047304,Organic Search,desktop,2,19.0,15.5,0.0,0.0,0,Desktop Engaged
3822207688294082684,Direct,mobile,2,30.0,22.0,0.0,0.0,3,Mobile Users
3823935251343260021,Organic Search,desktop,1,37.0,33.0,0.0,0.0,0,Desktop Engaged
3825159641728698126,Referral,desktop,3,10.0,9.0,0.0,0.0,1,Desktop Frecuente
3826933837621771483,Organic Search,desktop,10,12.0,11.5,0.2,0.0,1,Desktop Frecuente
3829457209830058915,Referral,desktop,4,6.5,6.5,0.0,0.0,1,Desktop Frecuente
3829716080953461211,Organic Search,desktop,1,79.0,55.0,0.0,0.0,0,Desktop Engaged
3830048774168985373,Referral,desktop,3,9.0,7.0,0.0,0.0,1,Desktop Frecuente
3830485242574967009,Organic Search,desktop,6,5.0,5.0,0.0,0.4285714285714285,1,Desktop Frecuente
3831430428572616166,Referral,desktop,1,79.0,55.0,0.0,1.0,2,Weekend Warriors
3831723766212483216,Organic Search,desktop,8,4.5,4.5,0.0,0.0,1,Desktop Frecuente
3832651307820804631,Referral,desktop,1,31.0,25.0,0.0,0.0,0,Desktop Engaged
3835134197841326255,Direct,desktop,8,30.0,20.5,0.125,0.0,1,Desktop Frecuente
3835534637736706073,Referral,desktop,5,5.0,4.0,0.2,0.0,1,Desktop Frecuente
3835994298687662664,Direct,desktop,2,11.0,9.5,0.0,1.0,2,Weekend Warriors
3836209289653625827,Referral,desktop,2,11.5,11.5,0.0,0.5,2,Weekend Warriors
3838877229771449755,Referral,desktop,3,14.0,11.0,0.0,0.0,1,Desktop Frecuente
3839596841653772572,Referral,desktop,1,17.0,16.0,0.0,0.0,0,Desktop Engaged
3840247020317877106,Direct,desktop,10,8.0,7.0,0.2727272727272727,0.0909090909090909,1,Desktop Frecuente
3840560758083039332,Direct,desktop,2,12.5,12.5,0.0,0.0,0,Desktop Engaged
3841458002774357152,Referral,desktop,7,9.0,9.0,0.0,0.1428571428571428,1,Desktop Frecuente
3842974205360520287,Direct,desktop,6,34.0,24.5,0.0,0.3333333333333333,0,Desktop Engaged
3843258333728825777,Referral,desktop,3,7.0,5.0,0.0,0.0,1,Desktop Frecuente
3843366261321201068,Organic Search,desktop,1,53.0,44.0,0.0,0.0,0,Desktop Engaged
3844370939009340218,Referral,desktop,2,9.0,9.0,0.0,0.0,1,Desktop Frecuente
3844754151975169434,Referral,desktop,2,26.5,18.5,0.0,0.0,0,Desktop Engaged
3844953690494102723,Organic Search,desktop,19,4.0,4.0,0.3157894736842105,0.2105263157894736,1,Desktop Frecuente
3844963796434073356,Referral,desktop,1,74.0,49.0,0.0,0.0,0,Desktop Engaged
3845084664510267721,Direct,desktop,1,50.0,34.0,0.0,0.0,0,Desktop Engaged
3845150128833861321,Direct,desktop,1,32.0,23.0,0.0,0.0,0,Desktop Engaged
3845852396426162446,Organic Search,desktop,1,20.0,18.0,0.0,0.0,0,Desktop Engaged
3847010446682215352,Direct,desktop,4,10.0,7.5,0.0,0.0,1,Desktop Frecuente
3847360722701670676,Referral,desktop,3,2.0,2.0,0.3333333333333333,0.0,1,Desktop Frecuente
3849055062112562467,Organic Search,desktop,2,26.5,22.0,0.0,0.0,0,Desktop Engaged
3850630971135697760,Direct,desktop,4,11.0,10.5,0.25,0.0,1,Desktop Frecuente
3852898494139903793,Direct,desktop,1,7.0,7.0,0.0,1.0,2,Weekend Warriors
3853123258753692320,Referral,desktop,1,23.0,18.0,0.0,1.0,2,Weekend Warriors
3854579461029873656,Paid Search,desktop,2,25.0,19.0,0.0,0.5,2,Weekend Warriors
3855110230603514242,Referral,desktop,3,12.0,11.0,0.0,0.3333333333333333,1,Desktop Frecuente
3855340022292429663,Direct,desktop,4,17.5,13.0,0.0,0.0,1,Desktop Frecuente
3855473804472998317,Referral,desktop,13,2.0,2.0,0.1538461538461538,0.0,1,Desktop Frecuente
3857043812510146001,Organic Search,desktop,9,16.0,13.0,0.0,0.0,1,Desktop Frecuente
3858877675940046816,Paid Search,mobile,10,3.0,3.0,0.1,0.6,3,Mobile Users
3859230004341473722,Referral,desktop,1,14.0,10.0,0.0,0.0,0,Desktop Engaged
3859415812077160469,Referral,desktop,23,2.0,2.0,0.4347826086956521,0.0869565217391304,1,Desktop Frecuente
3860895983574499248,Referral,desktop,7,5.0,5.0,0.2857142857142857,0.0,1,Desktop Frecuente
3861180496381149226,Organic Search,mobile,8,3.5,3.0,0.25,0.0,3,Mobile Users
3861645276607352544,Referral,desktop,1,46.0,34.0,0.0,0.0,0,Desktop Engaged
3862003304345926516,Direct,desktop,1,25.0,21.0,0.0,0.0,0,Desktop Engaged
3862093055992617004,Direct,desktop,7,6.0,6.0,0.2857142857142857,0.1428571428571428,1,Desktop Frecuente
3864611430766835993,Direct,desktop,1,15.0,14.0,0.0,0.0,0,Desktop Engaged
3865564441178018664,Referral,desktop,1,63.0,45.0,0.0,1.0,2,Weekend Warriors
3865822715588380852,Direct,desktop,6,6.0,5.5,0.1666666666666666,0.0,1,Desktop Frecuente
3868452252180916812,Referral,desktop,1,24.0,21.0,0.0,0.0,0,Desktop Engaged
3868696346876688478,Display,desktop,2,22.5,19.5,0.0,0.0,0,Desktop Engaged
3869136383961219931,Organic Search,desktop,1,29.0,25.0,0.0,0.0,0,Desktop Engaged
3869361949850252878,Referral,desktop,3,9.0,6.0,0.0,0.0,1,Desktop Frecuente
3870523357204139831,Referral,desktop,5,41.0,31.0,0.0,0.0,0,Desktop Engaged
3871891696772635172,Referral,desktop,5,14.0,8.0,0.2,0.6,1,Desktop Frecuente
3873009955813000135,Organic Search,mobile,8,6.5,6.5,0.125,0.125,3,Mobile Users
3874062777339116474,Social,desktop,1,24.0,21.0,0.0,1.0,2,Weekend Warriors
3874262976539504946,Direct,desktop,3,4.0,3.0,0.3333333333333333,0.0,1,Desktop Frecuente
3876864671784763078,Referral,desktop,4,21.0,14.0,0.0,0.0,0,Desktop Engaged
3877662166463811188,Referral,desktop,38,1.0,1.0,0.8421052631578947,0.1842105263157894,1,Desktop Frecuente
3878333273795764979,Direct,desktop,1,19.0,15.0,0.0,0.0,0,Desktop Engaged
3881794980702767092,Referral,desktop,3,4.0,4.0,0.0,0.3333333333333333,1,Desktop Frecuente
3882155860208938967,Direct,desktop,8,3.0,3.0,0.125,0.0,1,Desktop Frecuente
3883919079717671978,Display,desktop,4,3.0,3.0,0.0,0.0,1,Desktop Frecuente
3886339117571727204,Organic Search,mobile,2,11.5,10.5,0.0,0.0,3,Mobile Users
3888042706246168759,Referral,desktop,3,13.0,8.0,0.0,0.3333333333333333,1,Desktop Frecuente
3890449304271518800,Referral,desktop,1,21.0,18.0,0.0,0.0,0,Desktop Engaged
3891062223801208797,Organic Search,desktop,1,19.0,17.0,0.0,0.0,0,Desktop Engaged
3891255667600812168,Organic Search,desktop,5,5.0,5.0,0.0,0.0,1,Desktop Frecuente
3891635216750955275,Referral,desktop,5,11.0,8.0,0.0,0.0,1,Desktop Frecuente
3891707253957252733,Referral,desktop,8,6.5,3.5,0.125,0.125,1,Desktop Frecuente
3894103929344760120,Organic Search,desktop,1,41.0,31.0,0.0,0.0,0,Desktop Engaged
3894780008367831845,Referral,desktop,2,44.0,30.5,0.0,0.0,0,Desktop Engaged
3897097305375760587,Referral,desktop,4,18.0,13.0,0.25,0.25,1,Desktop Frecuente
3898563466459211162,Organic Search,mobile,5,1.0,1.0,0.8,0.4,3,Mobile Users
3902953304108615708,Organic Search,desktop,2,12.0,9.5,0.0,0.5,2,Weekend Warriors
3905085469709197947,Organic Search,desktop,2,15.5,12.0,0.5,1.0,2,Weekend Warriors
3905349665021270549,Referral,desktop,10,6.5,6.5,0.1,0.0,1,Desktop Frecuente
3905941547672756712,Referral,desktop,5,13.0,13.0,0.0,0.0,1,Desktop Frecuente
3906220352266938232,Referral,desktop,3,21.0,15.0,0.0,0.3333333333333333,0,Desktop Engaged
3906774598490786925,Referral,desktop,6,15.0,12.0,0.1666666666666666,0.0,1,Desktop Frecuente
3907770685196037697,Organic Search,desktop,6,4.0,4.0,0.0,0.0,1,Desktop Frecuente
3908289773281629421,Referral,desktop,1,64.0,53.0,0.0,0.0,0,Desktop Engaged
3909763381289527043,Referral,desktop,3,7.0,7.0,0.0,0.0,1,Desktop Frecuente
3912300160509220549,Referral,desktop,8,4.0,3.5,0.0,0.0,1,Desktop Frecuente
3915384889161784454,Direct,desktop,13,13.5,12.0,0.0714285714285714,0.4285714285714285,1,Desktop Frecuente
3915503045313404486,Referral,desktop,4,10.5,10.5,0.25,0.0,1,Desktop Frecuente
3916248033880457849,Referral,desktop,1,28.0,25.0,0.0,1.0,2,Weekend Warriors
3916484417528358536,Social,desktop,1,43.0,41.0,0.0,0.0,0,Desktop Engaged
3916827939116480368,Direct,desktop,3,31.0,24.0,0.0,0.0,0,Desktop Engaged
3916992730920009646,Organic Search,desktop,13,6.0,6.0,0.0769230769230769,0.0,1,Desktop Frecuente
3917578150848610596,Referral,desktop,4,3.5,3.5,0.25,0.0,1,Desktop Frecuente
3918073616784112922,Organic Search,desktop,6,6.5,5.5,0.0,0.0,1,Desktop Frecuente
3921649958751416379,Direct,desktop,14,52.5,41.0,0.0,0.0714285714285714,1,Desktop Frecuente
3924372865099736100,Organic Search,desktop,1,500.0,431.0,0.0,0.0,0,Desktop Engaged
3925916036744376109,Referral,desktop,4,19.0,17.0,0.0,0.0,1,Desktop Frecuente
3927815032450931689,Referral,desktop,1,30.0,27.0,0.0,1.0,2,Weekend Warriors
3928097157872178089,Organic Search,desktop,1,77.0,58.0,0.0,0.0,0,Desktop Engaged
3928984782689072204,Direct,desktop,3,12.0,8.0,0.0,0.0,1,Desktop Frecuente
3931961473816782577,Referral,desktop,4,4.0,4.0,0.0,0.25,1,Desktop Frecuente
3932233549634136384,Organic Search,desktop,1,31.0,23.0,0.0,0.0,0,Desktop Engaged
3933973870505149047,Organic Search,desktop,2,9.0,8.0,0.5,1.0,2,Weekend Warriors
3936547620796707449,Organic Search,desktop,1,15.0,15.0,0.0,0.0,0,Desktop Engaged
3936975077018772540,Referral,desktop,3,6.0,6.0,0.0,0.0,1,Desktop Frecuente
3938732013035143854,Organic Search,desktop,2,31.5,27.0,0.0,0.0,0,Desktop Engaged
3939381864309559028,Organic Search,desktop,5,10.0,8.0,0.0,0.0,1,Desktop Frecuente
3939473019641912529,Direct,desktop,4,7.0,7.0,0.0,0.25,1,Desktop Frecuente
3939899383128026273,Direct,desktop,6,4.5,4.5,0.1666666666666666,0.0,1,Desktop Frecuente
3939966046509655464,Referral,desktop,1,64.0,52.0,0.0,0.0,0,Desktop Engaged
3940793418850616637,Direct,desktop,1,37.0,27.0,0.0,1.0,2,Weekend Warriors
3941152611510143066,Referral,desktop,3,34.0,28.0,0.0,0.3333333333333333,0,Desktop Engaged
3943384499857599795,Referral,desktop,1,57.0,40.0,0.0,1.0,2,Weekend Warriors
3944989619827418524,Direct,desktop,7,10.0,7.0,0.1428571428571428,0.0,1,Desktop Frecuente
3945002194355797350,Referral,desktop,1,63.0,43.0,0.0,0.0,0,Desktop Engaged
3945894443419413506,Organic Search,desktop,2,19.5,16.5,0.0,0.0,0,Desktop Engaged
3946749082213874642,Direct,desktop,2,25.0,20.5,0.0,0.5,2,Weekend Warriors
3948035515004412060,Organic Search,desktop,1,17.0,15.0,0.0,0.0,0,Desktop Engaged
3948620639294319625,Referral,desktop,4,10.0,9.5,0.0,0.25,1,Desktop Frecuente
3948753572772915413,Organic Search,desktop,1,28.0,22.0,0.0,1.0,2,Weekend Warriors
3948936105865802619,Organic Search,desktop,4,6.5,6.5,0.0,0.25,1,Desktop Frecuente
3949362954057733036,Referral,desktop,1,30.0,24.0,0.0,0.0,0,Desktop Engaged
3950894021411842984,Display,desktop,3,22.0,17.0,0.3333333333333333,0.0,1,Desktop Frecuente
3951339399019347158,Organic Search,desktop,1,46.0,39.0,0.0,0.0,0,Desktop Engaged
3954784642722657723,Referral,desktop,1,53.0,39.0,0.0,1.0,2,Weekend Warriors
3955127543379144640,Referral,desktop,5,14.0,12.0,0.2,0.0,1,Desktop Frecuente
3955976140316873313,Direct,desktop,3,5.0,5.0,0.0,0.0,1,Desktop Frecuente
3957556935782502298,Referral,desktop,4,12.5,11.5,0.0,0.0,1,Desktop Frecuente
3957742022679952929,Organic Search,desktop,1,15.0,12.0,0.0,0.0,0,Desktop Engaged
3959206428704010201,Direct,desktop,4,4.0,4.0,0.0,0.0,1,Desktop Frecuente
3960449797691907911,Direct,desktop,1,72.0,58.0,0.0,1.0,2,Weekend Warriors
3964580077088132526,Referral,desktop,3,22.0,10.0,0.0,0.0,0,Desktop Engaged
3965074137351500361,Organic Search,desktop,3,23.0,23.0,0.0,0.3333333333333333,0,Desktop Engaged
3965352402334784734,Referral,desktop,2,31.5,22.0,0.0,0.0,0,Desktop Engaged
3968161907727043413,Display,desktop,1,27.0,24.0,0.0,0.0,0,Desktop Engaged
3968337484870623826,Paid Search,desktop,3,12.0,9.0,0.0,0.0,1,Desktop Frecuente
3968491800779817451,Organic Search,desktop,1,25.0,19.0,0.0,0.0,0,Desktop Engaged
3968957980752374922,Referral,desktop,1,19.0,18.0,0.0,0.0,0,Desktop Engaged
3970595310898448417,Direct,desktop,3,22.0,11.0,0.3333333333333333,0.0,0,Desktop Engaged
3971437232101672363,Organic Search,desktop,1,44.0,37.0,0.0,1.0,2,Weekend Warriors
3972031438204538458,Referral,desktop,2,19.0,14.0,0.5,0.0,0,Desktop Engaged
3972481072101395162,Referral,desktop,3,7.0,6.0,0.0,0.0,1,Desktop Frecuente
3972486410352856128,Paid Search,desktop,1,43.0,34.0,0.0,0.0,0,Desktop Engaged
3972533149099656083,Referral,desktop,1,20.0,20.0,0.0,0.0,0,Desktop Engaged
3973742615068285577,Referral,tablet,4,16.0,14.5,0.25,0.75,3,Mobile Users
3975716470387468561,Referral,desktop,5,4.0,4.0,0.0,0.2,1,Desktop Frecuente
3976271665375481044,Direct,desktop,1,25.0,20.0,0.0,0.0,0,Desktop Engaged
3976777755892990824,Referral,desktop,3,18.0,16.0,0.0,0.0,0,Desktop Engaged
3978014163189358246,Direct,mobile,3,1.0,1.0,0.6666666666666666,0.0,3,Mobile Users
3978036795131267549,Organic Search,mobile,3,4.0,4.0,0.3333333333333333,0.0,3,Mobile Users
3978330627656387084,Referral,desktop,4,11.0,9.0,0.0,0.75,1,Desktop Frecuente
3978536727138533271,Organic Search,mobile,2,9.0,7.5,0.5,0.0,3,Mobile Users
3979304025284587747,Referral,desktop,2,20.5,17.0,0.0,0.5,2,Weekend Warriors
3979618861854336423,Paid Search,desktop,6,25.0,20.5,0.0,0.0,1,Desktop Frecuente
3980601042365877663,Referral,desktop,3,28.0,15.0,0.0,0.3333333333333333,0,Desktop Engaged
3981643507118895427,Direct,desktop,3,12.0,10.0,0.0,0.0,1,Desktop Frecuente
3981877997953574579,Referral,desktop,14,13.5,11.0,0.1428571428571428,0.0714285714285714,1,Desktop Frecuente
3982018617759941881,Referral,desktop,1,94.0,60.0,0.0,0.0,0,Desktop Engaged
3984114857404571747,Organic Search,desktop,1,68.0,53.0,0.0,1.0,2,Weekend Warriors
3987795272144398890,Referral,desktop,7,5.0,5.0,0.4285714285714285,0.0,1,Desktop Frecuente
3988230898728933862,Organic Search,desktop,2,52.5,36.5,0.0,0.5,2,Weekend Warriors
3990058424732714693,Referral,desktop,5,3.0,3.0,0.0,0.4,1,Desktop Frecuente
3993902620417433296,Referral,desktop,3,24.0,13.0,0.0,0.0,0,Desktop Engaged
3996247155986231536,Referral,desktop,8,8.0,7.0,0.0,0.0,1,Desktop Frecuente
3996347475095244945,Referral,desktop,1,22.0,20.0,0.0,0.0,0,Desktop Engaged
3996687359433676152,Direct,desktop,1,10.0,10.0,0.0,1.0,2,Weekend Warriors
3999167848283307153,Direct,desktop,4,8.5,8.5,0.0,0.0,1,Desktop Frecuente
3999554333299831637,Referral,desktop,7,9.0,7.0,0.0,0.0,1,Desktop Frecuente
4000482243627957608,Organic Search,desktop,1,26.0,23.0,0.0,0.0,0,Desktop Engaged
4000951838417257099,Referral,desktop,1,60.0,49.0,0.0,0.0,0,Desktop Engaged
4002137233348878949,Organic Search,desktop,5,4.0,4.0,0.0,0.0,1,Desktop Frecuente
4003369181946392612,Referral,desktop,1,48.0,34.0,0.0,0.0,0,Desktop Engaged
4005605575873365444,Referral,desktop,3,6.0,6.0,0.0,0.0,1,Desktop Frecuente
4008726419400228329,Referral,desktop,3,15.0,14.0,0.0,0.0,1,Desktop Frecuente
4009212492683421907,Referral,desktop,3,40.0,34.0,0.0,0.0,0,Desktop Engaged
4009285433489388850,Direct,desktop,1,15.0,13.0,0.0,0.0,0,Desktop Engaged
4009492225738165709,Referral,desktop,3,3.0,3.0,0.0,0.3333333333333333,1,Desktop Frecuente
4011202411252216664,Organic Search,mobile,2,12.5,11.5,0.0,0.0,3,Mobile Users
4013470531611520402,Referral,desktop,4,15.5,12.0,0.0,0.0,1,Desktop Frecuente
4013506326100150914,Organic Search,desktop,8,8.5,8.5,0.125,0.0,1,Desktop Frecuente
4013826819302935041,Referral,desktop,3,14.0,11.0,0.0,0.0,1,Desktop Frecuente
4013965518417405272,Paid Search,mobile,1,64.0,50.0,0.0,0.0,3,Mobile Users
4015497886107875347,Social,desktop,5,9.0,7.0,0.0,0.2,1,Desktop Frecuente
4017026585162229127,Referral,desktop,9,4.0,4.0,0.3333333333333333,0.1111111111111111,1,Desktop Frecuente
4017913670369523612,Referral,desktop,1,19.0,17.0,0.0,0.0,0,Desktop Engaged
4019468962441063327,Referral,desktop,2,8.0,8.0,0.0,0.5,1,Desktop Frecuente
4019489288484601437,Organic Search,desktop,1,24.0,19.0,0.0,0.0,0,Desktop Engaged
4019564737576499248,Referral,desktop,1,111.0,76.0,0.0,0.0,0,Desktop Engaged
4019823049713520813,Organic Search,desktop,2,31.0,24.5,0.5,0.0,0,Desktop Engaged
4020030743095455417,Referral,desktop,1,26.0,23.0,0.0,0.0,0,Desktop Engaged
4021545903221768345,Organic Search,desktop,2,9.0,8.0,0.0,0.0,1,Desktop Frecuente
4021608342887037417,Direct,desktop,2,15.0,12.5,0.0,0.0,0,Desktop Engaged
4022089387600233552,Direct,desktop,1,15.0,14.0,0.0,0.0,0,Desktop Engaged
4022281232635226320,Referral,desktop,7,4.0,4.0,0.1428571428571428,0.0,1,Desktop Frecuente
4024901454245358856,Direct,desktop,2,11.5,9.0,0.0,0.0,0,Desktop Engaged
4026449406503874324,Organic Search,desktop,2,36.0,25.5,0.0,0.0,0,Desktop Engaged
4030851960983791121,Direct,desktop,1,34.0,24.0,0.0,0.0,0,Desktop Engaged
4031210768119686086,Referral,desktop,5,2.0,2.0,0.4,0.2,1,Desktop Frecuente
4031311251122718376,Direct,desktop,1,13.0,11.0,0.0,0.0,0,Desktop Engaged
4031786889496632722,Organic Search,desktop,1,35.0,30.0,0.0,0.0,0,Desktop Engaged
4031993507382416569,Direct,desktop,5,5.0,5.0,0.2,0.0,1,Desktop Frecuente
4032905532111677207,Organic Search,desktop,1,31.0,27.0,0.0,0.0,0,Desktop Engaged
4032905923118841687,Organic Search,desktop,3,4.0,4.0,0.0,0.0,1,Desktop Frecuente
4032954879849580629,Paid Search,desktop,2,21.5,19.0,0.0,0.0,0,Desktop Engaged
4033167138991049828,Direct,mobile,2,6.5,5.5,0.5,0.0,3,Mobile Users
4033655615670436076,Referral,desktop,3,8.0,7.0,0.0,0.0,1,Desktop Frecuente
4034510370290015321,Direct,desktop,2,25.0,10.5,0.5,0.0,0,Desktop Engaged
4036695378449540485,Organic Search,desktop,8,1.5,1.5,0.5,0.0,1,Desktop Frecuente
4037261354125477051,Organic Search,mobile,2,36.5,27.5,0.5,0.0,3,Mobile Users
4037519945413635287,Direct,desktop,3,2.0,2.0,0.3333333333333333,0.0,1,Desktop Frecuente
4038189788260707072,Organic Search,mobile,3,8.0,8.0,0.3333333333333333,0.0,3,Mobile Users
4038361093830077975,Organic Search,desktop,3,32.0,24.0,0.0,0.0,0,Desktop Engaged
4042880551685271731,Referral,desktop,2,19.5,16.0,0.0,0.0,0,Desktop Engaged
4042942628381850945,Referral,desktop,5,19.0,16.0,0.2,0.0,1,Desktop Frecuente
4043213349973775886,Direct,desktop,2,33.5,26.0,0.0,0.0,0,Desktop Engaged
4045831322438555082,Organic Search,desktop,1,37.0,26.0,0.0,0.0,0,Desktop Engaged
4049243672226298853,Direct,desktop,1,92.0,59.0,0.0,0.0,0,Desktop Engaged
4049931840976625289,Direct,desktop,2,17.5,10.5,0.0,0.0,0,Desktop Engaged
4051356306352109887,Organic Search,desktop,2,22.5,18.5,0.0,0.0,0,Desktop Engaged
4051794783067941843,Paid Search,desktop,1,73.0,46.0,0.0,1.0,2,Weekend Warriors
4052181931278231194,Referral,desktop,2,19.0,16.0,0.5,0.5,2,Weekend Warriors
4052263114492038188,Organic Search,desktop,1,25.0,23.0,0.0,0.0,0,Desktop Engaged
4053729275950379466,Direct,desktop,17,7.0,7.0,0.1764705882352941,0.1176470588235294,1,Desktop Frecuente
4055437795713459104,Direct,desktop,3,12.0,9.0,0.3333333333333333,0.3333333333333333,1,Desktop Frecuente
4055717475838572918,Paid Search,desktop,6,83.5,56.5,0.0,0.6666666666666666,2,Weekend Warriors
4056272724436098353,Referral,desktop,5,7.0,5.0,0.0,0.0,1,Desktop Frecuente
4056519069919299079,Organic Search,desktop,1,45.0,35.0,0.0,0.0,0,Desktop Engaged
4056641951555237332,Paid Search,desktop,4,15.5,13.0,0.0,0.0,1,Desktop Frecuente
4058506374393507952,Direct,desktop,2,14.0,11.5,0.0,0.0,0,Desktop Engaged
4058547709425577675,Direct,mobile,3,1.0,1.0,0.6666666666666666,0.0,3,Mobile Users
4058842372773044061,Referral,desktop,2,28.0,21.0,0.0,0.0,0,Desktop Engaged
4061027973770325631,Referral,desktop,4,13.5,10.5,0.0,0.0,1,Desktop Frecuente
4061383032908254634,Direct,desktop,2,16.0,14.0,0.0,0.5,2,Weekend Warriors
4061386306679952654,Organic Search,desktop,3,22.0,15.0,0.0,0.0,0,Desktop Engaged
4061971552460255356,Organic Search,desktop,1,24.0,18.0,0.0,0.0,0,Desktop Engaged
4061992416508619194,Referral,desktop,4,21.0,16.5,0.0,0.0,0,Desktop Engaged
4062251488727340753,Referral,desktop,1,33.0,26.0,0.0,0.0,0,Desktop Engaged
4062630166370650304,Direct,desktop,1,17.0,15.0,0.0,0.0,0,Desktop Engaged
4063594254522767136,Referral,desktop,4,18.5,13.5,0.0,0.25,1,Desktop Frecuente
4064008221273566105,Referral,desktop,3,15.0,14.0,0.0,0.0,1,Desktop Frecuente
4064135835973062555,Referral,desktop,4,3.5,3.5,0.5,0.0,1,Desktop Frecuente
4066299647455540337,Referral,desktop,2,10.0,8.5,0.5,0.0,1,Desktop Frecuente
4066745075489690318,Referral,desktop,1,26.0,21.0,0.0,1.0,2,Weekend Warriors
4066944765697062309,Organic Search,desktop,4,24.5,20.0,0.0,0.0,0,Desktop Engaged
4067986469497332117,Organic Search,desktop,10,1.0,1.0,0.6,0.0,1,Desktop Frecuente
4068234234266916182,Organic Search,desktop,2,17.0,13.5,0.0,0.0,0,Desktop Engaged
4068416534578096540,Direct,desktop,5,2.0,2.0,0.4,0.0,1,Desktop Frecuente
4068647851581953751,Referral,desktop,3,25.0,17.0,0.0,0.0,0,Desktop Engaged
4068723733086898628,Organic Search,desktop,1,32.0,24.0,0.0,0.0,0,Desktop Engaged
4068767292282197614,Organic Search,desktop,2,21.0,19.5,0.5,0.0,0,Desktop Engaged
4069497283751295817,Referral,desktop,7,3.0,3.0,0.2857142857142857,0.0,1,Desktop Frecuente
4070877498378566349,Referral,desktop,1,52.0,28.0,0.0,0.0,0,Desktop Engaged
4071242449941776840,Organic Search,desktop,1,21.0,17.0,0.0,0.0,0,Desktop Engaged
4071592194862232855,Organic Search,tablet,1,23.0,19.0,0.0,0.0,3,Mobile Users
4072923826675534025,Direct,desktop,1,24.0,22.0,0.0,0.0,0,Desktop Engaged
4073209630928256180,Organic Search,desktop,2,28.5,24.5,0.0,0.0,0,Desktop Engaged
4074582003417698725,Referral,desktop,3,23.0,19.0,0.0,0.0,0,Desktop Engaged
4075624190371781954,Organic Search,mobile,2,12.0,10.0,0.5,0.0,3,Mobile Users
4076862635585033778,Referral,desktop,13,6.0,6.0,0.1538461538461538,0.0,1,Desktop Frecuente
4077897320198403283,Direct,desktop,11,6.0,6.0,0.2727272727272727,0.0909090909090909,1,Desktop Frecuente
4079167367157590772,Organic Search,desktop,6,14.5,10.5,0.1666666666666666,0.1666666666666666,1,Desktop Frecuente
4079444337617679182,Referral,desktop,7,3.0,3.0,0.0,0.0,1,Desktop Frecuente
4079454182171893651,Paid Search,desktop,1,19.0,16.0,0.0,0.0,0,Desktop Engaged
4080205023999534215,Organic Search,desktop,1,18.0,16.0,0.0,0.0,0,Desktop Engaged
4080275155760695849,Organic Search,tablet,7,11.0,8.0,0.2857142857142857,0.2857142857142857,3,Mobile Users
4081113831133757188,Organic Search,desktop,1,46.0,42.0,0.0,0.0,0,Desktop Engaged
4081895043014351508,Organic Search,desktop,7,13.0,10.0,0.2857142857142857,0.2857142857142857,1,Desktop Frecuente
4083063588943320754,Direct,desktop,2,14.0,11.0,0.0,0.0,0,Desktop Engaged
4085534559120905575,Referral,desktop,5,23.0,21.0,0.0,0.0,1,Desktop Frecuente
4085972867127024343,Referral,desktop,10,7.0,5.5,0.1,0.2,1,Desktop Frecuente
4086591768623181940,Organic Search,desktop,3,22.0,19.0,0.0,0.0,0,Desktop Engaged
4088086075239844129,Organic Search,desktop,1,13.0,11.0,0.0,0.0,0,Desktop Engaged
4089068901954686821,Direct,desktop,5,5.0,5.0,0.2,0.2,1,Desktop Frecuente
4090254339243061472,Referral,desktop,3,6.0,4.0,0.0,0.0,1,Desktop Frecuente
4092654193706632876,Organic Search,desktop,7,1.0,1.0,0.5714285714285714,0.2857142857142857,1,Desktop Frecuente
4093426585106843453,Organic Search,desktop,1,98.0,68.0,0.0,0.0,0,Desktop Engaged
4096318129790050754,Referral,desktop,3,10.0,7.0,0.0,0.0,1,Desktop Frecuente
4097726222333390216,Organic Search,desktop,1,44.0,29.0,0.0,0.0,0,Desktop Engaged
4097823333127434031,Organic Search,desktop,2,24.5,22.5,0.0,0.0,0,Desktop Engaged
4098817556176018848,Organic Search,desktop,1,58.0,42.0,0.0,0.0,0,Desktop Engaged
4099954209864807255,Referral,desktop,1,16.0,16.0,0.0,0.0,0,Desktop Engaged
4100243947088783573,Referral,desktop,2,23.5,16.5,0.0,0.0,0,Desktop Engaged
4100254762425335988,Referral,desktop,2,29.5,24.0,0.0,0.0,0,Desktop Engaged
4102118060900872415,Referral,desktop,10,10.0,4.5,0.1,0.2,1,Desktop Frecuente
4105754576329014219,Direct,desktop,2,17.0,15.0,0.5,0.5,2,Weekend Warriors
4108989538863797757,Paid Search,tablet,5,1.0,1.0,0.6,0.8,3,Mobile Users
4112758013155736648,Referral,desktop,1,10.0,10.0,0.0,0.0,0,Desktop Engaged
4116206238605404224,Referral,desktop,5,40.0,28.0,0.2,0.0,0,Desktop Engaged
4116720743881459837,Direct,desktop,25,5.0,5.0,0.32,0.0,1,Desktop Frecuente
4117715707586638029,Referral,desktop,3,21.0,16.0,0.0,0.0,0,Desktop Engaged
4118472468366626985,Organic Search,desktop,5,15.0,14.0,0.0,0.0,1,Desktop Frecuente
4118701850493797627,Referral,desktop,2,19.0,16.5,0.0,0.0,0,Desktop Engaged
4118874374266805808,Referral,desktop,2,14.5,12.5,0.0,0.0,0,Desktop Engaged
4119448635627172848,Organic Search,desktop,2,11.5,10.0,0.0,0.0,0,Desktop Engaged
4119784958324215138,Referral,desktop,2,10.5,7.5,0.0,0.0,0,Desktop Engaged
4120018273259568255,Display,desktop,3,20.0,10.0,0.3333333333333333,0.0,0,Desktop Engaged
4120204515295440392,Referral,desktop,1,52.0,40.0,0.0,0.0,0,Desktop Engaged
4123860234327657457,Referral,desktop,3,3.0,2.0,0.3333333333333333,0.0,1,Desktop Frecuente
4123909121225276066,Organic Search,desktop,11,4.0,4.0,0.1818181818181818,0.0,1,Desktop Frecuente
4125169582093788540,Organic Search,mobile,1,33.0,30.0,0.0,0.0,3,Mobile Users
4127513140005445280,Referral,desktop,3,22.0,20.0,0.3333333333333333,0.0,1,Desktop Frecuente
4127719020767791637,Direct,desktop,3,39.0,31.0,0.0,0.0,0,Desktop Engaged
4128917041709885631,Organic Search,mobile,2,24.5,21.0,0.5,0.0,3,Mobile Users
4129136216098489024,Referral,desktop,3,3.0,3.0,0.0,0.3333333333333333,1,Desktop Frecuente
4132432278764632576,Organic Search,desktop,4,15.0,14.5,0.0,0.0,1,Desktop Frecuente
4132503829043338043,Referral,desktop,1,66.0,50.0,0.0,0.0,0,Desktop Engaged
4133979497741500741,Referral,desktop,5,27.0,21.0,0.2,0.0,1,Desktop Frecuente
4134498426819570935,Organic Search,desktop,8,6.0,6.0,0.25,0.625,1,Desktop Frecuente
4135072833918022797,Referral,desktop,1,24.0,20.0,0.0,0.0,0,Desktop Engaged
4136075982495833616,Organic Search,desktop,1,46.0,41.0,0.0,0.0,0,Desktop Engaged
4136548162519732667,Referral,desktop,5,13.0,11.0,0.0,0.2,1,Desktop Frecuente
4137166370863238915,Organic Search,desktop,1,21.0,21.0,0.0,0.0,0,Desktop Engaged
4137617404832390200,Organic Search,desktop,4,7.0,7.0,0.25,0.5,1,Desktop Frecuente
4138727297471841879,Direct,desktop,1,18.0,17.0,0.0,0.0,0,Desktop Engaged
4139848480858316330,Organic Search,desktop,1,22.0,17.0,0.0,0.0,0,Desktop Engaged
4140153693332318188,Direct,desktop,6,8.0,4.5,0.1666666666666666,0.0,1,Desktop Frecuente
4140173886122763982,Referral,desktop,4,16.5,10.0,0.0,0.5,1,Desktop Frecuente
4140559214164857738,Organic Search,desktop,4,45.0,28.5,0.0,0.0,0,Desktop Engaged
4140976428646159169,Organic Search,mobile,1,30.0,26.0,0.0,0.0,3,Mobile Users
4141333459906653821,Referral,desktop,2,24.5,19.0,0.0,0.0,0,Desktop Engaged
4143932736586919766,Referral,desktop,6,36.5,24.0,0.0,0.3333333333333333,0,Desktop Engaged
4143982060803736810,Referral,desktop,3,17.0,12.0,0.0,0.0,0,Desktop Engaged
4144443737941406047,Referral,desktop,1,14.0,11.0,0.0,0.0,0,Desktop Engaged
4144610970742567505,Direct,desktop,1,75.0,62.0,0.0,0.0,0,Desktop Engaged
4146222468180363567,Referral,desktop,9,3.0,3.0,0.3333333333333333,0.0,1,Desktop Frecuente
4148567392230462153,Organic Search,desktop,4,7.5,6.5,0.25,0.5,1,Desktop Frecuente
4150045937038585512,Referral,desktop,3,28.0,23.0,0.0,0.3333333333333333,0,Desktop Engaged
4153704017648170071,Organic Search,mobile,1,15.0,14.0,0.0,0.0,3,Mobile Users
4154041461958944095,Direct,desktop,2,21.5,14.5,0.0,0.0,0,Desktop Engaged
4154862368078054055,Organic Search,tablet,1,49.0,37.0,0.0,0.0,3,Mobile Users
4155916412734700060,Paid Search,mobile,1,20.0,18.0,0.0,0.0,3,Mobile Users
4157301099254368232,Organic Search,desktop,3,57.0,38.0,0.0,1.0,2,Weekend Warriors
4162641733520995374,Organic Search,desktop,1,14.0,13.0,0.0,0.0,0,Desktop Engaged
4163346623871537279,Direct,mobile,2,5.5,5.5,0.5,0.0,3,Mobile Users
4163967138563839128,Direct,desktop,20,6.5,6.0,0.2,0.0,1,Desktop Frecuente
4164473973717598175,Direct,desktop,5,3.0,3.0,0.4,0.0,1,Desktop Frecuente
4165022088136664942,Organic Search,mobile,1,15.0,13.0,0.0,0.0,3,Mobile Users
4166325235385141102,Referral,desktop,1,30.0,23.0,0.0,1.0,2,Weekend Warriors
4166421942719145577,Referral,desktop,2,27.0,22.0,0.0,0.0,0,Desktop Engaged
4166700707688517424,Direct,desktop,2,50.0,35.0,0.0,0.0,0,Desktop Engaged
4167113770312733608,Referral,desktop,1,15.0,13.0,0.0,0.0,0,Desktop Engaged
4167885024965256381,Direct,desktop,1,22.0,18.0,0.0,0.0,0,Desktop Engaged
4169715348324033215,Organic Search,desktop,2,8.5,8.0,0.5,0.0,1,Desktop Frecuente
4174008402411981050,Organic Search,mobile,3,3.0,2.0,0.25,0.5,3,Mobile Users
4175464679743190196,Referral,desktop,3,7.0,6.0,0.0,0.0,1,Desktop Frecuente
4175693739550513271,Organic Search,desktop,2,15.5,14.0,0.0,0.0,0,Desktop Engaged
4175712148435281354,Organic Search,desktop,2,20.0,17.0,0.0,0.5,2,Weekend Warriors
4177916265915368824,Referral,desktop,3,6.0,4.0,0.3333333333333333,0.0,1,Desktop Frecuente
4178895217253469173,Referral,desktop,1,73.0,63.0,0.0,0.0,0,Desktop Engaged
4178920875112145091,Organic Search,desktop,4,16.0,10.5,0.0,0.25,1,Desktop Frecuente
4178948793864037103,Referral,desktop,2,84.0,52.5,0.0,0.0,0,Desktop Engaged
4180788491858098466,Organic Search,desktop,2,61.0,47.0,0.0,0.0,0,Desktop Engaged
4180896449051062828,Paid Search,desktop,1,47.0,37.0,0.0,0.0,0,Desktop Engaged
4181284744732666111,Referral,desktop,13,2.0,2.0,0.4615384615384615,0.0,1,Desktop Frecuente
4182504636922812318,Referral,desktop,8,6.5,6.5,0.0,0.25,1,Desktop Frecuente
4184351765093293485,Organic Search,desktop,2,13.5,10.5,0.0,0.0,0,Desktop Engaged
4184664037098530012,Direct,desktop,1,18.0,14.0,0.0,0.0,0,Desktop Engaged
4185017938606532693,Direct,desktop,2,7.0,6.5,0.0,0.0,1,Desktop Frecuente
4186017304980916856,Referral,desktop,2,42.0,32.0,0.5,0.5,2,Weekend Warriors
4186434179887307955,Organic Search,desktop,11,9.0,7.0,0.0,0.3636363636363636,1,Desktop Frecuente
4186654201396383023,Referral,desktop,4,76.5,29.0,0.25,0.0,0,Desktop Engaged
4188284635563509157,Organic Search,desktop,1,70.0,58.0,0.0,0.0,0,Desktop Engaged
4191379935308714195,Organic Search,desktop,4,25.0,21.5,0.0,0.0,0,Desktop Engaged
4191489896925210475,Referral,desktop,3,6.0,5.0,0.3333333333333333,0.0,1,Desktop Frecuente
4191549815940169115,Referral,desktop,5,12.0,8.0,0.0,0.4,1,Desktop Frecuente
4193362346989786270,Organic Search,desktop,3,12.0,10.0,0.0,0.0,1,Desktop Frecuente
4194358025108259323,Organic Search,desktop,1,18.0,16.0,0.0,0.0,0,Desktop Engaged
4196418886710432062,Referral,desktop,6,11.0,10.0,0.1666666666666666,0.1666666666666666,1,Desktop Frecuente
4197448302797923652,Organic Search,mobile,1,23.0,18.0,0.0,0.0,3,Mobile Users
4198604247843103568,Organic Search,desktop,3,37.0,23.0,0.3333333333333333,1.0,2,Weekend Warriors
4199946232412788468,Organic Search,desktop,1,17.0,15.0,0.0,0.0,0,Desktop Engaged
4202270774620698558,Paid Search,mobile,3,13.0,10.0,0.0,0.0,3,Mobile Users
4205053914875923563,Organic Search,desktop,2,21.5,18.5,0.0,0.5,2,Weekend Warriors
4207162663301325788,Organic Search,desktop,1,67.0,53.0,0.0,0.0,0,Desktop Engaged
4209987793973351274,Referral,desktop,2,15.0,13.0,0.0,0.0,0,Desktop Engaged
4210823265857640487,Organic Search,mobile,6,2.0,1.5,0.3333333333333333,0.5,3,Mobile Users
4211738365685147723,Referral,desktop,1,34.0,25.0,0.0,0.0,0,Desktop Engaged
4213021997659947745,Direct,desktop,5,8.0,7.0,0.0,0.0,1,Desktop Frecuente
4213215348568298607,Organic Search,desktop,1,119.0,90.0,0.0,0.0,0,Desktop Engaged
4214259466202417480,Organic Search,desktop,5,9.0,8.0,0.2,0.0,1,Desktop Frecuente
4214529531728043633,Direct,mobile,2,7.0,6.5,0.5,0.0,3,Mobile Users
4214801094653561091,Referral,desktop,8,5.0,4.0,0.125,0.0,1,Desktop Frecuente
4216847323898828897,Referral,desktop,3,5.0,5.0,0.3333333333333333,0.0,1,Desktop Frecuente
4217904838120102001,Organic Search,desktop,1,170.0,113.0,0.0,0.0,0,Desktop Engaged
4218367025544931420,Referral,desktop,2,16.0,13.5,0.0,0.0,0,Desktop Engaged
4218616966389581358,Referral,desktop,2,12.5,10.5,0.0,0.0,0,Desktop Engaged
4219302359703604380,Direct,mobile,6,2.5,2.5,0.3333333333333333,0.1666666666666666,3,Mobile Users
4221744879183024662,Organic Search,desktop,2,24.0,20.0,0.0,0.0,0,Desktop Engaged
4222446458749632858,Referral,desktop,2,38.0,28.0,0.0,0.0,0,Desktop Engaged
4223021454510347443,Direct,desktop,4,25.5,20.5,0.0,0.0,0,Desktop Engaged
4223742424126889400,Referral,desktop,4,4.5,4.0,0.25,0.0,1,Desktop Frecuente
4224696907303131562,Organic Search,desktop,22,9.0,8.0,0.1818181818181818,0.1363636363636363,1,Desktop Frecuente
4224965704063643029,Organic Search,desktop,1,30.0,26.0,0.0,0.0,0,Desktop Engaged
4228070656276504245,Organic Search,desktop,2,21.5,19.0,0.0,0.0,0,Desktop Engaged
4229304203473718031,Organic Search,desktop,4,33.0,25.0,0.25,0.0,0,Desktop Engaged
4229694241096268399,Referral,desktop,2,43.5,32.0,0.0,0.0,0,Desktop Engaged
4230104325532739733,Direct,desktop,2,12.5,10.0,0.0,0.5,2,Weekend Warriors
4230960861530232531,Organic Search,desktop,3,2.0,2.0,0.3333333333333333,0.0,1,Desktop Frecuente
4232198752490006877,Referral,desktop,1,20.0,16.0,0.0,0.0,0,Desktop Engaged
4233876642049714828,Paid Search,desktop,1,16.0,14.0,0.0,0.0,0,Desktop Engaged
4237013158233024373,Organic Search,desktop,1,18.0,16.0,0.0,0.0,0,Desktop Engaged
4237702059099095460,Paid Search,desktop,6,12.0,10.0,0.0,0.1666666666666666,1,Desktop Frecuente
4237736699372437949,Direct,desktop,2,29.0,24.5,0.0,1.0,2,Weekend Warriors
4239174393004519889,Organic Search,mobile,4,20.0,12.5,0.0,0.25,3,Mobile Users
4239590118714521081,Direct,mobile,6,4.5,4.5,0.0,0.3333333333333333,3,Mobile Users
4239705522923408446,Organic Search,mobile,2,17.5,14.0,0.5,0.0,3,Mobile Users
4240861756102346904,Organic Search,mobile,3,34.0,25.0,0.0,0.0,3,Mobile Users
4241593452068990292,Organic Search,mobile,5,8.0,8.0,0.2,0.2,3,Mobile Users
4241769030360346425,Referral,desktop,4,30.0,21.5,0.0,0.25,0,Desktop Engaged
4242172639873299272,Organic Search,desktop,3,10.0,10.0,0.0,0.0,1,Desktop Frecuente
4242693912596237127,Referral,desktop,3,4.0,3.0,0.3333333333333333,0.0,1,Desktop Frecuente
4242949576061124500,Referral,desktop,2,25.5,17.0,0.0,0.0,0,Desktop Engaged
4243394768010380901,Referral,desktop,1,46.0,35.0,0.0,0.0,0,Desktop Engaged
4244168838002740731,Direct,desktop,3,5.0,5.0,0.3333333333333333,0.0,1,Desktop Frecuente
4244483702227982488,Referral,desktop,3,3.0,3.0,0.0,0.0,1,Desktop Frecuente
4245593031177499216,Organic Search,desktop,1,34.0,24.0,0.0,0.0,0,Desktop Engaged
4246239357308285366,Organic Search,desktop,5,4.0,3.0,0.0,0.0,1,Desktop Frecuente
4246596103361426339,Paid Search,desktop,3,24.0,22.0,0.0,0.0,0,Desktop Engaged
4248127151078644916,Referral,desktop,2,47.0,33.0,0.0,0.5,2,Weekend Warriors
4248371706463587164,Organic Search,desktop,1,38.0,30.0,0.0,0.0,0,Desktop Engaged
4248528208628232884,Referral,desktop,4,16.5,12.0,0.0,0.75,2,Weekend Warriors
4250048071729464842,Social,desktop,2,14.0,13.0,0.0,0.0,0,Desktop Engaged
4251370728658058928,Referral,desktop,3,21.0,12.0,0.0,0.0,0,Desktop Engaged
4256454348213820288,Referral,desktop,2,26.5,21.5,0.0,0.5,2,Weekend Warriors
4257313700212414419,Referral,desktop,2,20.0,15.0,0.0,0.0,0,Desktop Engaged
4257424863358354998,Referral,desktop,2,14.5,11.0,0.0,0.0,0,Desktop Engaged
4258400920909579017,Direct,desktop,2,8.0,7.5,0.0,0.0,1,Desktop Frecuente
4259785355346404932,Direct,desktop,1,25.0,20.0,0.0,0.0,0,Desktop Engaged
4260129132154097031,Referral,desktop,5,5.0,4.0,0.0,0.0,1,Desktop Frecuente
4260968995177655855,Referral,desktop,20,6.0,5.0,0.1,0.05,1,Desktop Frecuente
4262513756531099314,Referral,desktop,2,16.5,14.0,0.0,0.0,0,Desktop Engaged
4263101733222626989,Direct,desktop,2,19.5,16.0,0.0,0.5,2,Weekend Warriors
4265447158786402030,Paid Search,mobile,7,1.0,1.0,0.5714285714285714,0.5714285714285714,3,Mobile Users
4266823904408093435,Referral,desktop,9,7.0,7.0,0.0,0.2222222222222222,1,Desktop Frecuente
4267209767907289538,Direct,tablet,2,17.0,15.0,0.0,0.0,3,Mobile Users
4267667384999270973,Referral,desktop,2,23.0,16.0,0.0,0.0,0,Desktop Engaged
4269279884422404154,Organic Search,desktop,1,16.0,14.0,0.0,0.0,0,Desktop Engaged
4269941844937478608,Direct,desktop,2,50.0,34.5,0.0,0.0,0,Desktop Engaged
4271225704361981065,Referral,desktop,2,16.5,14.5,0.0,0.0,0,Desktop Engaged
4271792018121577582,Referral,desktop,9,16.0,14.0,0.1111111111111111,0.0,1,Desktop Frecuente
4272086448869287374,Referral,desktop,3,12.0,10.0,0.0,0.3333333333333333,1,Desktop Frecuente
4272803504302903779,Direct,desktop,1,8.0,8.0,0.0,0.0,0,Desktop Engaged
4273477250072591183,Organic Search,desktop,1,67.0,52.0,0.0,0.0,0,Desktop Engaged
4274511861314211339,Direct,desktop,1,10.0,9.5,0.0,0.0,0,Desktop Engaged
4278365513858458160,Direct,desktop,19,9.0,9.0,0.0,0.1052631578947368,1,Desktop Frecuente
4279722686753943026,Referral,desktop,9,21.0,16.0,0.0,0.0,1,Desktop Frecuente
4284278279892078822,Organic Search,desktop,2,10.5,9.5,0.0,0.0,1,Desktop Frecuente
4284396737660409428,Paid Search,desktop,1,29.0,21.0,0.0,1.0,2,Weekend Warriors
4284747478619287722,Referral,mobile,9,3.0,3.0,0.3333333333333333,0.0,3,Mobile Users
4285517250225207636,Organic Search,desktop,2,12.0,11.0,0.0,0.0,0,Desktop Engaged
4286676770640078553,Direct,desktop,6,2.0,2.0,0.3333333333333333,0.0,1,Desktop Frecuente
4288066588835111365,Referral,desktop,1,24.0,20.0,0.0,0.0,0,Desktop Engaged
4288975239586722821,Referral,desktop,6,8.0,6.0,0.1666666666666666,0.0,1,Desktop Frecuente
4289438009757949652,Organic Search,desktop,1,49.0,35.0,0.0,0.0,0,Desktop Engaged
4290702706677666900,Referral,desktop,6,13.0,12.0,0.0,0.1666666666666666,1,Desktop Frecuente
4290831302541966980,Direct,desktop,3,1.0,1.0,0.6666666666666666,0.0,1,Desktop Frecuente
4291359009156094257,Organic Search,desktop,1,33.0,26.0,0.0,0.0,0,Desktop Engaged
4291809001690748247,Organic Search,desktop,2,61.5,44.5,0.0,1.0,2,Weekend Warriors
4293807246358895318,Referral,desktop,6,10.0,8.5,0.0,0.3333333333333333,1,Desktop Frecuente
4293841073200012958,Referral,desktop,1,67.0,52.0,0.0,0.0,0,Desktop Engaged
4294172539120874565,Direct,desktop,1,15.0,14.0,0.0,0.0,0,Desktop Engaged
4296109044601139440,Direct,desktop,2,7.0,6.5,0.5,0.0,1,Desktop Frecuente
4297151124311422842,Organic Search,desktop,13,4.0,4.0,0.2307692307692307,0.0,1,Desktop Frecuente
4297559551664016957,Organic Search,desktop,2,13.0,11.0,0.0,0.0,0,Desktop Engaged
4298172101500254249,Referral,desktop,5,4.0,4.0,0.0,0.0,1,Desktop Frecuente
4298610228737693968,Referral,desktop,10,10.0,9.0,0.1,0.0,1,Desktop Frecuente
4299030824455740972,Referral,desktop,3,8.0,8.0,0.0,0.0,1,Desktop Frecuente
4299381105807734069,Referral,desktop,4,6.0,4.5,0.25,0.5,1,Desktop Frecuente
4301598633370091052,Organic Search,desktop,1,43.0,34.0,0.0,0.0,0,Desktop Engaged
4301995352469947007,Paid Search,desktop,1,143.0,104.0,0.0,1.0,2,Weekend Warriors
4303041016027387041,Referral,desktop,4,11.5,8.0,0.25,0.0,1,Desktop Frecuente
4304464276543678891,Referral,desktop,2,12.0,10.5,0.0,0.0,0,Desktop Engaged
4305270415377533885,Referral,desktop,6,5.0,5.0,0.1666666666666666,0.0,1,Desktop Frecuente
4305389123856047722,Referral,desktop,3,9.0,9.0,0.3333333333333333,0.0,1,Desktop Frecuente
4307411610497308919,Direct,desktop,3,17.0,14.0,0.0,0.0,0,Desktop Engaged
4309014252649761894,Referral,desktop,5,7.0,5.0,0.0,0.0,1,Desktop Frecuente
4310266508515206393,Referral,desktop,1,35.0,25.0,0.0,0.0,0,Desktop Engaged
4310458187512835910,Organic Search,desktop,1,38.0,26.0,0.0,1.0,2,Weekend Warriors
4314785522549943313,Direct,desktop,3,13.0,12.0,0.0,0.0,1,Desktop Frecuente
4314863785819790681,Referral,desktop,2,58.0,43.0,0.0,0.0,0,Desktop Engaged
4314872145871304765,Organic Search,desktop,1,21.0,19.0,0.0,0.0,0,Desktop Engaged
4318859395681595778,Referral,desktop,2,12.0,10.0,0.0,0.0,0,Desktop Engaged
4319698081839959433,Referral,desktop,2,23.5,18.0,0.0,0.0,0,Desktop Engaged
4322762657980853938,Referral,desktop,4,16.0,15.0,0.0,0.0,1,Desktop Frecuente
4324036367604282346,Organic Search,desktop,1,24.0,22.0,0.0,0.0,0,Desktop Engaged
4324484121871564106,Referral,desktop,12,17.5,13.5,0.0833333333333333,0.0,1,Desktop Frecuente
4325415510422843451,Direct,desktop,1,14.0,14.0,0.0,1.0,2,Weekend Warriors
4325998729164340055,Direct,desktop,2,17.5,15.5,0.0,0.5,2,Weekend Warriors
4327496999674034617,Organic Search,desktop,1,23.0,23.0,0.0,0.0,0,Desktop Engaged
4329333920504195521,Direct,desktop,1,68.0,57.0,0.0,0.0,0,Desktop Engaged
4329684992044034266,Paid Search,desktop,5,4.0,4.0,0.2,0.4,1,Desktop Frecuente
4329830409734500602,Direct,desktop,7,11.0,5.0,0.1428571428571428,0.0,1,Desktop Frecuente
4332637852472133654,Referral,desktop,4,8.0,5.5,0.25,0.0,1,Desktop Frecuente
4332670999936880007,Organic Search,desktop,5,6.0,5.0,0.0,0.0,1,Desktop Frecuente
4332781117641254031,Organic Search,desktop,5,17.5,15.5,0.0,0.5,1,Desktop Frecuente
4334012559135160920,Organic Search,desktop,2,27.0,25.0,0.0,0.0,0,Desktop Engaged
4339064982507273483,Organic Search,desktop,1,38.0,32.0,0.0,0.0,0,Desktop Engaged
4339455188225542344,Direct,desktop,1,10.0,9.0,0.0,0.0,0,Desktop Engaged
4339698568683618436,Direct,desktop,1,44.0,18.0,0.0,1.0,2,Weekend Warriors
4339833158630561552,Referral,desktop,2,28.5,21.5,0.0,0.5,2,Weekend Warriors
4342697178095745256,Paid Search,desktop,2,65.0,46.5,0.0,0.5,2,Weekend Warriors
4343338159400542614,Direct,mobile,1,15.0,11.0,0.0,0.0,3,Mobile Users
4345063544012377407,Organic Search,desktop,1,18.0,16.0,0.0,0.0,0,Desktop Engaged
4345770444854846870,Referral,desktop,1,20.0,17.0,0.0,0.0,0,Desktop Engaged
4348096254147373029,Organic Search,desktop,1,19.0,16.0,0.0,0.0,0,Desktop Engaged
4348116835097503330,Referral,desktop,3,2.0,2.0,0.3333333333333333,0.0,1,Desktop Frecuente
4348410205666534917,Referral,desktop,4,21.0,19.0,0.0,0.0,1,Desktop Frecuente
4350312433518754361,Referral,desktop,1,14.0,14.0,0.0,0.0,0,Desktop Engaged
4350546148558386158,Referral,desktop,1,59.0,41.0,0.0,0.0,0,Desktop Engaged
4352760646905266733,Direct,desktop,2,37.0,27.0,0.0,0.0,0,Desktop Engaged
4353126810797265189,Organic Search,desktop,1,30.0,24.0,0.0,0.0,0,Desktop Engaged
4353270075467470044,Direct,desktop,2,7.0,6.5,0.0,0.0,1,Desktop Frecuente
4357414011161520512,Organic Search,mobile,1,12.0,10.0,0.0,0.0,3,Mobile Users
4357979221262116405,Organic Search,desktop,3,12.0,6.0,0.3333333333333333,0.0,1,Desktop Frecuente
4358453897603927593,Organic Search,desktop,2,39.0,27.5,0.5,1.0,2,Weekend Warriors
4358918846442674981,Referral,desktop,12,18.0,13.5,0.0833333333333333,0.25,1,Desktop Frecuente
4359929883683645809,Referral,desktop,28,7.5,6.0,0.0714285714285714,0.2857142857142857,1,Desktop Frecuente
4362730247925977615,Referral,desktop,3,20.0,16.0,0.0,0.0,0,Desktop Engaged
4362809979067745350,Referral,desktop,12,10.0,7.5,0.0833333333333333,0.0,1,Desktop Frecuente
4365071413867867273,Social,desktop,3,12.0,11.0,0.0,0.0,1,Desktop Frecuente
4365809776716151144,Display,desktop,2,14.5,10.0,0.0,0.0,0,Desktop Engaged
4370268639929292773,Organic Search,desktop,5,8.0,8.0,0.0,0.4,1,Desktop Frecuente
4370296679036736835,Referral,desktop,6,13.0,10.5,0.1666666666666666,0.6666666666666666,1,Desktop Frecuente
4371319639324019730,Referral,desktop,5,6.0,4.0,0.0,0.0,1,Desktop Frecuente
4371806327295062454,Referral,desktop,1,19.0,17.0,0.0,0.0,0,Desktop Engaged
4373501148978271685,Referral,desktop,1,59.0,46.0,0.0,0.0,0,Desktop Engaged
4373534575888961818,Direct,desktop,1,171.0,119.0,0.0,0.0,0,Desktop Engaged
4374634500110118515,Referral,desktop,3,7.0,7.0,0.3333333333333333,0.0,1,Desktop Frecuente
4375149336105085675,Direct,desktop,2,16.0,14.0,0.5,0.0,1,Desktop Frecuente
4376158803023079782,Organic Search,desktop,3,6.0,6.0,0.0,0.3333333333333333,1,Desktop Frecuente
4376369621294658596,Organic Search,desktop,3,11.0,7.0,0.3333333333333333,0.0,1,Desktop Frecuente
4376572204985925602,Organic Search,mobile,20,6.0,6.0,0.15,0.05,3,Mobile Users
4376657928797914165,Referral,desktop,1,14.0,14.0,0.0,0.0,0,Desktop Engaged
4377180576553392275,Organic Search,tablet,1,76.0,61.0,0.0,1.0,2,Weekend Warriors
4377229152478614182,Referral,desktop,3,21.0,18.0,0.0,0.0,0,Desktop Engaged
4377378313866337368,Organic Search,mobile,1,55.0,41.0,0.0,0.0,3,Mobile Users
4380984667405798973,Referral,desktop,3,3.0,3.0,0.0,0.0,1,Desktop Frecuente
4381707062146143113,Referral,desktop,5,8.0,8.0,0.0,0.0,1,Desktop Frecuente
4381924550753289334,Organic Search,desktop,2,53.5,38.0,0.0,0.0,0,Desktop Engaged
4382298785216499010,Organic Search,desktop,1,17.0,17.0,0.0,1.0,2,Weekend Warriors
4382526488958111784,Organic Search,desktop,5,53.0,41.0,0.0,0.0,0,Desktop Engaged
4383455217267900846,Direct,desktop,3,12.0,11.0,0.0,0.0,1,Desktop Frecuente
4384177385642210717,Referral,desktop,1,46.0,37.0,0.0,0.0,0,Desktop Engaged
4386291735542740499,Direct,desktop,1,17.0,15.0,0.0,0.0,0,Desktop Engaged
4386324166188241612,Organic Search,desktop,9,1.0,1.0,0.6666666666666666,0.1111111111111111,1,Desktop Frecuente
4387148615014504940,Referral,desktop,3,32.0,22.0,0.0,0.0,0,Desktop Engaged
4388070466320474204,Organic Search,desktop,2,41.5,30.0,0.0,0.0,0,Desktop Engaged
4388449500360008950,Direct,desktop,19,2.0,2.0,0.1052631578947368,0.0526315789473684,1,Desktop Frecuente
4389061038717475365,Direct,desktop,1,62.0,45.0,0.0,0.0,0,Desktop Engaged
4389802785459743912,Referral,desktop,1,51.0,37.0,0.0,1.0,2,Weekend Warriors
4390937504431620724,Referral,desktop,3,4.0,2.0,0.0,0.0,1,Desktop Frecuente
4391159742781809610,Organic Search,desktop,2,16.5,14.0,0.0,0.0,0,Desktop Engaged
4391405793651473419,Direct,desktop,3,23.0,18.0,0.0,0.0,0,Desktop Engaged
4391647281645962679,Paid Search,desktop,8,2.0,2.0,0.375,0.125,1,Desktop Frecuente
4391920938803045261,Referral,desktop,2,26.0,18.0,0.0,0.0,0,Desktop Engaged
4394657957253741368,Organic Search,desktop,3,28.0,16.0,0.0,1.0,2,Weekend Warriors
4395471984561333181,Direct,mobile,1,15.0,14.0,0.0,0.0,3,Mobile Users
4395896663902576097,Referral,mobile,3,5.0,4.0,0.0,0.3333333333333333,3,Mobile Users
4398994773380602997,Organic Search,mobile,1,18.0,18.0,0.0,0.0,3,Mobile Users
4402743200656460463,Organic Search,mobile,9,5.0,5.0,0.1111111111111111,0.0,3,Mobile Users
4402860754109907978,Organic Search,desktop,1,19.0,16.0,0.0,0.0,0,Desktop Engaged
4403455987499606429,Referral,desktop,13,4.0,4.0,0.1538461538461538,0.1538461538461538,1,Desktop Frecuente
4406321641138445418,Organic Search,desktop,2,50.5,37.0,0.0,0.0,0,Desktop Engaged
4408476978270760703,Direct,desktop,2,20.0,15.5,0.0,0.0,0,Desktop Engaged
4408662176448539530,Direct,desktop,1,12.0,10.0,0.0,0.0,0,Desktop Engaged
4410953563194536742,Referral,desktop,1,37.0,17.0,0.0,0.0,0,Desktop Engaged
4412900685343047350,Referral,desktop,9,7.0,7.0,0.0,0.0,1,Desktop Frecuente
4413968907074981189,Direct,desktop,4,6.5,5.5,0.25,0.0,1,Desktop Frecuente
4415138848494007759,Referral,desktop,2,26.5,20.0,0.0,0.0,0,Desktop Engaged
4417423808310929192,Organic Search,desktop,3,13.0,11.0,0.0,0.0,1,Desktop Frecuente
4417750678655446023,Referral,desktop,5,2.0,2.0,0.2,0.0,1,Desktop Frecuente
4417987816137194149,Direct,desktop,1,15.0,14.0,0.0,0.0,0,Desktop Engaged
4419213333970429526,Referral,desktop,4,3.0,3.0,0.25,0.0,1,Desktop Frecuente
4422460864147269736,Direct,desktop,2,26.5,20.0,0.0,0.5,2,Weekend Warriors
4422531930916613183,Direct,desktop,4,7.5,7.5,0.0,0.0,1,Desktop Frecuente
4423806705087796169,Organic Search,desktop,5,12.0,10.0,0.0,0.0,1,Desktop Frecuente
4424722344312683203,Direct,desktop,1,13.0,12.0,0.0,0.0,0,Desktop Engaged
4426059530155526122,Referral,desktop,4,4.0,3.5,0.0,0.25,1,Desktop Frecuente
4427381882720196561,Organic Search,desktop,1,19.0,17.0,0.0,0.0,0,Desktop Engaged
4427647251308274607,Referral,desktop,2,25.5,20.0,0.0,0.0,0,Desktop Engaged
4430452910179443591,Referral,desktop,3,12.0,9.0,0.0,0.0,1,Desktop Frecuente
4430495660349859608,Referral,desktop,5,5.0,5.0,0.0,0.0,1,Desktop Frecuente
4431313163178462684,Referral,desktop,1,23.0,21.0,0.0,0.0,0,Desktop Engaged
4431613847072004484,Organic Search,desktop,1,172.0,129.0,0.0,1.0,2,Weekend Warriors
4432170800264031771,Organic Search,desktop,6,22.5,17.5,0.1666666666666666,0.0,1,Desktop Frecuente
4433326148988100298,Referral,desktop,2,34.0,25.5,0.0,1.0,2,Weekend Warriors
4434546824564001977,Referral,desktop,1,18.0,14.0,0.0,1.0,2,Weekend Warriors
4434685294441627537,Direct,desktop,2,21.0,17.0,0.5,0.0,0,Desktop Engaged
4435702753292959389,Organic Search,mobile,2,10.5,9.5,0.5,0.0,3,Mobile Users
4435754179541464606,Organic Search,desktop,1,47.0,37.0,0.0,0.0,0,Desktop Engaged
4438771378166633435,Referral,desktop,1,34.0,27.0,0.0,0.0,0,Desktop Engaged
4439256652059416237,Referral,desktop,3,7.0,7.0,0.0,0.0,1,Desktop Frecuente
4440722243417687000,Referral,desktop,3,8.0,6.0,0.3333333333333333,0.0,1,Desktop Frecuente
4441729183468485984,Referral,desktop,2,28.0,22.5,0.0,0.0,0,Desktop Engaged
4443844275167853665,Direct,desktop,1,15.0,11.0,0.0,1.0,2,Weekend Warriors
4443963979157579061,Referral,desktop,3,11.0,8.0,0.0,0.3333333333333333,1,Desktop Frecuente
4445678624242926919,Referral,desktop,2,62.0,41.0,0.0,0.0,0,Desktop Engaged
4445974487978885060,Direct,desktop,1,32.0,26.0,0.0,0.0,0,Desktop Engaged
4447376418318165565,Referral,desktop,1,19.0,16.0,0.0,0.0,0,Desktop Engaged
4448909175588119772,Organic Search,desktop,1,23.0,21.0,0.0,1.0,2,Weekend Warriors
4449823229608218315,Direct,desktop,2,9.0,8.0,0.0,0.0,1,Desktop Frecuente
4451908991574636222,Direct,desktop,6,7.0,7.0,0.0,0.0,1,Desktop Frecuente
4452394555375070876,Referral,desktop,4,11.0,9.0,0.0,0.25,1,Desktop Frecuente
4454245994662532846,Organic Search,desktop,5,9.0,7.0,0.0,0.2,1,Desktop Frecuente
4456079065742860006,Organic Search,desktop,23,1.0,1.0,0.5652173913043478,0.1739130434782608,1,Desktop Frecuente
4456701336321472765,Referral,desktop,1,31.0,26.0,0.0,0.0,0,Desktop Engaged
4458329221243726234,Referral,desktop,13,8.0,6.0,0.1538461538461538,0.3846153846153846,1,Desktop Frecuente
4460562484368912716,Display,desktop,3,9.0,8.0,0.0,0.0,1,Desktop Frecuente
4462274192949654186,Paid Search,desktop,1,31.0,24.0,0.0,0.0,0,Desktop Engaged
4462376447791430431,Organic Search,desktop,1,13.0,13.0,0.0,0.0,0,Desktop Engaged
4462404968773429244,Referral,desktop,1,29.0,28.0,0.0,1.0,2,Weekend Warriors
4462569127423521108,Referral,desktop,2,30.5,19.5,0.0,0.0,0,Desktop Engaged
4463337271590211636,Referral,desktop,3,4.0,4.0,0.3333333333333333,0.0,1,Desktop Frecuente
4464961438459587947,Organic Search,desktop,2,49.5,30.5,0.0,0.0,0,Desktop Engaged
4465770359538839729,Referral,desktop,2,51.5,45.5,0.0,0.0,0,Desktop Engaged
4471415710206918415,Referral,desktop,34,5.0,4.5,0.1764705882352941,0.0,1,Desktop Frecuente
4472237796351838305,Direct,desktop,1,31.0,27.0,0.0,0.0,0,Desktop Engaged
4473177961901728664,Referral,desktop,7,3.0,3.0,0.2857142857142857,0.0,1,Desktop Frecuente
4474128110841843619,Direct,desktop,1,22.0,18.0,0.0,0.0,0,Desktop Engaged
4474580511359381331,Organic Search,desktop,3,13.0,9.0,0.3333333333333333,0.0,1,Desktop Frecuente
4475085991365888558,Referral,desktop,2,44.0,31.0,0.0,0.5,2,Weekend Warriors
4478479912827632829,Organic Search,desktop,1,68.0,49.0,0.0,1.0,2,Weekend Warriors
4478485114168698618,Organic Search,desktop,7,17.0,11.0,0.1428571428571428,0.0,1,Desktop Frecuente
4479691304452949746,Organic Search,desktop,4,9.5,9.0,0.25,0.0,1,Desktop Frecuente
4482154652839439582,Organic Search,desktop,3,18.0,15.0,0.0,0.0,0,Desktop Engaged
4482624745886118154,Referral,desktop,4,31.0,23.0,0.25,0.0,0,Desktop Engaged
4485584998912315434,Direct,desktop,1,13.0,11.0,0.0,0.0,0,Desktop Engaged
4488234939678302618,Referral,desktop,11,9.0,9.0,0.0,0.0,1,Desktop Frecuente
4488478628973665084,Organic Search,desktop,3,10.0,9.0,0.3333333333333333,0.3333333333333333,1,Desktop Frecuente
4489469345873839091,Direct,desktop,1,21.0,20.0,0.0,0.0,0,Desktop Engaged
4490616705875483786,Display,desktop,2,28.5,21.5,0.0,0.0,0,Desktop Engaged
4490879733075581588,Direct,mobile,3,3.0,3.0,0.3333333333333333,1.0,3,Mobile Users
4495063769575332986,Organic Search,desktop,3,8.0,7.0,0.3333333333333333,0.0,1,Desktop Frecuente
4495098615981928560,Referral,desktop,3,4.0,3.0,0.0,0.0,1,Desktop Frecuente
4497523886443399219,Referral,desktop,2,30.5,24.5,0.0,0.0,0,Desktop Engaged
4498676906009083606,Referral,desktop,2,15.0,12.0,0.0,0.0,0,Desktop Engaged
4499128890906609679,Referral,desktop,1,17.0,15.0,0.0,0.0,0,Desktop Engaged
4499382041484859324,Direct,desktop,2,20.5,18.5,0.0,0.0,0,Desktop Engaged
4500813416619590526,Direct,desktop,5,1.0,1.0,0.6,0.0,1,Desktop Frecuente
4501448098783068461,Referral,desktop,4,14.0,12.0,0.0,0.0,1,Desktop Frecuente
4502934247228309817,Organic Search,desktop,4,7.5,7.5,0.25,0.0,1,Desktop Frecuente
4503947888969674643,Direct,tablet,1,15.0,13.0,0.0,0.0,3,Mobile Users
4504720902999431932,Organic Search,desktop,1,13.0,11.0,0.0,0.0,0,Desktop Engaged
4509141952596688546,Organic Search,desktop,2,23.0,20.0,0.0,0.0,0,Desktop Engaged
4511547826484000719,Organic Search,desktop,1,23.0,21.0,0.0,0.0,0,Desktop Engaged
4511704618243693613,Organic Search,desktop,3,3.0,3.0,0.0,0.3333333333333333,1,Desktop Frecuente
4512152398665199247,Direct,desktop,2,48.5,31.5,0.0,0.0,0,Desktop Engaged
4512552525905758357,Direct,desktop,2,47.5,32.0,0.0,0.0,0,Desktop Engaged
4512969350538932302,Organic Search,desktop,1,20.0,18.0,0.0,0.0,0,Desktop Engaged
4515197722749947898,Referral,desktop,1,38.0,30.0,0.0,1.0,2,Weekend Warriors
4516401350846808786,Referral,desktop,2,12.0,11.0,0.5,0.0,1,Desktop Frecuente
4518084412353571470,Direct,desktop,29,3.0,3.0,0.3448275862068966,0.0689655172413793,1,Desktop Frecuente
4518093133301401749,Organic Search,desktop,9,2.0,2.0,0.3333333333333333,0.0,1,Desktop Frecuente
4518628046013042037,Referral,desktop,1,48.0,37.0,0.0,0.0,0,Desktop Engaged
4519532330271293397,Referral,desktop,9,10.0,7.0,0.2222222222222222,0.0,1,Desktop Frecuente
4520968716061695864,Organic Search,desktop,7,6.0,5.0,0.1428571428571428,0.2857142857142857,1,Desktop Frecuente
4525326450497146494,Organic Search,desktop,3,6.0,6.0,0.0,0.0,1,Desktop Frecuente
4525480404637930448,Direct,desktop,1,13.0,13.0,0.0,0.0,0,Desktop Engaged
4525601131116258606,Referral,desktop,1,31.0,25.0,0.0,0.0,0,Desktop Engaged
4527278298555506420,Referral,desktop,1,36.0,27.0,0.0,0.0,0,Desktop Engaged
4527632410179600927,Organic Search,desktop,2,67.5,50.0,0.0,1.0,2,Weekend Warriors
4528653182961606768,Organic Search,desktop,1,15.0,13.0,0.0,0.0,0,Desktop Engaged
4529245720390475345,Referral,desktop,1,13.0,13.0,0.0,0.0,0,Desktop Engaged
4530153590058587596,Organic Search,desktop,1,34.0,28.0,0.0,1.0,2,Weekend Warriors
4531006492297832379,Direct,desktop,2,8.5,8.0,0.0,0.0,1,Desktop Frecuente
4531247843823782323,Organic Search,desktop,9,16.0,14.0,0.1111111111111111,0.0,1,Desktop Frecuente
4531509922177171032,Organic Search,desktop,3,1.0,1.0,0.6666666666666666,0.3333333333333333,1,Desktop Frecuente
4531918958295106898,Paid Search,desktop,1,16.0,16.0,0.0,0.0,0,Desktop Engaged
4533050097351388791,Display,desktop,2,23.0,18.0,0.0,0.0,0,Desktop Engaged
4534000853584837474,Referral,desktop,2,22.5,17.5,0.0,0.0,0,Desktop Engaged
4535350832012629526,Referral,desktop,1,30.0,24.0,0.0,0.0,0,Desktop Engaged
4535878237328113213,Direct,mobile,1,21.0,21.0,0.0,0.0,3,Mobile Users
4536077373458123773,Direct,desktop,3,14.0,12.0,0.3333333333333333,0.0,1,Desktop Frecuente
4537734029074486595,Referral,desktop,1,13.0,11.0,0.0,0.0,0,Desktop Engaged
4539597857733998702,Organic Search,desktop,1,41.0,31.0,0.0,0.0,0,Desktop Engaged
4540509568993725359,Referral,desktop,3,6.0,6.0,0.0,0.0,1,Desktop Frecuente
4542156974297902351,Direct,desktop,1,11.0,11.0,0.0,0.0,0,Desktop Engaged
4544075373074742738,Referral,desktop,9,13.0,10.0,0.0,0.0,1,Desktop Frecuente
4544326774395648224,Referral,desktop,3,80.0,54.0,0.3333333333333333,1.0,2,Weekend Warriors
4545152794461452964,Direct,desktop,1,15.0,14.0,0.0,0.0,0,Desktop Engaged
4545496229316622796,Referral,desktop,2,23.0,18.5,0.0,0.0,0,Desktop Engaged
4546709106289949880,Referral,desktop,1,23.0,20.0,0.0,0.0,0,Desktop Engaged
4548268602116445081,Organic Search,desktop,3,9.0,9.0,0.0,0.0,1,Desktop Frecuente
4548523148385419281,Referral,desktop,4,4.5,4.0,0.25,0.0,1,Desktop Frecuente
4548615784771221404,Organic Search,desktop,6,15.0,7.5,0.0,0.0,1,Desktop Frecuente
4548986347672972514,Organic Search,desktop,4,6.0,6.0,0.0,0.0,1,Desktop Frecuente
4552275222012095884,Referral,desktop,3,5.0,5.0,0.0,0.3333333333333333,1,Desktop Frecuente
4554186249452816477,Referral,desktop,5,13.0,11.0,0.0,0.0,1,Desktop Frecuente
4556039598367991486,Referral,desktop,2,34.0,27.0,0.0,0.0,0,Desktop Engaged
4556558249259382273,Referral,desktop,2,21.5,17.5,0.0,0.0,0,Desktop Engaged
4558105233287956143,Referral,desktop,1,38.0,32.0,0.0,0.0,0,Desktop Engaged
4559937413688663213,Referral,desktop,2,14.5,14.5,0.0,0.0,0,Desktop Engaged
4560048854801219223,Referral,desktop,4,9.5,7.5,0.25,0.0,1,Desktop Frecuente
4560598885300753163,Organic Search,desktop,6,2.0,2.0,0.5,0.0,1,Desktop Frecuente
4561220792335536422,Referral,desktop,4,14.5,9.5,0.25,0.0,1,Desktop Frecuente
4561223317257088622,Referral,desktop,5,12.0,10.0,0.0,0.0,1,Desktop Frecuente
4563888597277798832,Direct,mobile,1,19.0,16.0,0.0,0.0,3,Mobile Users
4566348072922735662,Referral,desktop,3,22.0,20.0,0.3333333333333333,0.0,1,Desktop Frecuente
4567822975372156618,Direct,desktop,3,30.0,22.0,0.3333333333333333,0.0,0,Desktop Engaged
4569545618749569491,Referral,desktop,5,3.0,3.0,0.0,0.0,1,Desktop Frecuente
4570976451995896965,Referral,desktop,3,5.0,5.0,0.0,0.0,1,Desktop Frecuente
4571278149582877432,Social,desktop,1,17.0,17.0,0.0,0.0,0,Desktop Engaged
4572473880059546924,Referral,desktop,6,2.5,2.0,0.5,0.0,1,Desktop Frecuente
4573492063530196162,Referral,desktop,2,25.5,19.5,0.0,0.0,0,Desktop Engaged
4574431826625163321,Affiliates,desktop,2,15.5,13.5,0.0,0.0,0,Desktop Engaged
4575673525064621239,Organic Search,desktop,1,24.0,20.0,0.0,1.0,2,Weekend Warriors
4576899251593207371,Direct,desktop,2,15.0,12.5,0.0,0.0,0,Desktop Engaged
4577377706293036618,Direct,desktop,1,14.0,14.0,0.0,0.0,0,Desktop Engaged
4578640586284138624,Direct,desktop,81,6.0,5.0,0.2469135802469135,0.0,1,Desktop Frecuente
4580502273723821061,Referral,desktop,3,1.0,1.0,0.6666666666666666,0.0,1,Desktop Frecuente
4583098107684907921,Referral,desktop,4,15.0,10.0,0.25,0.0,1,Desktop Frecuente
4583845190402124485,Organic Search,desktop,3,9.0,6.0,0.0,0.0,1,Desktop Frecuente
4584926842212769645,Organic Search,mobile,3,4.0,4.0,0.0,0.3333333333333333,3,Mobile Users
4584928655327301095,Direct,desktop,2,16.5,14.5,0.5,0.0,1,Desktop Frecuente
4586209916232697951,Referral,desktop,5,14.0,12.0,0.2,0.2,1,Desktop Frecuente
4587210925935196615,Organic Search,mobile,2,16.0,14.0,0.0,1.0,3,Mobile Users
4587300217226571258,Social,desktop,3,33.0,26.0,0.0,0.3333333333333333,0,Desktop Engaged
4588796231145389827,Paid Search,mobile,5,4.0,4.0,0.0,0.2,3,Mobile Users
4589600625729389981,Direct,desktop,1,12.0,11.0,0.0,0.0,0,Desktop Engaged
4589770341349031986,Organic Search,desktop,3,4.0,4.0,0.0,0.0,1,Desktop Frecuente
4590648138044772597,Direct,desktop,1,18.0,17.0,0.0,0.0,0,Desktop Engaged
4593551567898241658,Referral,desktop,6,6.5,6.5,0.0,0.0,1,Desktop Frecuente
4593703173847947843,Organic Search,desktop,1,32.0,25.0,0.0,0.0,0,Desktop Engaged
4596484910104126355,Referral,desktop,4,5.0,4.0,0.5,0.5,1,Desktop Frecuente
4596534412913426333,Organic Search,desktop,1,27.0,24.0,0.0,0.0,0,Desktop Engaged
4598118840866939868,Referral,desktop,3,12.0,11.0,0.0,0.0,1,Desktop Frecuente
4598717407161618263,Referral,desktop,3,8.0,5.0,0.0,0.0,1,Desktop Frecuente
4599293151185767579,Referral,desktop,6,20.5,16.0,0.0,0.0,1,Desktop Frecuente
4600436186837518358,Referral,desktop,4,7.0,5.0,0.25,0.0,1,Desktop Frecuente
4600960627022225242,Organic Search,desktop,1,28.0,24.0,0.0,0.0,0,Desktop Engaged
4601287963367214394,Referral,desktop,5,22.0,20.0,0.0,0.0,1,Desktop Frecuente
4602142208346429038,Organic Search,desktop,1,48.0,37.0,0.0,0.0,0,Desktop Engaged
4602383891226401804,Organic Search,desktop,17,25.0,18.0,0.2941176470588235,0.1176470588235294,1,Desktop Frecuente
4604965471651937146,Direct,desktop,3,6.0,6.0,0.0,0.0,1,Desktop Frecuente
4605732283887224691,Referral,desktop,13,8.0,6.0,0.0,0.0,1,Desktop Frecuente
4606500893659686682,Referral,desktop,2,14.0,12.0,0.0,0.0,0,Desktop Engaged
4609004095369993884,Referral,desktop,6,5.0,5.0,0.0,0.0,1,Desktop Frecuente
4609567165020263168,Referral,desktop,9,10.0,7.0,0.1111111111111111,0.5555555555555556,1,Desktop Frecuente
4611888827983385850,Referral,desktop,4,12.5,11.0,0.0,0.5,1,Desktop Frecuente
4612789834281203555,Organic Search,mobile,2,14.0,10.0,0.0,0.0,3,Mobile Users
4613028274025406966,Direct,desktop,11,1.0,1.0,0.6363636363636364,0.0,1,Desktop Frecuente
4613547766859466698,Referral,desktop,4,14.0,10.5,0.0,0.0,1,Desktop Frecuente
4615176639539455551,Referral,desktop,1,38.0,34.0,0.0,0.0,0,Desktop Engaged
4615467220494146394,Organic Search,desktop,3,31.0,26.0,0.0,0.3333333333333333,0,Desktop Engaged
4616794579619589934,Referral,desktop,1,38.0,32.0,0.0,0.0,0,Desktop Engaged
4617679704597084257,Referral,desktop,2,53.5,41.5,0.0,0.0,0,Desktop Engaged
4618841741549642814,Referral,desktop,2,11.0,9.5,0.5,0.0,1,Desktop Frecuente
4618938783388951743,Referral,desktop,5,6.0,6.0,0.2,0.0,1,Desktop Frecuente
4619500155076123195,Referral,desktop,3,11.0,8.0,0.0,0.0,1,Desktop Frecuente
4621936357749469927,Referral,desktop,3,17.0,15.0,0.0,0.0,0,Desktop Engaged
4623397335807191742,Organic Search,mobile,9,5.0,4.0,0.3333333333333333,0.3333333333333333,3,Mobile Users
4624790961997446284,Organic Search,desktop,11,16.0,13.0,0.0,0.2727272727272727,1,Desktop Frecuente
4625952167494304032,Referral,desktop,4,3.0,3.0,0.25,0.0,1,Desktop Frecuente
4626142310562755511,Direct,desktop,1,14.0,13.0,0.0,0.0,0,Desktop Engaged
4626256438410154733,Referral,desktop,1,19.0,17.0,0.0,0.0,0,Desktop Engaged
4627109469264515269,Referral,desktop,1,27.0,21.0,0.0,1.0,2,Weekend Warriors
4631129802514106099,Referral,desktop,1,20.0,15.0,0.0,0.0,0,Desktop Engaged
4631387008230942901,Organic Search,desktop,1,32.0,26.0,0.0,1.0,2,Weekend Warriors
4632705432965404799,Referral,desktop,5,6.0,6.0,0.0,0.0,1,Desktop Frecuente
4633246963360830872,Direct,desktop,9,2.0,2.0,0.2222222222222222,0.0,1,Desktop Frecuente
4633520197382116286,Organic Search,desktop,2,24.5,17.0,0.0,0.5,2,Weekend Warriors
4633732335432230842,Organic Search,desktop,2,11.0,10.5,0.0,0.0,0,Desktop Engaged
4636131731638181227,Referral,desktop,2,21.0,9.5,0.0,0.0,0,Desktop Engaged
4636139656248532582,Organic Search,desktop,3,1.0,1.0,0.6666666666666666,0.0,1,Desktop Frecuente
4640309372934566564,Referral,desktop,5,5.0,5.0,0.0,0.0,1,Desktop Frecuente
4644372853613585003,Organic Search,desktop,2,17.0,13.0,0.0,0.0,0,Desktop Engaged
4644922004575301985,Organic Search,desktop,1,33.0,29.0,0.0,0.0,0,Desktop Engaged
4645887311877010328,Referral,desktop,2,21.0,17.0,0.0,0.0,0,Desktop Engaged
4646087283742071705,Direct,desktop,7,9.0,9.0,0.1428571428571428,0.0,1,Desktop Frecuente
4647505914839180188,Referral,desktop,6,20.5,19.5,0.0,0.1666666666666666,1,Desktop Frecuente
4647847058075406841,Referral,desktop,4,4.0,3.5,0.25,0.0,1,Desktop Frecuente
4648414726793828042,Direct,mobile,3,1.0,1.0,0.6666666666666666,0.0,3,Mobile Users
4649260019813877434,Referral,desktop,1,10.0,10.0,0.0,1.0,2,Weekend Warriors
4649753996022733454,Referral,desktop,3,15.0,14.0,0.0,0.0,1,Desktop Frecuente
4651661279125746889,Direct,desktop,1,10.0,10.0,0.0,0.0,0,Desktop Engaged
4652788532519261576,Paid Search,desktop,5,13.0,12.0,0.4,1.0,1,Desktop Frecuente
4653438980882969827,Paid Search,desktop,2,18.0,14.5,0.0,0.0,0,Desktop Engaged
4653450181499930693,Organic Search,desktop,1,18.0,16.0,0.0,0.0,0,Desktop Engaged
4655118610930382512,Direct,desktop,5,13.0,12.0,0.0,0.0,1,Desktop Frecuente
4655370901384105026,Direct,desktop,1,19.0,17.0,0.0,0.0,0,Desktop Engaged
4655715907193364487,Referral,desktop,9,2.0,2.0,0.4444444444444444,0.1111111111111111,1,Desktop Frecuente
4655749242535722816,Direct,desktop,3,10.0,10.0,0.0,0.0,1,Desktop Frecuente
4656013451214852982,Referral,desktop,6,26.5,20.5,0.0,0.0,1,Desktop Frecuente
4656286722064696063,Referral,desktop,1,29.0,25.0,0.0,0.0,0,Desktop Engaged
4657067382048340368,Referral,desktop,6,8.0,5.5,0.3333333333333333,0.0,1,Desktop Frecuente
4659137506040378751,Direct,tablet,1,58.0,36.0,0.0,0.0,3,Mobile Users
4660460246407615039,Organic Search,desktop,2,22.5,20.0,0.0,0.0,0,Desktop Engaged
4660934654916749166,Referral,desktop,5,9.0,9.0,0.0,0.0,1,Desktop Frecuente
4661056240589055665,Organic Search,desktop,2,6.5,6.0,0.5,0.0,1,Desktop Frecuente
4661880463561390701,Referral,desktop,1,10.0,10.0,0.0,0.0,0,Desktop Engaged
4662582475416192396,Organic Search,desktop,4,10.5,10.0,0.0,0.0,1,Desktop Frecuente
4662880478046439018,Organic Search,desktop,1,41.0,30.0,0.0,0.0,0,Desktop Engaged
4664043776873529741,Direct,desktop,1,12.0,11.0,0.0,1.0,2,Weekend Warriors
4664319107970739921,Direct,desktop,10,8.0,7.5,0.0,0.0,1,Desktop Frecuente
4664485260834992023,Referral,desktop,1,43.0,26.0,0.0,0.0,0,Desktop Engaged
4666942141268151409,Direct,desktop,1,107.0,83.0,0.0,1.0,2,Weekend Warriors
4669628548646471061,Referral,desktop,4,8.5,6.5,0.25,0.0,1,Desktop Frecuente
4670469315542047941,Direct,desktop,1,29.0,21.0,0.0,0.0,0,Desktop Engaged
4670562610066629948,Organic Search,mobile,3,5.0,5.0,0.0,0.3333333333333333,3,Mobile Users
4671049020900082348,Referral,desktop,6,14.5,13.5,0.1666666666666666,0.1666666666666666,1,Desktop Frecuente
4672677457109865399,Referral,desktop,5,10.0,9.0,0.0,0.4,1,Desktop Frecuente
4673385160566403214,Organic Search,desktop,1,19.0,16.0,0.0,0.0,0,Desktop Engaged
4674060299220423324,Referral,desktop,5,9.0,7.0,0.0,0.0,1,Desktop Frecuente
4677742971872821654,Organic Search,desktop,1,146.0,110.0,0.0,0.0,0,Desktop Engaged
4680625557979147601,Referral,desktop,1,12.0,10.0,0.0,0.0,0,Desktop Engaged
4681864752414054401,Direct,mobile,2,20.0,14.0,0.5,0.5,3,Mobile Users
4683498388367209057,Organic Search,mobile,1,26.0,21.0,0.0,1.0,3,Mobile Users
4684616426602504491,Direct,desktop,1,52.0,40.0,0.0,0.0,0,Desktop Engaged
4685001858485495456,Display,desktop,2,13.5,13.5,0.5,0.0,1,Desktop Frecuente
4687536620631231250,Organic Search,desktop,1,51.0,42.0,0.0,0.0,0,Desktop Engaged
4688218153840595469,Organic Search,desktop,1,40.0,29.0,0.0,0.0,0,Desktop Engaged
4688701882146101937,Referral,desktop,3,10.0,10.0,0.3333333333333333,0.0,1,Desktop Frecuente
4691824911067935393,Referral,desktop,4,5.0,5.0,0.25,0.0,1,Desktop Frecuente
4692146566453742608,Organic Search,desktop,2,19.5,16.0,0.0,0.0,0,Desktop Engaged
4693422077502534585,Direct,desktop,1,33.0,26.0,0.0,0.0,0,Desktop Engaged
4693483789252266944,Organic Search,desktop,2,29.0,20.0,0.0,0.5,2,Weekend Warriors
4694443488552439139,Referral,desktop,3,15.0,12.0,0.0,0.3333333333333333,1,Desktop Frecuente
4697582732814209554,Referral,desktop,2,15.0,14.0,0.0,0.0,0,Desktop Engaged
4697640642260158273,Referral,desktop,7,7.0,7.0,0.0,0.1428571428571428,1,Desktop Frecuente
4697674744990809143,Organic Search,desktop,2,55.0,39.0,0.0,0.0,0,Desktop Engaged
4697761145388027132,Organic Search,desktop,1,11.0,11.0,0.0,0.0,0,Desktop Engaged
4697815412887719552,Referral,desktop,1,16.0,15.0,0.0,0.0,0,Desktop Engaged
4698134628151668241,Referral,desktop,3,32.0,24.0,0.0,0.0,0,Desktop Engaged
4700663332941210567,Organic Search,desktop,3,7.0,7.0,0.0,0.0,1,Desktop Frecuente
4702129911000860052,Organic Search,mobile,1,42.0,34.0,0.0,0.0,3,Mobile Users
4702152275640391466,Referral,desktop,3,11.0,7.0,0.0,0.0,1,Desktop Frecuente
4702607995709465702,Referral,desktop,2,47.0,29.0,0.0,1.0,2,Weekend Warriors
4704759198904427269,Referral,desktop,8,9.5,8.0,0.125,0.0,1,Desktop Frecuente
4705524295193430046,Referral,desktop,6,1.5,1.5,0.5,0.1666666666666666,1,Desktop Frecuente
4706268205340305980,Direct,desktop,2,15.0,10.5,0.0,0.0,0,Desktop Engaged
4708133624098231997,Referral,desktop,4,11.5,6.5,0.5,0.0,1,Desktop Frecuente
4709133566024199228,Organic Search,desktop,3,5.0,5.0,0.3333333333333333,0.0,1,Desktop Frecuente
4712475837504946789,Organic Search,desktop,4,12.0,11.0,0.0,0.25,1,Desktop Frecuente
4716582509715548824,Referral,desktop,2,12.5,12.0,0.0,0.0,0,Desktop Engaged
4717136695286769796,Referral,desktop,1,37.0,30.0,0.0,0.0,0,Desktop Engaged
4719180322983333316,Referral,desktop,2,19.0,14.0,0.5,0.0,0,Desktop Engaged
4719544208189358316,Organic Search,desktop,1,29.0,29.0,0.0,0.0,0,Desktop Engaged
4719737087574073999,Referral,desktop,2,12.5,9.5,0.0,0.0,0,Desktop Engaged
4720137602861399516,Direct,tablet,3,27.0,19.0,0.0,0.3333333333333333,3,Mobile Users
4724259822631281911,Referral,desktop,4,6.5,4.5,0.25,0.0,1,Desktop Frecuente
4724343029185512316,Organic Search,desktop,3,10.0,6.0,0.0,0.0,1,Desktop Frecuente
4726492604344692871,Organic Search,desktop,1,30.0,26.0,0.0,0.0,0,Desktop Engaged
4726621620185814943,Organic Search,desktop,1,14.0,12.0,0.0,0.0,0,Desktop Engaged
4727618215092772991,Referral,desktop,5,7.0,7.0,0.2,0.4,1,Desktop Frecuente
4727798162657055121,Referral,desktop,3,6.0,5.0,0.0,0.0,1,Desktop Frecuente
4730946449578884508,Referral,desktop,4,36.5,27.5,0.0,0.0,0,Desktop Engaged
4734664452187566278,Direct,desktop,14,8.5,7.0,0.0714285714285714,0.0714285714285714,1,Desktop Frecuente
4735021838862063499,Direct,desktop,2,13.0,11.5,0.0,0.0,0,Desktop Engaged
4736351096057315786,Organic Search,desktop,1,31.0,25.0,0.0,0.0,0,Desktop Engaged
4736380526797408461,Organic Search,desktop,2,105.5,69.5,0.5,0.0,0,Desktop Engaged
4736517287773460951,Referral,desktop,5,11.0,8.0,0.0,0.0,1,Desktop Frecuente
4736934688918195489,Organic Search,tablet,3,12.0,10.0,0.0,0.6666666666666666,3,Mobile Users
4737716055104076300,Referral,desktop,1,32.0,25.0,0.0,0.0,0,Desktop Engaged
4738075153873011166,Referral,desktop,2,34.0,25.5,0.0,0.0,0,Desktop Engaged
4739974666602376469,Referral,desktop,3,4.0,4.0,0.0,0.0,1,Desktop Frecuente
4740059017723921254,Organic Search,desktop,1,23.0,19.0,0.0,0.0,0,Desktop Engaged
4742516716194612125,Organic Search,desktop,1,38.0,17.0,0.0,0.0,0,Desktop Engaged
4742933285600029816,Direct,mobile,2,12.5,10.5,0.0,0.5,3,Mobile Users
4743363472657714234,Referral,desktop,2,29.5,24.5,0.0,1.0,2,Weekend Warriors
4744094275180680614,Direct,desktop,3,5.0,5.0,0.3333333333333333,0.0,1,Desktop Frecuente
4744180009883384959,Direct,desktop,3,5.0,5.0,0.3333333333333333,0.0,1,Desktop Frecuente
4744957427444301476,Organic Search,mobile,4,5.5,5.5,0.25,0.25,3,Mobile Users
4745541702702044442,Paid Search,desktop,10,4.5,4.5,0.3,0.1,1,Desktop Frecuente
4747307744317979027,Display,desktop,2,22.5,16.5,0.0,0.5,2,Weekend Warriors
4748015823262497744,Organic Search,desktop,1,29.0,23.0,0.0,0.0,0,Desktop Engaged
4749249531312034536,Direct,desktop,6,1.5,1.5,0.5,0.1666666666666666,1,Desktop Frecuente
4749611555735686064,Social,desktop,4,3.0,3.0,0.5,0.0,1,Desktop Frecuente
4750202728702828353,Organic Search,desktop,1,37.0,24.0,0.0,0.0,0,Desktop Engaged
4750281434233359843,Referral,desktop,1,42.0,38.0,0.0,0.0,0,Desktop Engaged
4750855305420445022,Referral,desktop,1,41.0,32.0,0.0,0.0,0,Desktop Engaged
4752092158330591703,Referral,desktop,11,7.0,7.0,0.0833333333333333,0.1666666666666666,1,Desktop Frecuente
4752567709813602757,Referral,desktop,8,9.0,8.5,0.0,0.0,1,Desktop Frecuente
4754092935415818645,Referral,desktop,29,5.0,4.0,0.0689655172413793,0.0689655172413793,1,Desktop Frecuente
4754359022938156115,Referral,desktop,1,59.0,48.0,0.0,0.0,0,Desktop Engaged
4754999393353711212,Referral,desktop,4,10.5,9.0,0.0,0.25,1,Desktop Frecuente
4755168908070236728,Referral,desktop,2,17.5,14.0,0.0,0.0,0,Desktop Engaged
4756749329689937971,Organic Search,desktop,1,43.0,33.0,0.0,1.0,2,Weekend Warriors
4757786080947166229,Direct,mobile,3,21.0,17.0,0.3333333333333333,0.6666666666666666,3,Mobile Users
4758004505760363513,Organic Search,desktop,2,17.5,15.0,0.0,0.0,0,Desktop Engaged
4758916657085060917,Referral,desktop,3,14.0,13.0,0.0,0.0,1,Desktop Frecuente
4759790457989419744,Direct,mobile,2,13.0,10.5,0.0,0.0,3,Mobile Users
4759811378386551901,Organic Search,desktop,1,20.0,17.0,0.0,0.0,0,Desktop Engaged
4759981878863963838,Direct,desktop,1,116.0,78.0,0.0,0.0,0,Desktop Engaged
4760104915716550241,Direct,desktop,1,21.0,21.0,0.0,1.0,2,Weekend Warriors
4760897960136355250,Referral,desktop,7,15.0,12.0,0.1428571428571428,0.0,1,Desktop Frecuente
4761684034404885691,Social,desktop,1,21.0,18.0,0.0,0.0,0,Desktop Engaged
4765001446497893727,Direct,desktop,2,12.0,9.5,0.5,0.0,1,Desktop Frecuente
4771113671766892657,Referral,desktop,7,14.0,11.0,0.0,0.0,1,Desktop Frecuente
4771214490771394294,Referral,desktop,1,27.0,21.0,0.0,0.0,0,Desktop Engaged
4773136139891314201,Organic Search,desktop,1,43.0,32.0,0.0,0.0,0,Desktop Engaged
4773573244753299893,Referral,desktop,4,48.0,34.0,0.0,0.25,0,Desktop Engaged
4774637035965571033,Referral,desktop,5,9.0,7.0,0.0,0.0,1,Desktop Frecuente
4774962189935177504,Organic Search,desktop,8,12.5,8.5,0.0,0.0,1,Desktop Frecuente
4776093048652012381,Organic Search,desktop,1,19.0,17.0,0.0,1.0,2,Weekend Warriors
4776430236860680101,Referral,desktop,7,5.0,5.0,0.0,0.1428571428571428,1,Desktop Frecuente
4785023226103851500,Referral,desktop,4,18.5,16.0,0.0,0.0,1,Desktop Frecuente
4785301051218469370,Organic Search,desktop,1,35.0,29.0,0.0,0.0,0,Desktop Engaged
4785716484578798827,Referral,desktop,5,4.0,4.0,0.0,0.0,1,Desktop Frecuente
4786162895403148605,Referral,desktop,4,14.5,12.5,0.25,0.0,1,Desktop Frecuente
4786631423539137051,Organic Search,desktop,1,40.0,28.0,0.0,0.0,0,Desktop Engaged
4787370740481074044,Organic Search,desktop,3,5.0,5.0,0.0,0.6666666666666666,1,Desktop Frecuente
4788403189075258589,Referral,desktop,4,33.0,25.0,0.0,0.5,2,Weekend Warriors
4788683874386053804,Organic Search,desktop,30,7.5,6.0,0.0333333333333333,0.2666666666666666,1,Desktop Frecuente
4791240216779123406,Referral,desktop,3,21.0,12.0,0.0,0.0,0,Desktop Engaged
4792411607866172207,Organic Search,desktop,5,22.0,20.0,0.0,0.0,1,Desktop Frecuente
4792644128765195526,Direct,desktop,1,33.0,28.0,0.0,0.0,0,Desktop Engaged
4792822839185962320,Organic Search,desktop,2,21.0,16.5,0.0,0.0,0,Desktop Engaged
4792870216119315911,Referral,desktop,2,14.5,11.0,0.5,0.0,1,Desktop Frecuente
4793028201432208577,Direct,desktop,1,29.0,22.0,0.0,0.0,0,Desktop Engaged
4793388674495960680,Organic Search,desktop,3,23.0,21.0,0.0,0.0,0,Desktop Engaged
4794407036950111332,Referral,desktop,3,10.0,9.0,0.0,0.0,1,Desktop Frecuente
4795764855587336001,Referral,desktop,2,28.5,20.0,0.0,0.0,0,Desktop Engaged
4795790370118359645,Organic Search,desktop,2,15.0,11.5,0.5,0.0,1,Desktop Frecuente
4796156942815623953,Referral,desktop,4,1.5,1.5,0.5,0.0,1,Desktop Frecuente
4796524276603786402,Organic Search,mobile,1,23.0,21.0,0.0,0.0,3,Mobile Users
4799654034151044930,Social,desktop,1,18.0,16.0,0.0,0.0,0,Desktop Engaged
4800011549087110136,Referral,desktop,2,31.0,26.0,0.0,0.0,0,Desktop Engaged
4801984490554009154,Referral,desktop,1,43.0,32.0,0.0,0.0,0,Desktop Engaged
4802674189864425548,Display,desktop,1,21.0,17.0,0.0,0.0,0,Desktop Engaged
4803266942840717797,Referral,desktop,1,21.0,16.0,0.0,1.0,2,Weekend Warriors
4804025384592774024,Referral,desktop,5,5.0,4.0,0.0,0.0,1,Desktop Frecuente
4804098608346140493,Organic Search,desktop,1,55.0,43.0,0.0,0.0,0,Desktop Engaged
4805986758316916085,Organic Search,desktop,2,14.0,12.0,0.5,0.0,1,Desktop Frecuente
4806107214651821896,Referral,desktop,3,4.0,4.0,0.0,0.0,1,Desktop Frecuente
4807533112045033919,Direct,desktop,1,14.0,11.0,0.0,0.0,0,Desktop Engaged
4807930160918189094,Organic Search,desktop,1,43.0,35.0,0.0,0.0,0,Desktop Engaged
4808974885561715322,Direct,desktop,20,14.0,12.0,0.15,0.1,1,Desktop Frecuente
4812134061600310624,Organic Search,desktop,3,33.0,24.0,0.0,0.0,0,Desktop Engaged
4812300528361483779,Direct,desktop,1,16.0,14.0,0.0,0.0,0,Desktop Engaged
4812856323349906835,Referral,desktop,1,19.0,16.0,0.0,1.0,2,Weekend Warriors
4814060651494814938,Referral,desktop,2,11.5,10.0,0.0,0.0,0,Desktop Engaged
4815044464336566076,Direct,desktop,2,7.5,6.5,0.5,0.0,1,Desktop Frecuente
4815752337215431060,Referral,desktop,2,38.5,30.5,0.0,1.0,2,Weekend Warriors
4818479610455261172,Organic Search,mobile,4,8.5,7.5,0.25,0.0,3,Mobile Users
4819176962773320146,Direct,mobile,1,25.0,24.0,0.0,0.0,3,Mobile Users
4821028877021679125,Referral,desktop,2,29.5,24.0,0.0,0.5,2,Weekend Warriors
4822026859805345733,Referral,desktop,12,2.0,2.0,0.4166666666666667,0.0,1,Desktop Frecuente
4822424580888281003,Organic Search,desktop,5,10.0,10.0,0.0,0.2,1,Desktop Frecuente
4822692999413007561,Direct,desktop,2,42.0,33.5,0.0,0.5,2,Weekend Warriors
4822703656704355383,Direct,desktop,2,29.5,23.0,0.5,0.0,0,Desktop Engaged
4824957994423812753,Direct,desktop,2,31.0,26.0,0.0,0.0,0,Desktop Engaged
4825534357105727679,Referral,desktop,1,19.0,14.0,0.0,0.0,0,Desktop Engaged
4827442520440231767,Direct,desktop,1,26.0,19.0,0.0,0.0,0,Desktop Engaged
4830184868046076720,Referral,desktop,12,4.0,4.0,0.1666666666666666,0.1666666666666666,1,Desktop Frecuente
4830211069912792009,Referral,desktop,9,10.0,10.0,0.0,0.2222222222222222,1,Desktop Frecuente
4830493627866275666,Direct,desktop,1,12.0,11.0,0.0,0.0,0,Desktop Engaged
4833274425620636331,Organic Search,desktop,2,20.5,12.5,0.0,0.5,2,Weekend Warriors
4833825011669343831,Direct,desktop,1,18.0,16.0,0.0,1.0,2,Weekend Warriors
4834223815849545406,Referral,desktop,3,35.0,29.0,0.0,0.0,0,Desktop Engaged
4834259788821936917,Referral,desktop,3,8.0,6.0,0.0,0.0,1,Desktop Frecuente
4835031132385744572,Direct,desktop,2,25.0,20.0,0.0,0.0,0,Desktop Engaged
4835082938415020542,Direct,desktop,39,7.0,7.0,0.1282051282051282,0.1538461538461538,1,Desktop Frecuente
4840616952282133729,Referral,desktop,4,31.0,23.5,0.0,0.0,0,Desktop Engaged
4842938114795919150,Referral,desktop,3,35.0,25.0,0.3333333333333333,0.0,0,Desktop Engaged
4843123344254574539,Direct,desktop,1,17.0,13.0,0.0,1.0,2,Weekend Warriors
4845279744517849233,Organic Search,desktop,2,15.0,15.0,0.0,0.0,0,Desktop Engaged
4846202545890415172,Referral,desktop,3,1.0,1.0,0.6666666666666666,0.0,1,Desktop Frecuente
4846439934286422830,Direct,desktop,4,9.5,8.5,0.0,0.0,1,Desktop Frecuente
4851816302878999610,Referral,desktop,1,13.0,11.0,0.0,0.0,0,Desktop Engaged
4855673784399652593,Organic Search,desktop,1,36.0,31.0,0.0,1.0,2,Weekend Warriors
4855915470226632443,Organic Search,desktop,1,30.0,22.0,0.0,0.0,0,Desktop Engaged
4856298179013995726,Paid Search,desktop,2,36.5,27.5,0.0,1.0,2,Weekend Warriors
4858273376881706416,Referral,desktop,7,6.0,6.0,0.1428571428571428,0.1428571428571428,1,Desktop Frecuente
4859141843536295311,Referral,desktop,6,6.5,5.5,0.0,0.3333333333333333,1,Desktop Frecuente
4859844656224235412,Paid Search,mobile,3,4.0,4.0,0.0,0.0,3,Mobile Users
4860407976965173412,Organic Search,desktop,1,62.0,47.0,0.0,1.0,2,Weekend Warriors
4860834865862297118,Organic Search,desktop,2,17.5,15.5,0.0,0.0,0,Desktop Engaged
4861727380918168218,Organic Search,desktop,2,18.0,15.5,0.0,0.0,0,Desktop Engaged
4863941202505455588,Referral,desktop,16,4.5,3.5,0.3125,0.0,1,Desktop Frecuente
4864955477576534285,Referral,desktop,1,23.0,18.0,0.0,0.0,0,Desktop Engaged
4866154016388549666,Paid Search,desktop,1,101.0,68.0,0.0,0.0,0,Desktop Engaged
4866601788347310264,Direct,mobile,1,27.0,18.0,0.0,0.0,3,Mobile Users
4867215343884385131,Direct,desktop,1,57.0,45.0,0.0,1.0,2,Weekend Warriors
4868132753873877079,Organic Search,desktop,2,10.0,8.5,0.5,0.0,1,Desktop Frecuente
4869304818683909994,Referral,desktop,10,10.0,8.0,0.0,0.0,1,Desktop Frecuente
4871052832001999477,Referral,desktop,2,13.0,12.0,0.0,0.0,0,Desktop Engaged
4871061239735971842,Direct,desktop,4,12.5,10.0,0.25,0.5,1,Desktop Frecuente
4871826258834761103,Referral,desktop,1,7.0,7.0,0.0,0.0,0,Desktop Engaged
4871978976437661341,Organic Search,mobile,1,25.0,21.0,0.0,0.0,3,Mobile Users
4874080819213788945,Referral,desktop,1,35.0,27.0,0.0,0.0,0,Desktop Engaged
4876602137205445870,Organic Search,desktop,3,7.0,5.0,0.0,0.0,1,Desktop Frecuente
4878479233087678463,Direct,desktop,1,21.0,16.0,0.0,0.0,0,Desktop Engaged
4879392962172918374,Organic Search,desktop,1,108.0,71.0,0.0,0.0,0,Desktop Engaged
4879562471912018386,Organic Search,desktop,1,96.0,73.0,0.0,0.0,0,Desktop Engaged
4880074144243472885,Referral,desktop,7,10.0,8.0,0.1428571428571428,0.0,1,Desktop Frecuente
4882055783656603340,Display,mobile,14,4.5,4.5,0.2857142857142857,0.2142857142857142,3,Mobile Users
4883249725302903151,Referral,desktop,1,51.0,34.0,0.0,0.0,0,Desktop Engaged
4884017973587973729,Direct,desktop,3,2.0,2.0,0.3333333333333333,0.0,1,Desktop Frecuente
4884778281436388667,Referral,desktop,5,5.0,4.0,0.2,0.0,1,Desktop Frecuente
4888401942405274345,Display,desktop,1,21.0,17.0,0.0,0.0,0,Desktop Engaged
4891681931687610582,Referral,desktop,2,11.0,11.0,0.0,0.0,0,Desktop Engaged
4891719971837029019,Organic Search,desktop,1,32.0,27.0,0.0,0.0,0,Desktop Engaged
4892080789302426968,Organic Search,desktop,2,35.0,27.5,0.0,1.0,2,Weekend Warriors
4892436611585993575,Referral,desktop,2,7.0,7.0,0.0,0.0,1,Desktop Frecuente
4893030302006714352,Direct,desktop,6,26.0,18.5,0.0,0.5,1,Desktop Frecuente
4894913572164934731,Direct,desktop,3,1.0,1.0,0.6666666666666666,0.0,1,Desktop Frecuente
4895430552956512702,Paid Search,desktop,1,43.0,33.0,0.0,1.0,2,Weekend Warriors
4895568208529244728,Direct,desktop,1,17.0,15.0,0.0,0.0,0,Desktop Engaged
4895840976844127163,Referral,desktop,11,2.0,2.0,0.3636363636363636,0.1818181818181818,1,Desktop Frecuente
4895988251918588289,Direct,desktop,1,24.0,22.0,0.0,0.0,0,Desktop Engaged
4896852909072476432,Organic Search,mobile,1,16.0,14.0,0.0,0.0,3,Mobile Users
4898242646829161158,Organic Search,desktop,7,8.0,7.0,0.2857142857142857,0.0,1,Desktop Frecuente
4899803417936737547,Referral,desktop,3,5.0,4.0,0.3333333333333333,0.0,1,Desktop Frecuente
4901167500019826035,Referral,desktop,4,20.0,15.5,0.0,0.0,1,Desktop Frecuente
4902563928132780662,Organic Search,desktop,3,7.0,5.0,0.3333333333333333,0.6666666666666666,1,Desktop Frecuente
4903884643114924879,Organic Search,mobile,1,45.0,33.0,0.0,0.0,3,Mobile Users
4904345009175675441,Organic Search,desktop,2,23.5,17.5,0.0,0.0,0,Desktop Engaged
4904369688778979379,Organic Search,desktop,1,20.0,17.0,0.0,0.0,0,Desktop Engaged
4904370510089389570,Direct,desktop,1,126.0,85.0,0.0,1.0,2,Weekend Warriors
4905173076864671306,Organic Search,desktop,3,10.0,8.0,0.0,0.5,1,Desktop Frecuente
4905791994421501030,Referral,desktop,1,39.0,29.0,0.0,1.0,2,Weekend Warriors
4905999160114046037,Direct,desktop,2,13.0,11.0,0.0,0.0,0,Desktop Engaged
4906093596537402992,Referral,desktop,3,20.0,16.0,0.3333333333333333,0.3333333333333333,1,Desktop Frecuente
4910197397595636813,Organic Search,desktop,2,37.0,30.5,0.0,0.5,2,Weekend Warriors
4913278259301843820,Organic Search,desktop,3,23.0,17.0,0.0,0.0,0,Desktop Engaged
4914075329436815761,Referral,desktop,3,2.0,2.0,0.0,0.0,1,Desktop Frecuente
4917757775261009734,Organic Search,desktop,1,28.0,22.0,0.0,0.0,0,Desktop Engaged
4918912899129859194,Referral,desktop,2,14.0,13.5,0.0,0.5,2,Weekend Warriors
4919130510250676831,Organic Search,desktop,1,68.0,45.0,0.0,0.0,0,Desktop Engaged
4920953157538129017,Organic Search,mobile,3,5.0,5.0,0.0,0.3333333333333333,3,Mobile Users
4921164705403021310,Paid Search,mobile,2,21.0,17.0,0.0,0.0,3,Mobile Users
4921413806940784676,Organic Search,desktop,34,8.0,6.0,0.2058823529411764,0.0,1,Desktop Frecuente
4921798700570421930,Organic Search,desktop,4,10.5,8.5,0.25,0.0,1,Desktop Frecuente
4921988083628435819,Organic Search,desktop,5,1.0,1.0,0.6,0.0,1,Desktop Frecuente
4923243433046835289,Direct,desktop,2,114.5,75.5,0.0,0.0,0,Desktop Engaged
4923467776356340421,Organic Search,desktop,2,35.0,28.5,0.0,1.0,2,Weekend Warriors
4924351208637717738,Organic Search,desktop,2,7.0,6.5,0.5,0.0,1,Desktop Frecuente
4924742829648731109,Referral,desktop,8,5.5,5.5,0.0,0.125,1,Desktop Frecuente
4925657215471046403,Referral,desktop,1,22.0,18.0,0.0,0.0,0,Desktop Engaged
4926891053674493225,Organic Search,desktop,1,29.0,25.0,0.0,0.0,0,Desktop Engaged
4928238772423642345,Organic Search,desktop,5,17.0,11.0,0.0,0.2,1,Desktop Frecuente
4928384463163013533,Referral,desktop,4,5.5,4.5,0.0,0.25,1,Desktop Frecuente
4928511540945195649,Referral,desktop,1,49.0,42.0,0.0,0.0,0,Desktop Engaged
4928792811032177502,Referral,desktop,3,13.0,11.0,0.0,0.0,1,Desktop Frecuente
4930078129398561333,Referral,desktop,1,17.0,14.0,0.0,0.0,0,Desktop Engaged
4931579223616729739,Referral,desktop,1,65.0,55.0,0.0,1.0,2,Weekend Warriors
4932662498284478415,Referral,desktop,2,11.5,9.5,0.0,0.5,2,Weekend Warriors
4934955623514361329,Referral,desktop,3,18.0,14.0,0.3333333333333333,0.0,1,Desktop Frecuente
4935775747231307478,Direct,desktop,2,11.0,10.0,0.0,0.0,0,Desktop Engaged
4937590539132421841,Paid Search,desktop,3,17.0,13.0,0.3333333333333333,0.3333333333333333,1,Desktop Frecuente
4938796308846198678,Referral,desktop,4,3.0,3.0,0.0,0.5,1,Desktop Frecuente
4939724029492758194,Referral,desktop,5,5.0,5.0,0.0,0.0,1,Desktop Frecuente
4940725920339673450,Referral,desktop,2,27.5,24.0,0.0,0.0,0,Desktop Engaged
4942841314277512023,Referral,desktop,6,3.0,3.0,0.3333333333333333,0.0,1,Desktop Frecuente
4943440601213672676,Referral,desktop,3,4.0,4.0,0.3333333333333333,0.0,1,Desktop Frecuente
4943672858297748788,Referral,desktop,2,17.0,14.0,0.0,0.0,0,Desktop Engaged
4948939246441761416,Referral,desktop,1,18.0,18.0,0.0,0.0,0,Desktop Engaged
4950411203281265700,Direct,mobile,10,24.5,17.5,0.2,0.0,3,Mobile Users
4951643151731925261,Referral,desktop,4,13.0,6.5,0.0,0.0,1,Desktop Frecuente
4952396078130707023,Organic Search,desktop,1,28.0,25.0,0.0,0.0,0,Desktop Engaged
4953199015316377564,Referral,desktop,2,60.0,45.5,0.0,0.0,0,Desktop Engaged
4954104372629148493,Direct,desktop,7,2.0,2.0,0.4285714285714285,0.0,1,Desktop Frecuente
4954802620517923618,Referral,desktop,2,19.0,17.5,0.0,0.0,0,Desktop Engaged
4955635156977445979,Organic Search,desktop,3,6.0,4.0,0.0,0.0,1,Desktop Frecuente
4956502806670434584,Referral,desktop,26,14.0,9.5,0.0,0.0,1,Desktop Frecuente
4957244955018681860,Referral,desktop,6,8.0,6.5,0.0,0.0,1,Desktop Frecuente
4957622252319100547,Affiliates,desktop,4,6.5,6.0,0.0,0.0,1,Desktop Frecuente
4957726121513589856,Referral,desktop,2,23.5,20.0,0.0,0.0,0,Desktop Engaged
4958103240836842867,Organic Search,desktop,2,18.5,16.0,0.0,1.0,2,Weekend Warriors
4959410280892365122,Referral,desktop,3,26.0,21.0,0.0,0.0,0,Desktop Engaged
4961305064447921198,Organic Search,desktop,6,2.5,1.5,0.3333333333333333,0.3333333333333333,1,Desktop Frecuente
4961475611241206847,Referral,desktop,4,7.5,7.5,0.25,0.0,1,Desktop Frecuente
4962329323479469422,Referral,desktop,1,32.0,28.0,0.0,1.0,2,Weekend Warriors
4964954048068074224,Direct,desktop,2,7.5,7.5,0.5,0.5,1,Desktop Frecuente
4966706943943178506,Referral,desktop,1,64.0,53.0,0.0,0.0,0,Desktop Engaged
4967676136502125585,Referral,desktop,3,25.0,15.0,0.0,0.0,0,Desktop Engaged
4968114239490264193,Direct,desktop,2,10.5,9.0,0.0,0.0,1,Desktop Frecuente
4969287766057721513,Organic Search,mobile,6,5.0,4.0,0.3333333333333333,0.0,3,Mobile Users
4970331206023875166,Organic Search,mobile,2,27.5,19.5,0.0,0.5,3,Mobile Users
4973306700711399156,Organic Search,desktop,7,9.0,9.0,0.0,0.0,1,Desktop Frecuente
4974254351327528783,Referral,desktop,1,23.0,21.0,0.0,1.0,2,Weekend Warriors
4974690847354957751,Referral,desktop,3,26.0,19.0,0.3333333333333333,0.0,0,Desktop Engaged
4977770037657405515,Organic Search,desktop,3,18.0,16.0,0.3333333333333333,0.6666666666666666,2,Weekend Warriors
4978321449392721964,Referral,desktop,1,110.0,85.0,0.0,1.0,2,Weekend Warriors
4978615078876520186,Referral,desktop,2,7.0,7.0,0.5,0.0,1,Desktop Frecuente
4981176834467119463,Referral,desktop,3,1.0,1.0,0.6666666666666666,0.0,1,Desktop Frecuente
4981679382824177253,Referral,desktop,1,60.0,43.0,0.0,1.0,2,Weekend Warriors
4983264713224875783,Direct,desktop,4,3.5,3.5,0.5,1.0,1,Desktop Frecuente
4984366501121503466,Direct,desktop,24,30.5,23.0,0.1666666666666666,0.0,1,Desktop Frecuente
4984938517097461909,Social,desktop,1,24.0,22.0,0.0,1.0,2,Weekend Warriors
4985703629807810187,Organic Search,desktop,1,46.0,37.0,0.0,0.0,0,Desktop Engaged
4986158717302530099,Display,desktop,1,19.0,17.0,0.0,0.0,0,Desktop Engaged
4986425760802371283,Referral,desktop,3,27.0,19.0,0.0,0.6666666666666666,2,Weekend Warriors
4988030082667892650,Direct,mobile,1,44.0,38.0,0.0,0.0,3,Mobile Users
4988517937139937145,Organic Search,desktop,6,64.5,39.0,0.0,0.0,0,Desktop Engaged
4988612949713423910,Organic Search,desktop,5,5.0,5.0,0.2,0.0,1,Desktop Frecuente
4988683855814257726,Referral,desktop,2,8.5,7.0,0.5,0.0,1,Desktop Frecuente
4989274933392395231,Organic Search,mobile,2,15.0,13.0,0.5,0.0,3,Mobile Users
4990198874063509353,Referral,desktop,1,53.0,41.0,0.0,0.0,0,Desktop Engaged
4993450863033496114,Organic Search,mobile,3,1.0,1.0,0.6666666666666666,0.0,3,Mobile Users
4993485206334150199,Social,desktop,1,16.0,13.0,0.0,0.0,0,Desktop Engaged
4993519711854402788,Direct,desktop,3,4.0,4.0,0.0,0.0,1,Desktop Frecuente
4993852637585406336,Referral,desktop,5,3.0,3.0,0.0,0.4,1,Desktop Frecuente
4995584940873803432,Organic Search,desktop,11,10.0,9.0,0.0,0.0,1,Desktop Frecuente
4995606827430436569,Referral,desktop,2,10.5,9.5,0.0,0.5,2,Weekend Warriors
4995899860057743088,Direct,desktop,2,13.0,9.0,0.0,0.0,0,Desktop Engaged
4995924842281653133,Referral,desktop,4,6.5,6.5,0.5,0.0,1,Desktop Frecuente
4996510286543496531,Organic Search,desktop,1,51.0,42.0,0.0,1.0,2,Weekend Warriors
4997974283801871350,Referral,desktop,3,21.0,17.0,0.0,0.0,0,Desktop Engaged
4998040848366401198,Organic Search,desktop,1,29.0,23.0,0.0,0.0,0,Desktop Engaged
5000038412644544234,Referral,desktop,3,12.0,10.0,0.0,0.0,1,Desktop Frecuente
5001293816565919651,Display,mobile,4,6.0,6.0,0.25,0.0,3,Mobile Users
5001626019499127935,Organic Search,desktop,4,19.5,15.5,0.0,0.75,2,Weekend Warriors
5002959687839673544,Referral,desktop,5,21.0,16.0,0.2,0.0,1,Desktop Frecuente
5003419571069818890,Organic Search,desktop,5,3.0,3.0,0.2,0.0,1,Desktop Frecuente
5003448310208712255,Direct,desktop,8,4.5,4.5,0.25,0.25,1,Desktop Frecuente
5003837792682817049,Organic Search,desktop,4,3.0,3.0,0.25,0.0,1,Desktop Frecuente
5006795078292798707,Organic Search,desktop,1,24.0,22.0,0.0,0.0,0,Desktop Engaged
5009329593341808227,Organic Search,desktop,1,15.0,13.0,0.0,0.0,0,Desktop Engaged
5010943201527099735,Direct,desktop,1,22.0,18.0,0.0,0.0,0,Desktop Engaged
5012216957441063220,Organic Search,desktop,8,7.0,7.0,0.125,0.0,1,Desktop Frecuente
5012787443903024401,Organic Search,desktop,1,21.0,19.0,0.0,0.0,0,Desktop Engaged
5013441016621351326,Referral,desktop,6,19.0,11.0,0.1666666666666666,0.0,1,Desktop Frecuente
5014282614993129658,Organic Search,mobile,1,14.0,11.0,0.0,1.0,3,Mobile Users
5016991063952873642,Organic Search,mobile,3,2.0,1.0,0.6666666666666666,0.3333333333333333,3,Mobile Users
5017076577058711324,Referral,desktop,1,27.0,21.0,0.0,0.0,0,Desktop Engaged
5017352267517896224,Referral,desktop,3,12.0,12.0,0.3333333333333333,0.0,1,Desktop Frecuente
5018379661055949961,Referral,desktop,7,14.0,14.0,0.0,0.0,1,Desktop Frecuente
5018705656651660794,Direct,desktop,3,15.0,13.0,0.0,0.0,1,Desktop Frecuente
5018753410641859317,Paid Search,desktop,2,26.0,21.5,0.0,0.0,0,Desktop Engaged
5019082168107655615,Organic Search,desktop,2,28.5,22.5,0.0,0.0,0,Desktop Engaged
5021173685677286713,Referral,desktop,3,35.0,24.0,0.0,1.0,2,Weekend Warriors
5021754051431260143,Direct,mobile,2,22.0,19.5,0.0,0.0,3,Mobile Users
5021888768610000663,Direct,desktop,2,10.5,9.5,0.5,0.0,1,Desktop Frecuente
5023592935923551604,Referral,desktop,1,74.0,53.0,0.0,0.0,0,Desktop Engaged
5025697082538917996,Direct,desktop,1,14.0,14.0,0.0,0.0,0,Desktop Engaged
5028269637803090356,Referral,desktop,1,33.0,28.0,0.0,0.0,0,Desktop Engaged
5028300438174569492,Organic Search,desktop,5,11.0,7.0,0.0,0.0,1,Desktop Frecuente
5028327649793847107,Direct,mobile,9,6.0,6.0,0.3333333333333333,0.1111111111111111,3,Mobile Users
5030772166419361448,Direct,desktop,1,62.0,49.0,0.0,0.0,0,Desktop Engaged
5031234556107572838,Display,desktop,12,1.0,1.0,0.5833333333333334,0.0833333333333333,1,Desktop Frecuente
5033337296820390536,Referral,desktop,2,48.5,35.0,0.0,0.5,2,Weekend Warriors
5034741422855713026,Organic Search,desktop,2,9.0,8.0,0.0,0.0,1,Desktop Frecuente
5037208788065339806,Referral,desktop,7,2.0,2.0,0.4285714285714285,0.0,1,Desktop Frecuente
5039309429901019811,Referral,desktop,3,5.0,5.0,0.0,0.0,1,Desktop Frecuente
5039693679894183284,Referral,desktop,3,13.0,12.0,0.0,0.0,1,Desktop Frecuente
5039735999524157292,Direct,desktop,9,1.0,1.0,0.5555555555555556,0.0,1,Desktop Frecuente
5040013333654434796,Referral,desktop,3,16.0,12.0,0.0,0.0,0,Desktop Engaged
5041110715755196949,Direct,desktop,5,52.0,39.0,0.0,0.6,2,Weekend Warriors
5041710037464068064,Organic Search,mobile,2,26.5,23.0,0.0,0.5,3,Mobile Users
5043024428253608330,Referral,desktop,2,23.0,16.5,0.0,0.0,0,Desktop Engaged
5044031393629737352,Direct,desktop,1,41.0,31.0,0.0,1.0,2,Weekend Warriors
5045635710262870815,Organic Search,desktop,5,7.0,7.0,0.0,0.4,1,Desktop Frecuente
5047879966390554745,Direct,desktop,3,5.0,5.0,0.0,0.0,1,Desktop Frecuente
5048032165513639051,Referral,desktop,1,28.0,21.0,0.0,0.0,0,Desktop Engaged
5050263480914174678,Referral,desktop,1,26.0,22.0,0.0,0.0,0,Desktop Engaged
5054967838682156421,Referral,desktop,10,12.0,9.0,0.4,0.0,1,Desktop Frecuente
5055351128163285055,Referral,desktop,2,9.5,8.5,0.0,0.0,1,Desktop Frecuente
5056199586558864505,Referral,desktop,3,1.0,1.0,0.6666666666666666,0.0,1,Desktop Frecuente
5056841379210378275,Organic Search,desktop,4,14.0,10.0,0.0,0.4,1,Desktop Frecuente
5058838630495923334,Referral,desktop,1,23.0,19.0,0.0,0.0,0,Desktop Engaged
5059670462842291942,Referral,desktop,5,24.0,22.0,0.2,0.0,1,Desktop Frecuente
5062455429781775081,Organic Search,mobile,2,26.0,20.5,0.5,0.0,3,Mobile Users
5062597525991769187,Direct,mobile,4,16.0,13.5,0.0,0.0,3,Mobile Users
5063074873295543663,Referral,desktop,1,18.0,16.0,0.0,0.0,0,Desktop Engaged
5065633972911728815,Referral,desktop,5,5.0,5.0,0.0,0.0,1,Desktop Frecuente
5066382323992610838,Referral,desktop,8,5.0,5.0,0.0,0.125,1,Desktop Frecuente
5071687808352514038,Organic Search,desktop,1,46.0,35.0,0.0,1.0,2,Weekend Warriors
5073907165451584628,Direct,desktop,1,15.0,14.0,0.0,0.0,0,Desktop Engaged
5074309045799746366,Referral,desktop,3,37.0,13.0,0.0,0.0,0,Desktop Engaged
5077243893642022050,Organic Search,desktop,3,14.0,13.0,0.0,0.0,1,Desktop Frecuente
5081913244411982383,Referral,desktop,3,6.0,6.0,0.0,0.0,1,Desktop Frecuente
5082310728519609149,Direct,mobile,11,2.0,2.0,0.2727272727272727,0.4545454545454545,3,Mobile Users
5082563130101167793,Referral,desktop,7,2.0,2.0,0.4285714285714285,0.0,1,Desktop Frecuente
5083565941848511171,Direct,desktop,2,18.0,16.0,0.0,0.3333333333333333,0,Desktop Engaged
5084365397599422550,Referral,desktop,2,28.5,23.0,0.0,0.5,2,Weekend Warriors
5084913179068675208,Organic Search,desktop,1,20.0,18.0,0.0,0.0,0,Desktop Engaged
5084937502712749611,Organic Search,desktop,1,28.0,25.0,0.0,1.0,2,Weekend Warriors
5084994463176065937,Referral,desktop,4,17.0,11.5,0.0,0.0,1,Desktop Frecuente
5086041801666974799,Referral,desktop,4,13.5,12.0,0.0,0.5,1,Desktop Frecuente
5087617268001908286,Display,desktop,6,5.5,5.5,0.3333333333333333,0.1666666666666666,1,Desktop Frecuente
5088165134523935332,Referral,desktop,10,4.0,4.0,0.1,0.0,1,Desktop Frecuente
5095160033645238155,Referral,desktop,3,1.0,1.0,0.6666666666666666,0.0,1,Desktop Frecuente
5097087346105463693,Organic Search,desktop,8,5.0,3.5,0.125,0.125,1,Desktop Frecuente
5099121232438244157,Organic Search,desktop,1,19.0,16.0,0.0,0.0,0,Desktop Engaged
5100328694524368177,Referral,desktop,6,5.0,4.0,0.0,0.0,1,Desktop Frecuente
5100429835111560658,Organic Search,desktop,1,21.0,19.0,0.0,1.0,2,Weekend Warriors
5100495841451468386,Referral,desktop,1,12.0,10.0,0.0,0.0,0,Desktop Engaged
5100514931968748842,Organic Search,desktop,14,6.0,4.5,0.0,0.0,1,Desktop Frecuente
5101144510494587618,Direct,desktop,4,24.5,18.5,0.0,0.0,0,Desktop Engaged
5102519341834861025,Referral,desktop,1,31.0,22.0,0.0,0.0,0,Desktop Engaged
5103352081821571927,Referral,desktop,2,15.5,12.5,0.0,0.0,0,Desktop Engaged
5106751521300969299,Referral,desktop,10,11.0,8.5,0.0,0.0,1,Desktop Frecuente
5107254786255889019,Direct,desktop,2,21.0,19.5,0.0,0.0,0,Desktop Engaged
5107268531954786591,Referral,desktop,3,10.0,10.0,0.0,0.0,1,Desktop Frecuente
5107515069070553407,Referral,desktop,6,7.5,7.0,0.1666666666666666,0.0,1,Desktop Frecuente
5108174936162209147,Referral,desktop,1,49.0,38.0,0.0,0.0,0,Desktop Engaged
5110128793223386663,Direct,desktop,2,14.0,11.5,0.0,0.0,0,Desktop Engaged
5110323247811742778,Referral,desktop,1,76.0,55.0,0.0,0.0,0,Desktop Engaged
5110726428801714241,Organic Search,mobile,1,13.0,13.0,0.0,0.0,3,Mobile Users
5111739417846462247,Referral,desktop,3,12.0,9.0,0.0,0.0,1,Desktop Frecuente
5111856483397220554,Referral,desktop,1,26.0,20.0,0.0,0.0,0,Desktop Engaged
5112140258403327266,Referral,desktop,4,13.0,10.0,0.0,0.0,1,Desktop Frecuente
5112369122544987822,Organic Search,desktop,18,9.5,6.0,0.2222222222222222,0.0,1,Desktop Frecuente
5112948888194419112,Direct,desktop,1,57.0,47.0,0.0,0.0,0,Desktop Engaged
5115425218426457773,Referral,desktop,2,21.0,15.5,0.0,0.5,2,Weekend Warriors
5116095560753599175,Referral,desktop,1,47.0,39.0,0.0,0.0,0,Desktop Engaged
5117333588734583002,Organic Search,desktop,1,68.0,50.0,0.0,1.0,2,Weekend Warriors
5121504961681959274,Organic Search,mobile,5,8.0,7.0,0.4,0.8,3,Mobile Users
5124287655575518739,Referral,desktop,3,17.0,15.0,0.0,0.3333333333333333,0,Desktop Engaged
5124393242439975020,Paid Search,desktop,1,35.0,25.0,0.0,1.0,2,Weekend Warriors
5125140299363465569,Referral,desktop,20,6.0,6.0,0.05,0.0,1,Desktop Frecuente
5125176279953727601,Organic Search,desktop,3,21.0,16.0,0.0,0.0,0,Desktop Engaged
5127153771428959505,Organic Search,desktop,2,19.0,17.0,0.0,0.0,0,Desktop Engaged
5128888224452873031,Referral,desktop,11,14.0,10.0,0.0,0.0,1,Desktop Frecuente
5130136663096173309,Organic Search,desktop,1,23.0,23.0,0.0,0.0,0,Desktop Engaged
5130291544315310058,Direct,desktop,3,2.0,2.0,0.3333333333333333,0.3333333333333333,1,Desktop Frecuente
5130874190869518139,Social,desktop,1,22.0,15.0,0.0,0.0,0,Desktop Engaged
5130925613790258931,Direct,desktop,2,33.0,22.0,0.0,0.0,0,Desktop Engaged
5133756446972235146,Organic Search,desktop,1,17.0,15.0,0.0,0.0,0,Desktop Engaged
5134534584402689966,Referral,desktop,4,20.5,14.5,0.0,0.0,1,Desktop Frecuente
5135901390896357467,Referral,desktop,10,16.0,15.0,0.1,0.2,1,Desktop Frecuente
5136029543125072381,Organic Search,desktop,3,21.0,13.0,0.0,0.0,0,Desktop Engaged
5136575351603788061,Direct,desktop,1,64.0,47.0,0.0,0.0,0,Desktop Engaged
5137390233868271533,Direct,desktop,4,18.5,16.0,0.0,0.5,1,Desktop Frecuente
5139927098906360724,Referral,desktop,3,26.0,21.0,0.0,0.0,0,Desktop Engaged
5145672113463736515,Referral,desktop,3,24.0,17.0,0.3333333333333333,0.0,0,Desktop Engaged
5146590554135723310,Direct,desktop,2,21.5,16.5,0.0,0.0,0,Desktop Engaged
5146868229604959703,Referral,desktop,4,21.5,15.0,0.0,0.0,0,Desktop Engaged
5147300688603884511,Referral,desktop,5,10.0,9.0,0.0,0.0,1,Desktop Frecuente
5148203255288090886,Direct,desktop,1,15.0,15.0,0.0,0.0,0,Desktop Engaged
5149388872089992993,Referral,desktop,1,25.0,23.0,0.0,0.0,0,Desktop Engaged
5149788969578895545,Referral,desktop,5,47.0,34.0,0.0,0.4,0,Desktop Engaged
5150728570406198608,Organic Search,desktop,4,15.0,15.0,0.0,0.0,1,Desktop Frecuente
5151881094154298201,Organic Search,mobile,1,19.0,15.0,0.0,0.0,3,Mobile Users
5152933967537529701,Referral,desktop,2,11.5,10.5,0.5,0.0,1,Desktop Frecuente
5153284426505687304,Direct,desktop,2,29.5,20.5,0.0,0.0,0,Desktop Engaged
5155349483223850645,Referral,desktop,2,13.5,11.0,0.0,0.5,2,Weekend Warriors
5155783472607862274,Organic Search,desktop,2,24.5,18.5,0.0,0.0,0,Desktop Engaged
5155886278275887447,Referral,desktop,3,3.0,3.0,0.3333333333333333,0.0,1,Desktop Frecuente
5157028803252486506,Organic Search,desktop,3,10.0,6.0,0.0,0.3333333333333333,1,Desktop Frecuente
5158802402159118276,Referral,desktop,5,9.0,9.0,0.2,0.0,1,Desktop Frecuente
5159223899895327618,Organic Search,desktop,1,33.0,28.0,0.0,0.0,0,Desktop Engaged
5165324285263498873,Referral,desktop,2,19.0,15.0,0.0,0.0,0,Desktop Engaged
5166912309670646785,Referral,desktop,1,26.0,21.0,0.0,0.0,0,Desktop Engaged
5168711164353008425,Direct,desktop,1,16.0,14.0,0.0,0.0,0,Desktop Engaged
5169652935694684763,Referral,desktop,2,13.0,11.0,0.0,0.0,0,Desktop Engaged
5172416976475241536,Direct,desktop,1,30.0,26.0,0.0,0.0,0,Desktop Engaged
5174058643764541753,Organic Search,desktop,1,24.0,21.0,0.0,1.0,2,Weekend Warriors
5174129705003851738,Organic Search,desktop,13,14.0,14.0,0.0769230769230769,0.0,1,Desktop Frecuente
5174823732437422013,Referral,desktop,3,19.0,14.0,0.0,0.3333333333333333,0,Desktop Engaged
5175327826829754798,Paid Search,desktop,1,69.0,51.0,0.0,1.0,2,Weekend Warriors
5175920907996496542,Organic Search,desktop,7,5.0,4.0,0.0,0.0,1,Desktop Frecuente
5176344820502043789,Organic Search,desktop,2,11.5,11.5,0.0,1.0,2,Weekend Warriors
5179406468603236023,Direct,desktop,2,35.0,26.5,0.0,0.0,0,Desktop Engaged
5179586107192059934,Direct,desktop,2,9.5,9.0,0.0,0.0,1,Desktop Frecuente
5179734692818299400,Referral,desktop,1,81.0,57.0,0.0,0.0,0,Desktop Engaged
5179914644892736407,Organic Search,desktop,2,13.0,10.0,0.5,0.0,1,Desktop Frecuente
5181406124249294849,Direct,desktop,1,28.0,20.0,0.0,1.0,2,Weekend Warriors
5183210238809213015,Referral,desktop,4,11.0,8.5,0.25,0.0,1,Desktop Frecuente
5185645869012304658,Referral,desktop,5,14.0,13.0,0.0,0.0,1,Desktop Frecuente
5185882727774791811,Referral,desktop,2,23.5,16.5,0.0,0.0,0,Desktop Engaged
5186081045797872289,Referral,desktop,2,31.5,21.0,0.5,1.0,2,Weekend Warriors
5186802869072248264,Direct,desktop,1,85.0,62.0,0.0,0.0,0,Desktop Engaged
5187692235197224679,Referral,desktop,3,13.0,10.0,0.3333333333333333,0.0,1,Desktop Frecuente
5188382236273817030,Referral,desktop,8,12.5,11.0,0.25,0.0,1,Desktop Frecuente
5188970266238725427,Organic Search,desktop,2,25.5,21.0,0.0,0.0,0,Desktop Engaged
5189398404527635970,Referral,desktop,6,11.0,8.5,0.0,0.0,1,Desktop Frecuente
5191173852123388397,Organic Search,desktop,1,21.0,19.0,0.0,0.0,0,Desktop Engaged
5192466598452489380,Paid Search,mobile,2,26.0,20.0,0.5,0.0,3,Mobile Users
5194385472773193231,Referral,desktop,2,44.0,32.5,0.0,0.0,0,Desktop Engaged
5196691607031491991,Organic Search,desktop,5,30.0,23.0,0.0,0.2,0,Desktop Engaged
5197010601731138144,Organic Search,desktop,3,17.0,14.0,0.0,0.0,0,Desktop Engaged
5199370466032130686,Paid Search,mobile,7,9.0,7.0,0.1428571428571428,0.1428571428571428,3,Mobile Users
5200523013513210232,Direct,desktop,2,11.0,9.0,0.0,0.0,0,Desktop Engaged
5201260022301343178,Organic Search,desktop,1,62.0,48.0,0.0,0.0,0,Desktop Engaged
5201418842615044194,Organic Search,mobile,1,15.0,14.0,0.0,0.0,3,Mobile Users
5201800617685913658,Organic Search,desktop,3,20.0,20.0,0.0,0.0,0,Desktop Engaged
5204949067979541223,Referral,desktop,1,130.0,88.0,0.0,0.0,0,Desktop Engaged
5205284531932761825,Organic Search,desktop,1,37.0,28.0,0.0,1.0,2,Weekend Warriors
5205547777184804145,Referral,desktop,3,20.0,14.0,0.0,0.3333333333333333,0,Desktop Engaged
5206644155829437888,Paid Search,desktop,2,15.5,15.0,0.5,0.0,1,Desktop Frecuente
5213317945757949613,Referral,desktop,1,11.0,9.0,0.0,0.0,0,Desktop Engaged
5215840735346366486,Organic Search,desktop,4,23.0,16.5,0.0,0.0,0,Desktop Engaged
5216258683347805755,Organic Search,desktop,1,27.0,20.0,0.0,0.0,0,Desktop Engaged
5216295436197840308,Direct,desktop,2,24.0,20.0,0.0,0.5,2,Weekend Warriors
5216366697860957799,Direct,desktop,2,19.0,9.5,0.0,0.0,0,Desktop Engaged
5217030869773802032,Referral,desktop,2,54.5,38.5,0.0,0.0,0,Desktop Engaged
5217184662856598595,Referral,desktop,2,40.0,33.0,0.0,0.5,2,Weekend Warriors
5218796402079832996,Direct,mobile,4,1.5,1.5,0.5,0.0,3,Mobile Users
5222227778576702992,Organic Search,desktop,2,15.0,14.0,0.0,0.5,2,Weekend Warriors
5223607251994179242,Referral,desktop,1,108.0,78.0,0.0,0.0,0,Desktop Engaged
5223960407923320522,Referral,desktop,1,141.0,99.0,0.0,0.0,0,Desktop Engaged
5224330515080725566,Referral,desktop,3,5.0,5.0,0.0,0.0,1,Desktop Frecuente
5224582846346969715,Referral,desktop,5,43.0,31.0,0.2,0.0,0,Desktop Engaged
5229687439187870307,Referral,desktop,5,3.0,3.0,0.2,0.0,1,Desktop Frecuente
5229878976511252968,Referral,desktop,1,91.0,68.0,0.0,1.0,2,Weekend Warriors
5230800631136876455,Organic Search,mobile,1,25.0,25.0,0.0,0.0,3,Mobile Users
5231905669936168317,Organic Search,desktop,1,58.0,44.0,0.0,0.0,0,Desktop Engaged
5232863160454746212,Referral,desktop,2,15.0,12.5,0.0,0.0,0,Desktop Engaged
5233608199918824641,Paid Search,desktop,1,25.0,20.0,0.0,1.0,2,Weekend Warriors
5233741676972718010,Referral,desktop,2,13.0,11.0,0.0,0.0,0,Desktop Engaged
5234724080017990877,Organic Search,desktop,4,31.0,12.0,0.0,0.0,0,Desktop Engaged
5235512449832105588,Organic Search,desktop,2,27.0,23.5,0.0,0.5,2,Weekend Warriors
5236254855277222606,Organic Search,desktop,2,25.0,20.0,0.0,0.0,0,Desktop Engaged
5236490570989867908,Organic Search,mobile,3,19.0,15.0,0.0,0.0,3,Mobile Users
5237766343939358794,Organic Search,desktop,9,2.0,2.0,0.4444444444444444,1.0,1,Desktop Frecuente
5238123324211686136,Organic Search,desktop,3,42.0,35.0,0.0,0.3333333333333333,0,Desktop Engaged
5238919505234478700,Referral,desktop,3,25.0,25.0,0.0,0.0,0,Desktop Engaged
5239443997664471780,Referral,desktop,2,18.5,15.0,0.0,1.0,2,Weekend Warriors
5241647858965846935,Paid Search,mobile,17,3.0,2.0,0.4117647058823529,0.4705882352941176,3,Mobile Users
5241810559534801001,Organic Search,desktop,1,28.0,23.0,0.0,0.0,0,Desktop Engaged
5245309370233486788,Direct,desktop,1,14.0,12.0,0.0,0.0,0,Desktop Engaged
5246355792709327877,Direct,desktop,4,14.0,12.5,0.0,0.0,1,Desktop Frecuente
5246872524436020591,Organic Search,desktop,4,28.0,25.0,0.0,0.5,2,Weekend Warriors
5248175492675011686,Referral,desktop,2,23.5,19.0,0.0,0.0,0,Desktop Engaged
5248418277725722133,Organic Search,desktop,1,33.0,25.0,0.0,0.0,0,Desktop Engaged
5249500616304412243,Direct,mobile,1,26.0,24.0,0.0,0.0,3,Mobile Users
5250499107867802403,Referral,desktop,3,20.0,16.0,0.0,0.0,0,Desktop Engaged
5250995229512019408,Referral,desktop,3,24.0,19.0,0.0,0.3333333333333333,0,Desktop Engaged
5251862372013388986,Referral,desktop,11,2.0,2.0,0.2727272727272727,0.1818181818181818,1,Desktop Frecuente
5253253329593885485,Paid Search,mobile,1,33.0,30.0,0.0,0.0,3,Mobile Users
5253255590732315114,Organic Search,desktop,1,56.0,42.0,0.0,0.0,0,Desktop Engaged
5253470416041507964,Paid Search,desktop,1,21.0,17.0,0.0,0.0,0,Desktop Engaged
5256372508003021503,Referral,desktop,5,12.0,8.0,0.0,0.0,1,Desktop Frecuente
5257301734697264503,Referral,desktop,2,23.0,17.5,0.0,0.0,0,Desktop Engaged
5257317776210702713,Paid Search,desktop,1,30.0,25.0,0.0,0.0,0,Desktop Engaged
5258378690008715588,Direct,desktop,2,7.0,6.5,0.0,0.0,1,Desktop Frecuente
5260253601763943122,Referral,desktop,3,46.0,37.0,0.3333333333333333,0.0,0,Desktop Engaged
5261961522397535940,Referral,desktop,4,10.0,7.0,0.0,0.0,1,Desktop Frecuente
5262771322194198136,Referral,desktop,3,6.0,6.0,0.0,0.3333333333333333,1,Desktop Frecuente
5263059809967138936,Direct,desktop,7,43.0,34.0,0.0,0.0,0,Desktop Engaged
5264845021855252769,Referral,desktop,8,10.0,9.0,0.125,0.0,1,Desktop Frecuente
5264936572592547766,Referral,desktop,3,14.0,11.0,0.0,0.0,1,Desktop Frecuente
5265060535305335127,Direct,desktop,1,13.0,12.0,0.0,0.0,0,Desktop Engaged
5267602855246889214,Referral,desktop,4,12.0,11.0,0.0,0.0,1,Desktop Frecuente
5268978296636589518,Referral,desktop,1,45.0,31.0,0.0,0.0,0,Desktop Engaged
5271119113889748142,Social,desktop,1,19.0,16.0,0.0,0.0,0,Desktop Engaged
5272459334252827422,Referral,desktop,3,6.0,6.0,0.3333333333333333,0.0,1,Desktop Frecuente
5274155792937866169,Referral,desktop,4,20.5,15.5,0.25,0.5,1,Desktop Frecuente
5274178488388033997,Paid Search,tablet,2,22.5,17.0,0.5,1.0,3,Mobile Users
5276450311991413532,Referral,desktop,3,3.0,2.0,0.3333333333333333,1.0,1,Desktop Frecuente
5281124465457929520,Referral,desktop,1,49.0,36.0,0.0,0.0,0,Desktop Engaged
5282620587109822373,Direct,mobile,12,5.5,5.5,0.1666666666666666,0.0,3,Mobile Users
5283278344963059120,Organic Search,desktop,5,3.5,3.5,0.0,0.1666666666666666,1,Desktop Frecuente
5284289732058785015,Referral,desktop,4,29.0,23.0,0.0,0.5,2,Weekend Warriors
5286140759452921849,Organic Search,mobile,1,67.0,34.0,0.0,0.0,3,Mobile Users
5286653810282194817,Organic Search,desktop,5,10.0,10.0,0.0,0.0,1,Desktop Frecuente
5287002371302046755,Organic Search,desktop,3,14.0,11.0,0.0,0.3333333333333333,1,Desktop Frecuente
5287517205291863674,Direct,desktop,3,13.0,13.0,0.0,0.0,1,Desktop Frecuente
5289228483445260579,Referral,desktop,6,2.0,2.0,0.3333333333333333,0.0,1,Desktop Frecuente
5290098351647412370,Referral,desktop,1,39.0,31.0,0.0,0.0,0,Desktop Engaged
5291604673691887906,Referral,desktop,2,40.0,31.0,0.0,0.5,2,Weekend Warriors
5292294760335216459,Referral,desktop,7,7.0,5.0,0.2857142857142857,0.0,1,Desktop Frecuente
5292537032296989599,Organic Search,desktop,1,72.0,52.0,0.0,0.0,0,Desktop Engaged
5292816814095907387,Organic Search,desktop,1,47.0,37.0,0.0,0.0,0,Desktop Engaged
5293894557415373112,Organic Search,desktop,1,23.0,16.0,0.0,1.0,2,Weekend Warriors
5296105795874914931,Referral,desktop,2,21.5,14.0,0.0,0.0,0,Desktop Engaged
5296297372596099151,Referral,desktop,8,2.0,1.0,0.4444444444444444,0.0,1,Desktop Frecuente
5297648994750515922,Social,desktop,1,17.0,15.0,0.0,0.0,0,Desktop Engaged
5301053283618426279,Organic Search,desktop,1,130.0,96.0,0.0,0.0,0,Desktop Engaged
5302072233247967005,Organic Search,desktop,2,25.0,18.5,0.0,0.0,0,Desktop Engaged
5302571039827656728,Referral,desktop,3,8.0,8.0,0.0,0.0,1,Desktop Frecuente
5302602900050864654,Referral,desktop,4,14.0,13.5,0.25,0.5,1,Desktop Frecuente
5303631326340222612,Organic Search,desktop,1,88.0,63.0,0.0,0.0,0,Desktop Engaged
5304536055151752154,Organic Search,desktop,2,13.0,11.5,0.0,0.0,0,Desktop Engaged
5305435864968398252,Affiliates,desktop,2,9.0,7.0,0.5,0.0,1,Desktop Frecuente
5305744522650786238,Direct,desktop,10,3.0,3.0,0.0,0.0,1,Desktop Frecuente
5306602082415451052,Referral,desktop,5,3.0,3.0,0.4,0.0,1,Desktop Frecuente
5306924012372478603,Organic Search,desktop,3,30.0,25.0,0.3333333333333333,0.0,0,Desktop Engaged
5308677468260522097,Referral,desktop,4,17.5,13.5,0.0,0.0,1,Desktop Frecuente
5308952469141468647,Organic Search,desktop,3,13.0,12.0,0.0,0.0,1,Desktop Frecuente
5309710556175093157,Direct,desktop,1,98.0,67.0,0.0,0.0,0,Desktop Engaged
5310038077394154434,Direct,desktop,2,70.5,48.5,0.0,0.0,0,Desktop Engaged
5310174210774227909,Referral,desktop,2,11.0,10.0,0.0,0.0,0,Desktop Engaged
5310912563447452038,Referral,desktop,22,8.0,6.5,0.0454545454545454,0.3636363636363636,1,Desktop Frecuente
5312255155344085331,Organic Search,desktop,1,20.0,19.0,0.0,0.0,0,Desktop Engaged
5313430409302737602,Referral,desktop,1,43.0,31.0,0.0,0.0,0,Desktop Engaged
5313510578745248325,Organic Search,desktop,2,11.0,8.5,0.0,0.0,0,Desktop Engaged
5314118005200949115,Organic Search,desktop,3,1.0,1.0,0.6666666666666666,0.0,1,Desktop Frecuente
5314537357116205393,Paid Search,tablet,3,14.0,12.0,0.3333333333333333,0.3333333333333333,3,Mobile Users
5315316047616808913,Organic Search,desktop,3,9.0,6.0,0.0,0.0,1,Desktop Frecuente
5317791335633090472,Organic Search,desktop,3,14.0,12.0,0.0,1.0,2,Weekend Warriors
5319251700362675371,Organic Search,desktop,1,31.0,25.0,0.0,1.0,2,Weekend Warriors
5322201987769163031,Paid Search,desktop,3,3.0,3.0,0.0,0.0,1,Desktop Frecuente
5322397769480961983,Organic Search,desktop,4,17.0,15.0,0.25,0.25,1,Desktop Frecuente
5322647281273394500,Referral,desktop,4,6.0,6.0,0.0,0.0,1,Desktop Frecuente
5323620141964404346,Organic Search,desktop,2,39.5,26.5,0.0,0.0,0,Desktop Engaged
5324726013788395323,Organic Search,desktop,1,38.0,28.0,0.0,0.0,0,Desktop Engaged
5326771367506211222,Direct,desktop,1,92.0,64.0,0.0,1.0,2,Weekend Warriors
5327166854580374902,Organic Search,desktop,7,9.0,7.0,0.1428571428571428,0.0,1,Desktop Frecuente
5328385563084211127,Referral,desktop,2,12.5,11.5,0.5,0.5,1,Desktop Frecuente
5330942141326185595,Referral,desktop,1,31.0,23.0,0.0,0.0,0,Desktop Engaged
5331056297862855879,Organic Search,desktop,6,7.0,6.5,0.0,0.8333333333333334,1,Desktop Frecuente
5332341363747831465,Referral,desktop,1,42.0,36.0,0.0,0.0,0,Desktop Engaged
5336619974419440479,Paid Search,mobile,2,15.0,14.0,0.0,0.5,3,Mobile Users
5338696842809908912,Referral,desktop,2,20.5,16.5,0.5,0.0,0,Desktop Engaged
5341101778346286262,Referral,desktop,2,27.5,20.0,0.5,0.0,0,Desktop Engaged
5341165345511566974,Referral,desktop,2,14.5,12.0,0.0,0.0,0,Desktop Engaged
5341224124331711899,Referral,desktop,1,65.0,34.0,0.0,1.0,2,Weekend Warriors
5341271361784611942,Direct,desktop,11,36.0,26.0,0.0,0.0,1,Desktop Frecuente
5341995419456035142,Paid Search,mobile,6,9.5,6.5,0.1666666666666666,0.6666666666666666,3,Mobile Users
5342287440571105823,Referral,desktop,6,3.5,3.5,0.0,0.0,1,Desktop Frecuente
5342879446684210628,Organic Search,desktop,2,18.0,12.5,0.0,0.0,0,Desktop Engaged
5343854079752182770,Referral,desktop,15,6.0,6.0,0.1333333333333333,0.0,1,Desktop Frecuente
5345276565851241365,Referral,desktop,6,2.5,2.5,0.1666666666666666,0.3333333333333333,1,Desktop Frecuente
5346534846866519403,Organic Search,desktop,2,10.5,9.0,0.0,0.0,0,Desktop Engaged
5348412778794343164,Referral,desktop,1,36.0,27.0,0.0,0.0,0,Desktop Engaged
5348778605970675529,Direct,desktop,1,12.0,12.0,0.0,0.0,0,Desktop Engaged
5349155616428631188,Referral,desktop,1,68.0,47.0,0.0,0.0,0,Desktop Engaged
5355878105237295955,Organic Search,desktop,2,9.0,9.0,0.5,0.0,1,Desktop Frecuente
5356435119809410470,Organic Search,desktop,7,3.0,3.0,0.4285714285714285,0.0,1,Desktop Frecuente
5357337729352210856,Referral,desktop,1,33.0,26.0,0.0,0.0,0,Desktop Engaged
5357834743142863382,Organic Search,desktop,2,8.5,8.5,0.0,0.0,1,Desktop Frecuente
5358177725781959243,Referral,desktop,1,71.0,55.0,0.0,0.0,0,Desktop Engaged
5358347730935302771,Organic Search,desktop,1,68.0,48.0,0.0,0.0,0,Desktop Engaged
5359483083240024322,Organic Search,desktop,6,9.5,6.0,0.0,0.1666666666666666,1,Desktop Frecuente
5359997497493583219,Referral,desktop,1,17.0,15.0,0.0,0.0,0,Desktop Engaged
5361867695189880188,Referral,desktop,3,22.0,18.0,0.0,0.3333333333333333,0,Desktop Engaged
5363423256210822275,Organic Search,mobile,2,11.5,11.0,0.0,0.0,3,Mobile Users
5365708442015077167,Organic Search,desktop,2,36.0,30.5,0.0,0.0,0,Desktop Engaged
5366601655480145417,Referral,desktop,6,13.0,9.5,0.1666666666666666,0.0,1,Desktop Frecuente
5367424131768491778,Organic Search,desktop,1,14.0,14.0,0.0,0.0,0,Desktop Engaged
5368975563333608262,Social,desktop,2,19.0,15.0,0.0,0.0,0,Desktop Engaged
5369119597016381899,Referral,desktop,2,11.0,10.0,0.5,0.0,1,Desktop Frecuente
5369128368163820088,Referral,desktop,2,15.0,10.5,0.0,0.0,0,Desktop Engaged
5369550870093872521,Organic Search,desktop,3,16.0,15.0,0.0,0.0,1,Desktop Frecuente
5369585818624352954,Referral,desktop,4,19.5,13.5,0.25,0.0,1,Desktop Frecuente
5370842366618648178,Organic Search,desktop,5,6.0,6.0,0.0,0.0,1,Desktop Frecuente
5371617068925994598,Referral,desktop,1,28.0,23.0,0.0,0.0,0,Desktop Engaged
5371765273068173605,Organic Search,mobile,4,6.5,6.0,0.25,0.25,3,Mobile Users
5373849628631973654,Referral,desktop,1,47.0,45.0,0.0,1.0,2,Weekend Warriors
5375717438017990161,Organic Search,desktop,3,12.0,12.0,0.3333333333333333,1.0,2,Weekend Warriors
5375879042397621838,Referral,desktop,3,13.0,9.0,0.3333333333333333,0.0,1,Desktop Frecuente
5376789348329922764,Direct,desktop,1,23.0,21.0,0.0,0.0,0,Desktop Engaged
5376929534798257568,Paid Search,mobile,1,32.0,23.0,0.0,0.0,3,Mobile Users
5377821611338556054,Organic Search,desktop,8,3.0,3.0,0.125,0.0,1,Desktop Frecuente
5378279160532453494,Organic Search,desktop,2,17.5,15.0,0.0,1.0,2,Weekend Warriors
5379025171012040932,Paid Search,desktop,4,11.0,11.0,0.0,0.25,1,Desktop Frecuente
5379904968575020585,Direct,desktop,1,19.0,15.0,0.0,1.0,2,Weekend Warriors
5379976176141743107,Direct,desktop,1,30.0,25.0,0.0,0.0,0,Desktop Engaged
5381050713444161214,Referral,desktop,6,5.0,5.0,0.0,0.1666666666666666,1,Desktop Frecuente
5384999715597179184,Direct,desktop,1,28.0,21.0,0.0,0.0,0,Desktop Engaged
5385185229855474745,Organic Search,mobile,5,12.0,12.0,0.4,0.4,3,Mobile Users
5389570211397748919,Organic Search,desktop,1,37.0,34.0,0.0,0.0,0,Desktop Engaged
5389664508142113724,Referral,desktop,4,4.5,4.0,0.0,0.0,1,Desktop Frecuente
5393564423010842176,Referral,desktop,21,4.0,4.0,0.0476190476190476,0.0952380952380952,1,Desktop Frecuente
5394117793906112034,Direct,desktop,1,32.0,27.0,0.0,0.0,0,Desktop Engaged
5395170919790371071,Organic Search,desktop,1,28.0,23.0,0.0,0.0,0,Desktop Engaged
5396182218932107293,Organic Search,desktop,2,44.0,31.5,0.0,0.0,0,Desktop Engaged
5397689762316048105,Direct,mobile,1,52.0,44.0,0.0,0.0,3,Mobile Users
5397831032804503408,Organic Search,tablet,3,1.0,1.0,0.6666666666666666,0.0,3,Mobile Users
5399425973335607113,Referral,desktop,5,9.0,9.0,0.0,0.0,1,Desktop Frecuente
5399436309961622385,Referral,desktop,4,5.5,5.0,0.0,0.0,1,Desktop Frecuente
5400263759005531728,Referral,desktop,3,10.0,7.0,0.0,0.0,1,Desktop Frecuente
5400673732426511835,Organic Search,desktop,13,7.0,7.0,0.2307692307692307,0.1538461538461538,1,Desktop Frecuente
5401754363732378575,Organic Search,desktop,2,16.0,12.5,0.0,0.0,0,Desktop Engaged
5402571042001627330,Referral,desktop,4,12.0,9.5,0.0,0.0,1,Desktop Frecuente
5402622110310553851,Referral,desktop,1,20.0,18.0,0.0,0.0,0,Desktop Engaged
5404315968522337707,Paid Search,desktop,1,27.0,24.0,0.0,0.0,0,Desktop Engaged
5404608104798275403,Direct,desktop,1,59.0,51.0,0.0,0.0,0,Desktop Engaged
5406305545135860881,Organic Search,desktop,1,38.0,32.0,0.0,0.0,0,Desktop Engaged
5408240703525920538,Organic Search,mobile,2,27.0,19.0,0.5,0.0,3,Mobile Users
5409062916318934931,Referral,desktop,5,18.0,15.0,0.0,0.2,1,Desktop Frecuente
5409849086815632052,Organic Search,desktop,5,39.0,30.0,0.2,0.0,0,Desktop Engaged
5409985606814283467,Organic Search,desktop,13,21.0,17.0,0.0,0.0,1,Desktop Frecuente
5410884318948869106,Organic Search,desktop,2,19.0,14.0,0.0,0.0,0,Desktop Engaged
5411864857395220243,Referral,desktop,2,8.5,8.5,0.0,0.0,1,Desktop Frecuente
5412295266438507399,Organic Search,desktop,1,38.0,34.0,0.0,0.0,0,Desktop Engaged
5414121324420751471,Referral,desktop,1,13.0,13.0,0.0,0.0,0,Desktop Engaged
5414597853081297366,Referral,desktop,4,26.0,20.5,0.0,0.0,0,Desktop Engaged
5414778440969335716,Referral,desktop,3,38.0,35.0,0.3333333333333333,0.0,0,Desktop Engaged
5415003861533964374,Referral,desktop,5,8.0,5.0,0.0,0.4,1,Desktop Frecuente
5415086779040891341,Organic Search,tablet,4,1.0,1.0,0.75,0.0,3,Mobile Users
5418879524729998284,Direct,desktop,4,18.0,14.5,0.25,0.0,1,Desktop Frecuente
5421072236704434146,Organic Search,desktop,3,18.0,11.0,0.3333333333333333,0.0,1,Desktop Frecuente
5422490769973828124,Direct,desktop,1,15.0,13.0,0.0,0.0,0,Desktop Engaged
5423437990262090686,Referral,desktop,1,36.0,30.0,0.0,0.0,0,Desktop Engaged
5423482530849493225,Referral,desktop,2,12.5,9.0,0.0,0.0,0,Desktop Engaged
5423659711610895780,Direct,desktop,2,89.5,59.5,0.0,0.0,0,Desktop Engaged
5426533618446479401,Referral,desktop,6,11.0,8.0,0.0,0.0,1,Desktop Frecuente
5426964543213202381,Referral,desktop,2,22.5,18.5,0.0,0.0,0,Desktop Engaged
5427034488751812445,Organic Search,desktop,4,14.5,11.5,0.0,0.25,1,Desktop Frecuente
5427815451754504736,Organic Search,desktop,2,16.0,13.0,0.0,0.0,0,Desktop Engaged
5427859943259762848,Referral,desktop,3,17.0,13.0,0.0,0.0,0,Desktop Engaged
5429486512675747179,Referral,desktop,4,27.5,19.0,0.0,0.0,0,Desktop Engaged
5429642908355908578,Referral,desktop,4,9.5,7.5,0.0,0.0,1,Desktop Frecuente
5429715224330423936,Direct,desktop,4,3.5,3.5,0.5,0.0,1,Desktop Frecuente
5430871113071179635,Referral,desktop,8,4.0,4.0,0.0,0.0,1,Desktop Frecuente
5430879576678891336,Direct,desktop,2,26.0,21.5,0.5,0.0,0,Desktop Engaged
5431240026017459443,Organic Search,desktop,2,26.5,22.5,0.0,0.0,0,Desktop Engaged
5433393935590550771,Referral,desktop,5,15.0,12.0,0.0,0.0,1,Desktop Frecuente
5437013238128269518,Organic Search,desktop,1,20.0,20.0,0.0,1.0,2,Weekend Warriors
5438008470160894903,Direct,desktop,2,15.5,13.0,0.0,0.0,0,Desktop Engaged
5438973470974624883,Referral,desktop,1,22.0,21.0,0.0,1.0,2,Weekend Warriors
5441087838163342931,Referral,desktop,2,22.5,18.5,0.0,0.0,0,Desktop Engaged
5441957633456467994,Referral,desktop,10,9.0,8.0,0.0,0.1818181818181818,1,Desktop Frecuente
5442500961218255804,Referral,desktop,6,14.5,12.5,0.3333333333333333,0.5,1,Desktop Frecuente
5446026750047012560,Direct,desktop,3,6.0,6.0,0.0,0.0,1,Desktop Frecuente
5448576624239001417,Organic Search,desktop,4,2.0,2.0,0.0,0.5,1,Desktop Frecuente
5449143729652556849,Referral,desktop,3,27.0,21.0,0.3333333333333333,0.0,0,Desktop Engaged
5449862868756015868,Organic Search,desktop,4,22.5,19.0,0.25,0.25,1,Desktop Frecuente
5450212768993016861,Referral,desktop,4,40.0,28.0,0.0,0.0,0,Desktop Engaged
5450272996112329106,Organic Search,desktop,2,22.5,19.0,0.0,0.5,2,Weekend Warriors
5450370391820188732,Organic Search,desktop,1,34.0,26.0,0.0,0.0,0,Desktop Engaged
5450844266039297896,Direct,desktop,3,2.0,2.0,0.3333333333333333,0.0,1,Desktop Frecuente
5451348672261739783,Organic Search,mobile,2,8.0,6.5,0.0,0.0,3,Mobile Users
5453814942218700103,Organic Search,mobile,4,7.5,7.5,0.5,0.0,3,Mobile Users
5454295090102918326,Referral,desktop,3,6.0,6.0,0.0,0.6666666666666666,1,Desktop Frecuente
5455606693891929152,Direct,desktop,5,3.0,3.0,0.0,0.0,1,Desktop Frecuente
5456592734532030332,Organic Search,desktop,2,33.5,28.5,0.0,0.0,0,Desktop Engaged
5457033415990547887,Referral,desktop,7,9.0,9.0,0.2857142857142857,0.1428571428571428,1,Desktop Frecuente
5457966268582392647,Organic Search,desktop,5,10.0,8.0,0.0,0.0,1,Desktop Frecuente
5465363328893733529,Direct,desktop,2,9.5,7.5,0.0,0.0,1,Desktop Frecuente
5466662603729331412,Referral,desktop,4,6.5,6.5,0.25,0.0,1,Desktop Frecuente
5467849241888825970,Organic Search,desktop,3,32.0,25.0,0.0,0.0,0,Desktop Engaged
5469079519715865124,Referral,desktop,6,1.5,1.5,0.5,0.0,1,Desktop Frecuente
5470058724579220258,Referral,desktop,2,19.0,16.0,0.0,1.0,2,Weekend Warriors
5473881678861602565,Referral,desktop,2,16.0,13.0,0.0,0.0,0,Desktop Engaged
5477663559280891818,Referral,desktop,1,35.0,30.0,0.0,0.0,0,Desktop Engaged
5477992954801999098,Organic Search,mobile,1,12.0,10.0,0.0,0.0,3,Mobile Users
5477995204043660887,Referral,desktop,1,13.0,10.0,0.0,1.0,2,Weekend Warriors
5478724114712597508,Referral,desktop,2,88.0,59.5,0.0,0.5,2,Weekend Warriors
5479337178249732915,Organic Search,tablet,3,25.0,24.0,0.0,1.0,3,Mobile Users
5479473979558156629,Organic Search,desktop,2,45.0,35.0,0.0,1.0,2,Weekend Warriors
5480097913363459675,Direct,desktop,4,15.0,12.5,0.0,0.0,1,Desktop Frecuente
5480128586099490735,Organic Search,desktop,2,17.5,13.5,0.0,0.0,0,Desktop Engaged
5480664730921696819,Direct,desktop,1,56.0,42.0,0.0,0.0,0,Desktop Engaged
5481081028229796179,Referral,desktop,1,75.0,42.0,0.0,0.0,0,Desktop Engaged
5481905937199610748,Direct,mobile,1,40.0,30.0,0.0,0.0,3,Mobile Users
5482268323591147486,Organic Search,desktop,1,47.0,39.0,0.0,0.0,0,Desktop Engaged
5483011806347502134,Referral,desktop,5,11.0,8.0,0.0,0.2,1,Desktop Frecuente
5483156497557634103,Social,desktop,2,13.5,12.5,0.0,0.0,0,Desktop Engaged
5484192431501913475,Referral,desktop,15,7.0,7.0,0.0,0.1333333333333333,1,Desktop Frecuente
5486423312788260329,Organic Search,desktop,5,45.0,30.0,0.0,0.0,0,Desktop Engaged
5487175269492729703,Referral,desktop,2,12.5,12.5,0.0,0.5,2,Weekend Warriors
5488410709317944276,Organic Search,desktop,1,20.0,19.0,0.0,0.0,0,Desktop Engaged
5488842804207914661,Referral,desktop,1,15.0,12.0,0.0,0.0,0,Desktop Engaged
5490718760386524678,Referral,desktop,1,35.0,28.0,0.0,1.0,2,Weekend Warriors
5491117449549870331,Referral,desktop,24,6.5,4.0,0.1666666666666666,0.2083333333333333,1,Desktop Frecuente
5492367789301420845,Referral,desktop,6,12.0,11.0,0.0,0.3333333333333333,1,Desktop Frecuente
5492630606781186660,Referral,desktop,6,18.0,13.5,0.0,0.1666666666666666,1,Desktop Frecuente
5493141514969614509,Direct,desktop,3,3.0,2.0,0.3333333333333333,0.3333333333333333,1,Desktop Frecuente
5494046638667244775,Direct,desktop,1,63.0,44.0,0.0,0.0,0,Desktop Engaged
5498699578432669706,Organic Search,desktop,3,31.0,27.0,0.0,0.0,0,Desktop Engaged
5500182607993931436,Direct,desktop,1,38.0,29.0,0.0,0.0,0,Desktop Engaged
5501735992704421396,Direct,desktop,5,8.0,6.0,0.2,0.0,1,Desktop Frecuente
5505580572887892960,Organic Search,desktop,2,30.0,23.0,0.0,0.5,2,Weekend Warriors
5506252636984240806,Direct,mobile,1,16.0,14.0,0.0,1.0,3,Mobile Users
5506296400494129114,Direct,desktop,2,11.5,11.5,0.0,0.0,0,Desktop Engaged
5506432627540376379,Organic Search,desktop,6,12.0,10.0,0.1666666666666666,0.0,1,Desktop Frecuente
5507236446971002525,Referral,desktop,1,47.0,37.0,0.0,0.0,0,Desktop Engaged
5508164318239659326,Organic Search,mobile,2,18.5,13.0,0.5,1.0,3,Mobile Users
5509634145014116132,Referral,desktop,2,17.5,14.5,0.5,0.0,1,Desktop Frecuente
5510313651975953337,Organic Search,desktop,5,7.0,6.0,0.0,0.2,1,Desktop Frecuente
5510335064677870473,Organic Search,desktop,1,41.0,33.0,0.0,1.0,2,Weekend Warriors
5510897881327893367,Referral,desktop,1,31.0,26.0,0.0,0.0,0,Desktop Engaged
5512744925410659627,Referral,desktop,5,4.0,4.0,0.0,0.0,1,Desktop Frecuente
5513331212846933396,Referral,desktop,3,30.0,23.0,0.0,0.0,0,Desktop Engaged
5513418547926815153,Organic Search,desktop,1,20.0,17.0,0.0,1.0,2,Weekend Warriors
5513556639437908117,Referral,desktop,6,3.0,3.0,0.0,0.0,1,Desktop Frecuente
5514710857144039203,Referral,desktop,3,5.0,5.0,0.0,0.0,1,Desktop Frecuente
5515350445753934486,Direct,desktop,6,38.0,26.0,0.1666666666666666,0.0,0,Desktop Engaged
5516160305654218647,Referral,desktop,5,2.0,2.0,0.2,0.2,1,Desktop Frecuente
5517310575892278995,Referral,desktop,4,13.0,13.0,0.25,0.0,1,Desktop Frecuente
5519565952610799337,Referral,desktop,2,7.5,7.0,0.5,0.0,1,Desktop Frecuente
5519604416801831347,Display,desktop,2,20.5,16.0,0.0,0.0,0,Desktop Engaged
5520761942554213462,Organic Search,desktop,4,66.0,49.0,0.0,0.5,2,Weekend Warriors
5520985287231906451,Direct,desktop,2,10.0,9.0,0.0,1.0,2,Weekend Warriors
5522900869566252601,Referral,desktop,1,40.0,32.0,0.0,0.0,0,Desktop Engaged
5523134434912624925,Display,desktop,2,16.5,14.5,0.0,0.0,0,Desktop Engaged
5524449021244950311,Direct,desktop,1,14.0,13.0,0.0,0.0,0,Desktop Engaged
5525066459488946618,Referral,desktop,3,6.0,5.0,0.0,0.0,1,Desktop Frecuente
5526508111832118259,Referral,desktop,2,34.0,29.5,0.0,0.0,0,Desktop Engaged
5526624295443259064,Paid Search,mobile,5,32.0,26.0,0.0,0.6,3,Mobile Users
5526675926038480325,Direct,desktop,1,500.0,466.0,0.0,1.0,2,Weekend Warriors
5530375638871034769,Direct,desktop,4,5.0,5.0,0.25,0.25,1,Desktop Frecuente
5531467304590272597,Referral,desktop,3,39.0,23.0,0.0,0.0,0,Desktop Engaged
5531566199556647886,Referral,desktop,2,34.5,27.5,0.0,0.0,0,Desktop Engaged
5532417941225696082,Referral,desktop,7,7.0,7.0,0.1428571428571428,0.0,1,Desktop Frecuente
5533303761041103134,Direct,desktop,8,1.0,1.0,0.75,0.125,1,Desktop Frecuente
5534685306856888112,Organic Search,desktop,1,59.0,49.0,0.0,0.0,0,Desktop Engaged
5535005184327242090,Organic Search,desktop,2,60.5,38.5,0.0,0.0,0,Desktop Engaged
5535488940465065287,Direct,desktop,1,41.0,33.0,0.0,0.0,0,Desktop Engaged
5535500451008773788,Referral,desktop,3,17.0,11.0,0.0,0.0,0,Desktop Engaged
5536585753094480600,Direct,desktop,3,4.0,4.0,0.3333333333333333,0.0,1,Desktop Frecuente
5537140767196108194,Direct,desktop,5,15.0,13.0,0.0,0.0,1,Desktop Frecuente
5538435101700540876,Organic Search,desktop,5,19.0,15.0,0.2,0.4,1,Desktop Frecuente
5540414739780174811,Referral,desktop,9,16.0,8.0,0.1111111111111111,0.1111111111111111,1,Desktop Frecuente
5540724306740925009,Referral,desktop,1,18.0,16.0,0.0,0.0,0,Desktop Engaged
5541013582108624556,Direct,desktop,2,26.0,20.5,0.0,0.0,0,Desktop Engaged
5541311886379272019,Direct,desktop,5,3.0,3.0,0.2,0.0,1,Desktop Frecuente
5541410550636269362,Organic Search,desktop,4,21.5,14.0,0.0,0.0,0,Desktop Engaged
5541640831411954613,Referral,desktop,1,30.0,27.0,0.0,0.0,0,Desktop Engaged
5541886923093040975,Referral,desktop,5,26.0,17.0,0.2,0.2,1,Desktop Frecuente
5542047417982345824,Referral,desktop,4,49.5,33.5,0.0,0.0,0,Desktop Engaged
5542844395633027147,Referral,desktop,7,4.0,3.0,0.2857142857142857,0.1428571428571428,1,Desktop Frecuente
5543720275163396146,Organic Search,desktop,5,8.0,7.0,0.4,0.0,1,Desktop Frecuente
5544703101015232605,Referral,desktop,5,5.0,4.0,0.0,0.0,1,Desktop Frecuente
5546357899055367102,Referral,desktop,3,7.0,5.0,0.0,0.0,1,Desktop Frecuente
5546697175223697472,Referral,desktop,2,19.5,18.5,0.0,0.0,0,Desktop Engaged
5546743631344765720,Organic Search,desktop,1,59.0,37.0,0.0,0.0,0,Desktop Engaged
5546793669751235607,Organic Search,desktop,4,9.5,7.0,0.25,0.0,1,Desktop Frecuente
5549135228417306285,Organic Search,desktop,17,5.0,5.0,0.0,0.0588235294117647,1,Desktop Frecuente
5552453019078254306,Referral,desktop,4,13.5,12.0,0.25,0.0,1,Desktop Frecuente
5553022010175334700,Referral,desktop,2,53.0,23.5,0.5,0.0,0,Desktop Engaged
5553543772458021100,Organic Search,desktop,3,25.0,17.0,0.3333333333333333,0.0,0,Desktop Engaged
5553577295903148594,Organic Search,mobile,4,4.0,4.0,0.5,0.0,3,Mobile Users
5554031903314376393,Referral,desktop,1,13.0,11.0,0.0,0.0,0,Desktop Engaged
5555490388614150520,Referral,desktop,4,5.0,4.5,0.0,0.25,1,Desktop Frecuente
5556519873090300831,Referral,desktop,6,3.5,3.0,0.1666666666666666,0.0,1,Desktop Frecuente
5556648817783304059,Referral,desktop,2,10.5,10.5,0.0,0.0,1,Desktop Frecuente
5557717188766173327,Organic Search,desktop,5,8.0,8.0,0.0,0.4,1,Desktop Frecuente
5560297984999378584,Direct,desktop,12,7.5,7.5,0.25,0.3333333333333333,1,Desktop Frecuente
5560738691178582099,Direct,desktop,1,30.0,27.0,0.0,0.0,0,Desktop Engaged
5561134301954215785,Organic Search,desktop,3,12.0,8.0,0.0,0.0,1,Desktop Frecuente
5563123334052007578,Organic Search,mobile,1,17.0,15.0,0.0,0.0,3,Mobile Users
5563168194966233133,Referral,desktop,2,21.5,16.0,0.0,0.0,0,Desktop Engaged
5563434694269548184,Organic Search,desktop,2,53.0,40.5,0.0,0.0,0,Desktop Engaged
5564329510174099370,Organic Search,desktop,3,1.0,1.0,0.6666666666666666,0.0,1,Desktop Frecuente
5564610750564086192,Organic Search,desktop,2,64.5,43.0,0.0,0.0,0,Desktop Engaged
5565360856362837740,Referral,desktop,1,32.0,31.0,0.0,0.0,0,Desktop Engaged
5566679994266805984,Referral,desktop,2,20.5,15.0,0.5,0.0,0,Desktop Engaged
5567063922229445613,Paid Search,desktop,1,32.0,29.0,0.0,1.0,2,Weekend Warriors
5567359390625542326,Organic Search,desktop,3,13.0,12.0,0.0,0.3333333333333333,1,Desktop Frecuente
5567725052045754529,Referral,desktop,2,19.5,17.5,0.0,0.0,0,Desktop Engaged
5569275433551045400,Organic Search,tablet,3,8.0,8.0,0.0,0.6666666666666666,3,Mobile Users
5571134167525612078,Referral,desktop,1,15.0,13.0,0.0,0.0,0,Desktop Engaged
5573758445648159891,Direct,desktop,1,56.0,39.0,0.0,0.0,0,Desktop Engaged
5573862232372120211,Direct,desktop,6,25.0,21.0,0.0,0.0,1,Desktop Frecuente
5574984436191734530,Referral,desktop,7,77.0,47.0,0.0,0.0,0,Desktop Engaged
5575489198519963160,Organic Search,desktop,13,10.0,9.0,0.0769230769230769,0.5384615384615384,1,Desktop Frecuente
5575936581064854068,Organic Search,desktop,2,24.0,23.0,0.0,0.0,0,Desktop Engaged
5576035049116841174,Referral,desktop,2,39.0,28.0,0.0,1.0,2,Weekend Warriors
5577094187209955353,Referral,desktop,2,8.0,7.5,0.0,0.0,1,Desktop Frecuente
5578954163895924793,Referral,desktop,1,18.0,14.0,0.0,0.0,0,Desktop Engaged
5579426587709014317,Direct,desktop,1,18.0,14.0,0.0,0.0,0,Desktop Engaged
5579921985700518049,Referral,desktop,7,3.0,3.0,0.1428571428571428,0.0,1,Desktop Frecuente
5579963663237944825,Referral,desktop,1,25.0,21.0,0.0,0.0,0,Desktop Engaged
5580729161862830702,Affiliates,mobile,2,31.0,25.0,0.0,0.5,3,Mobile Users
5581127856210744307,Organic Search,desktop,2,31.5,27.5,0.0,0.0,0,Desktop Engaged
5581714403663520162,Organic Search,desktop,1,32.0,24.0,0.0,0.0,0,Desktop Engaged
5584411114546174652,Referral,desktop,12,7.0,6.0,0.3333333333333333,0.0,1,Desktop Frecuente
5584945563861944723,Referral,desktop,2,124.0,75.5,0.0,0.0,0,Desktop Engaged
5587285412268223147,Organic Search,desktop,1,33.0,26.0,0.0,0.0,0,Desktop Engaged
5590346028970118637,Paid Search,mobile,1,25.0,22.0,0.0,0.0,3,Mobile Users
5590743844926892757,Direct,desktop,32,19.5,16.0,0.0625,0.03125,1,Desktop Frecuente
5590886832095311283,Organic Search,desktop,1,66.0,46.0,0.0,0.0,0,Desktop Engaged
5591592424191591132,Referral,desktop,2,15.0,13.5,0.0,0.0,0,Desktop Engaged
5591828817981508202,Organic Search,desktop,6,2.0,2.0,0.3333333333333333,0.0,1,Desktop Frecuente
5592426380056165387,Referral,desktop,2,20.0,20.0,0.0,0.0,0,Desktop Engaged
5592469018549253101,Referral,desktop,2,8.0,7.5,0.0,0.0,1,Desktop Frecuente
5592881072764401031,Organic Search,desktop,3,32.0,28.0,0.0,0.0,0,Desktop Engaged
5594550862521912148,Referral,desktop,4,14.0,10.5,0.0,0.5,1,Desktop Frecuente
5599295096941402799,Referral,desktop,4,8.5,7.5,0.0,0.0,1,Desktop Frecuente
5601331232035413778,Organic Search,mobile,6,17.0,12.0,0.1428571428571428,0.4285714285714285,3,Mobile Users
5602367908405796576,Organic Search,desktop,1,23.0,18.0,0.0,0.0,0,Desktop Engaged
5603141733790765998,Referral,desktop,5,11.0,9.0,0.0,0.2,1,Desktop Frecuente
5604492161936602744,Organic Search,mobile,11,2.0,2.0,0.4545454545454545,0.0909090909090909,3,Mobile Users
5604878405590079298,Organic Search,desktop,1,47.0,39.0,0.0,0.0,0,Desktop Engaged
5606007994781234894,Direct,desktop,4,8.5,7.0,0.25,0.0,1,Desktop Frecuente
5607760817604104979,Referral,desktop,1,13.0,13.0,0.0,1.0,2,Weekend Warriors
5608024897662602499,Paid Search,desktop,2,16.5,13.5,0.0,0.0,0,Desktop Engaged
5608846889969953752,Referral,desktop,1,50.0,41.0,0.0,0.0,0,Desktop Engaged
5609394618521393122,Direct,desktop,1,58.0,44.0,0.0,0.0,0,Desktop Engaged
5609577776870095596,Organic Search,mobile,1,32.0,29.0,0.0,0.0,3,Mobile Users
5610034740726325654,Organic Search,desktop,1,11.0,11.0,0.0,0.0,0,Desktop Engaged
5610138388014426399,Organic Search,desktop,1,14.0,13.0,0.0,0.0,0,Desktop Engaged
5610631581931690167,Organic Search,desktop,3,3.0,3.0,0.0,0.0,1,Desktop Frecuente
5612267454123483298,Referral,desktop,2,51.0,39.0,0.0,1.0,2,Weekend Warriors
5612437440954478769,Organic Search,desktop,1,60.0,49.0,0.0,0.0,0,Desktop Engaged
5612807768965191337,Referral,desktop,3,7.0,6.0,0.3333333333333333,0.0,1,Desktop Frecuente
5613309265736264398,Organic Search,desktop,1,40.0,29.0,0.0,1.0,2,Weekend Warriors
5613784133853070022,Organic Search,desktop,4,18.0,10.5,0.25,0.0,1,Desktop Frecuente
5614442776922836498,Referral,desktop,6,6.5,6.5,0.0,0.1666666666666666,1,Desktop Frecuente
5614576136244185629,Paid Search,tablet,8,2.0,2.0,0.375,0.0,3,Mobile Users
5614933090112217012,Paid Search,mobile,4,15.5,14.5,0.0,0.0,3,Mobile Users
5615160633552523867,Display,desktop,4,11.0,10.0,0.0,0.0,1,Desktop Frecuente
5615435557331654733,Referral,desktop,1,37.0,22.0,0.0,0.0,0,Desktop Engaged
5615659499306558316,Direct,desktop,4,20.0,16.0,0.0,0.0,1,Desktop Frecuente
5617359298212558495,Referral,desktop,3,22.0,14.0,0.0,1.0,2,Weekend Warriors
5617770153245303309,Referral,desktop,8,3.0,3.0,0.125,0.0,1,Desktop Frecuente
5618988196982024867,Organic Search,desktop,3,29.0,23.0,0.3333333333333333,0.0,0,Desktop Engaged
5620325243593329832,Organic Search,desktop,1,29.0,22.0,0.0,0.0,0,Desktop Engaged
5621966103011693855,Referral,desktop,1,57.0,48.0,0.0,1.0,2,Weekend Warriors
5623116547642226257,Referral,desktop,6,4.5,4.5,0.3333333333333333,0.0,1,Desktop Frecuente
5623565277433732918,Organic Search,desktop,2,13.5,12.0,0.0,0.5,2,Weekend Warriors
5623565664347898852,Referral,desktop,2,24.5,17.5,0.5,0.0,0,Desktop Engaged
5623787405926174172,Referral,desktop,2,43.0,31.0,0.0,0.5,2,Weekend Warriors
5625987302621131886,Organic Search,desktop,2,11.0,9.0,0.5,0.0,1,Desktop Frecuente
5626083810340068803,Direct,desktop,1,8.0,8.0,0.0,0.0,0,Desktop Engaged
5626321780782440576,Paid Search,desktop,2,21.0,17.0,0.0,0.0,0,Desktop Engaged
5626842040347507699,Referral,desktop,1,33.0,25.0,0.0,0.0,0,Desktop Engaged
5627236441803896511,Referral,desktop,2,17.0,16.0,0.0,0.0,0,Desktop Engaged
5627918840858473196,Direct,desktop,1,30.0,22.0,0.0,1.0,2,Weekend Warriors
5631096554294292900,Referral,desktop,4,4.5,4.5,0.25,0.0,1,Desktop Frecuente
5632276788326171571,Direct,desktop,6,2.0,2.0,0.3333333333333333,0.0,1,Desktop Frecuente
5632994425337545327,Paid Search,desktop,3,26.0,19.0,0.0,0.0,0,Desktop Engaged
5633631220777079493,Referral,desktop,1,33.0,26.0,0.0,0.0,0,Desktop Engaged
5638519813999798769,Referral,desktop,4,15.0,13.5,0.25,0.5,1,Desktop Frecuente
5638681280210708810,Referral,desktop,2,18.0,15.0,0.5,0.0,1,Desktop Frecuente
5639438910924480453,Organic Search,desktop,1,36.0,27.0,0.0,0.0,0,Desktop Engaged
5640250262390805538,Referral,desktop,1,8.0,8.0,0.0,0.0,0,Desktop Engaged
5642185407180731609,Referral,desktop,2,29.0,24.0,0.0,0.0,0,Desktop Engaged
5642313646372078492,Display,mobile,1,23.0,22.0,0.0,0.0,3,Mobile Users
5643846137033139935,Referral,desktop,1,13.0,13.0,0.0,0.0,0,Desktop Engaged
5646360372391287672,Referral,desktop,1,14.0,14.0,0.0,0.0,0,Desktop Engaged
5646538776794070198,Organic Search,mobile,1,15.0,13.0,0.0,1.0,3,Mobile Users
5647890660004661516,Referral,desktop,1,13.0,11.0,0.0,0.0,0,Desktop Engaged
5651255012455106470,Paid Search,desktop,2,14.0,12.5,0.0,0.0,0,Desktop Engaged
5652101550786394440,Referral,desktop,1,34.0,29.0,0.0,0.0,0,Desktop Engaged
5652426289480928478,Referral,desktop,1,25.0,22.0,0.0,0.0,0,Desktop Engaged
5655215807507744512,Organic Search,desktop,3,30.0,22.0,0.0,0.3333333333333333,0,Desktop Engaged
5656797100186681238,Referral,desktop,3,22.0,19.0,0.0,0.3333333333333333,0,Desktop Engaged
5657677988182303423,Referral,desktop,6,7.5,6.5,0.0,0.1666666666666666,1,Desktop Frecuente
5662114146782089874,Organic Search,desktop,2,27.0,20.0,0.0,1.0,2,Weekend Warriors
5668178612875177836,Referral,desktop,1,34.0,25.0,0.0,0.0,0,Desktop Engaged
5668433030865339442,Referral,desktop,5,5.0,5.0,0.0,0.0,1,Desktop Frecuente
5670613208439164608,Referral,desktop,1,53.0,39.0,0.0,0.0,0,Desktop Engaged
5671628686100405217,Referral,desktop,4,8.0,6.0,0.0,0.0,1,Desktop Frecuente
5671688466209278718,Referral,desktop,1,35.0,26.0,0.0,0.0,0,Desktop Engaged
5671719199907401698,Organic Search,mobile,4,1.0,1.0,0.75,0.0,3,Mobile Users
5674116106082895217,Organic Search,mobile,2,41.0,24.0,0.5,0.0,3,Mobile Users
5674996555424761668,Referral,desktop,5,9.0,7.0,0.0,0.0,1,Desktop Frecuente
5675389937298444506,Organic Search,desktop,1,18.0,16.0,0.0,1.0,2,Weekend Warriors
5675405939347398013,Organic Search,mobile,1,45.0,36.0,0.0,0.0,3,Mobile Users
5675830566219535598,Referral,desktop,1,35.0,31.0,0.0,0.0,0,Desktop Engaged
5676016082432448460,Referral,desktop,5,12.0,10.0,0.4,0.0,1,Desktop Frecuente
5676082759933855765,Organic Search,desktop,2,32.0,25.0,0.0,0.5,2,Weekend Warriors
5677740195938501149,Organic Search,desktop,4,6.5,4.5,0.0,0.0,1,Desktop Frecuente
5682452231721622029,Organic Search,mobile,15,5.0,5.0,0.2666666666666666,0.2666666666666666,3,Mobile Users
5683651223956848333,Organic Search,desktop,2,43.5,29.0,0.0,0.0,0,Desktop Engaged
5684662466118174042,Display,desktop,2,8.0,7.5,0.0,0.0,1,Desktop Frecuente
5686997736111090309,Direct,desktop,2,8.0,7.5,0.0,0.0,1,Desktop Frecuente
5687201440185842310,Referral,desktop,1,14.0,12.0,0.0,0.0,0,Desktop Engaged
5687667730920600613,Organic Search,desktop,57,3.0,3.0,0.2807017543859649,0.3684210526315789,1,Desktop Frecuente
5687848862260392694,Organic Search,desktop,5,7.0,6.0,0.0,0.2,1,Desktop Frecuente
5688849744235446525,Direct,desktop,5,6.0,5.0,0.2,0.0,1,Desktop Frecuente
5689475961693395998,Referral,desktop,4,29.5,22.0,0.0,0.0,0,Desktop Engaged
5690101564686025758,Referral,desktop,4,7.0,6.0,0.25,0.0,1,Desktop Frecuente
5691228855195017010,Organic Search,desktop,5,21.0,14.0,0.0,0.4,1,Desktop Frecuente
5692598567107013181,Direct,desktop,2,24.5,10.5,0.0,0.0,0,Desktop Engaged
5694129009662162026,Organic Search,desktop,7,4.0,3.0,0.2857142857142857,0.2857142857142857,1,Desktop Frecuente
5696607948314871944,Referral,desktop,5,18.0,14.0,0.2,0.0,1,Desktop Frecuente
5696877921911680957,Direct,desktop,2,20.0,17.5,0.0,0.5,2,Weekend Warriors
5697412043275754287,Direct,desktop,4,4.5,4.5,0.25,0.0,1,Desktop Frecuente
5697742693830141679,Direct,desktop,1,74.0,51.0,0.0,0.0,0,Desktop Engaged
5698598746272990860,Organic Search,desktop,1,19.0,17.0,0.0,0.0,0,Desktop Engaged
5700698092270325485,Organic Search,mobile,6,8.5,7.5,0.1666666666666666,0.5,3,Mobile Users
5701006754406166040,Organic Search,desktop,5,3.0,3.0,0.4,0.2,1,Desktop Frecuente
5701217119203777445,Direct,desktop,2,10.5,9.5,0.0,0.0,0,Desktop Engaged
5701386629196414952,Referral,desktop,8,11.0,10.5,0.125,0.25,1,Desktop Frecuente
5702250706179149383,Organic Search,mobile,5,1.0,1.0,0.6,0.4,3,Mobile Users
5703962423814396269,Referral,desktop,22,16.5,16.0,0.0,0.0,1,Desktop Frecuente
5704806985396166300,Referral,desktop,1,15.0,12.0,0.0,0.0,0,Desktop Engaged
5704821890864354463,Organic Search,desktop,7,11.0,11.0,0.2857142857142857,0.0,1,Desktop Frecuente
5707589491690970706,Organic Search,desktop,1,38.0,29.0,0.0,0.0,0,Desktop Engaged
5709093382250533707,Organic Search,desktop,4,16.0,13.5,0.25,0.5,1,Desktop Frecuente
5709497068123845619,Organic Search,desktop,1,35.0,28.0,0.0,0.0,0,Desktop Engaged
5711731489189820466,Paid Search,desktop,1,22.0,17.0,0.0,0.0,0,Desktop Engaged
5712068909667694564,Organic Search,desktop,8,14.5,10.5,0.375,0.125,1,Desktop Frecuente
5712192985842423649,Referral,desktop,3,11.0,7.0,0.0,0.0,1,Desktop Frecuente
5712421789817906030,Referral,desktop,1,24.0,22.0,0.0,0.0,0,Desktop Engaged
5712957387241378835,Organic Search,desktop,9,13.0,11.0,0.0,0.1111111111111111,1,Desktop Frecuente
5713958052491086700,Referral,desktop,4,27.0,21.0,0.25,0.0,1,Desktop Frecuente
5714578235466782917,Referral,desktop,1,31.0,25.0,0.0,0.0,0,Desktop Engaged
5715888696810396175,Referral,desktop,2,13.5,11.5,0.0,0.0,0,Desktop Engaged
5716546627685384562,Organic Search,desktop,5,13.0,9.0,0.0,0.4,1,Desktop Frecuente
5716994513150474293,Organic Search,desktop,2,9.0,8.0,0.0,0.0,1,Desktop Frecuente
5718010271440408219,Direct,tablet,2,9.0,9.0,0.5,0.5,3,Mobile Users
5719637398048239955,Organic Search,desktop,1,42.0,38.0,0.0,0.0,0,Desktop Engaged
5720584332217047483,Referral,desktop,5,20.0,16.0,0.2,0.0,1,Desktop Frecuente
5723778422683345632,Organic Search,desktop,1,48.0,42.0,0.0,0.0,0,Desktop Engaged
5724098940737285111,Direct,desktop,2,14.0,13.0,0.5,0.0,1,Desktop Frecuente
5726599650920385444,Organic Search,mobile,2,13.5,12.5,0.5,0.0,3,Mobile Users
5727689295522031666,Referral,desktop,3,35.0,25.0,0.0,0.0,0,Desktop Engaged
5729167288225910625,Referral,desktop,15,12.0,9.0,0.1333333333333333,0.0,1,Desktop Frecuente
5735801117087440751,Referral,desktop,1,23.0,20.0,0.0,0.0,0,Desktop Engaged
5735858296023788680,Organic Search,desktop,1,52.0,38.0,0.0,0.0,0,Desktop Engaged
5737086598744080842,Organic Search,desktop,1,37.0,31.0,0.0,0.0,0,Desktop Engaged
5738378843215726738,Referral,desktop,3,21.0,14.0,0.0,0.0,0,Desktop Engaged
5739401273525680834,Organic Search,desktop,1,13.0,13.0,0.0,1.0,2,Weekend Warriors
5739969347457225877,Direct,desktop,1,15.0,14.0,0.0,0.0,0,Desktop Engaged
5740736607578990652,Organic Search,desktop,1,77.0,54.0,0.0,0.0,0,Desktop Engaged
5742253560990326781,Referral,desktop,1,51.0,44.0,0.0,0.0,0,Desktop Engaged
5742668181891576634,Display,desktop,1,72.0,54.0,0.0,0.0,0,Desktop Engaged
5743796585353969433,Organic Search,desktop,2,19.5,14.5,0.0,0.0,0,Desktop Engaged
5745206935661366884,Organic Search,tablet,2,16.0,12.0,0.5,0.5,3,Mobile Users
5745416288055628376,Organic Search,desktop,3,8.0,8.0,0.3333333333333333,1.0,2,Weekend Warriors
5745951615657904968,Organic Search,desktop,3,10.0,10.0,0.0,0.0,1,Desktop Frecuente
5747102383457651943,Direct,desktop,3,9.0,6.0,0.0,0.0,1,Desktop Frecuente
5747990905511584859,Referral,desktop,5,3.0,3.0,0.4,0.4,1,Desktop Frecuente
5749321926429914801,Referral,desktop,6,5.5,5.5,0.1666666666666666,0.0,1,Desktop Frecuente
5751162786265833024,Referral,desktop,11,2.0,1.0,0.4545454545454545,0.0,1,Desktop Frecuente
5753687412615654863,Referral,desktop,7,3.0,3.0,0.1428571428571428,0.0,1,Desktop Frecuente
5756208439960248003,Organic Search,desktop,2,19.5,14.5,0.0,0.0,0,Desktop Engaged
5759286550067943008,Referral,desktop,1,39.0,30.0,0.0,0.0,0,Desktop Engaged
5759869203638268545,Organic Search,desktop,2,55.0,38.5,0.0,0.0,0,Desktop Engaged
5760490901418119265,Direct,desktop,1,14.0,14.0,0.0,0.0,0,Desktop Engaged
5760753352577829144,Direct,desktop,2,43.5,33.5,0.0,0.0,0,Desktop Engaged
5761840295662617853,Organic Search,desktop,8,9.0,7.0,0.0,0.1111111111111111,1,Desktop Frecuente
5762152296727527902,Organic Search,desktop,2,15.5,13.5,0.0,0.0,0,Desktop Engaged
5763555354582854124,Referral,desktop,1,21.0,17.0,0.0,0.0,0,Desktop Engaged
5763778291499877019,Direct,desktop,1,21.0,19.0,0.0,0.0,0,Desktop Engaged
5764262000762138586,Organic Search,desktop,3,13.0,12.0,0.3333333333333333,0.0,1,Desktop Frecuente
5764332296932136654,Referral,desktop,4,27.0,18.5,0.0,0.25,0,Desktop Engaged
5766280637423737637,Direct,desktop,2,18.5,16.0,0.5,0.0,0,Desktop Engaged
5767255881668877462,Referral,desktop,8,15.0,12.5,0.375,0.25,1,Desktop Frecuente
5767625286070900828,Referral,desktop,4,4.0,4.0,0.25,0.0,1,Desktop Frecuente
5768103132936942403,Organic Search,desktop,10,8.5,8.5,0.1,0.0,1,Desktop Frecuente
5768596721940711560,Referral,desktop,1,58.0,47.0,0.0,0.0,0,Desktop Engaged
5772921781547143127,Referral,desktop,8,17.0,13.5,0.0,0.0,1,Desktop Frecuente
5774321029448220916,Referral,desktop,3,1.0,1.0,0.6666666666666666,0.0,1,Desktop Frecuente
5774394819258037002,Direct,desktop,1,38.0,35.0,0.0,1.0,2,Weekend Warriors
5779647444057786360,Referral,desktop,2,13.5,10.5,0.0,0.0,0,Desktop Engaged
5783843869687303136,Organic Search,desktop,3,27.0,23.0,0.0,0.0,0,Desktop Engaged
5785105569692968481,Referral,desktop,2,10.0,9.5,0.0,0.0,1,Desktop Frecuente
5786155979691918180,Organic Search,desktop,1,86.0,71.0,0.0,0.0,0,Desktop Engaged
5787719394143012193,Referral,desktop,6,16.0,11.5,0.0,0.0,1,Desktop Frecuente
5788942005680192808,Direct,mobile,1,25.0,23.0,0.0,0.0,3,Mobile Users
5789301250330141247,Organic Search,mobile,3,1.0,1.0,0.6666666666666666,0.6666666666666666,3,Mobile Users
5789628268074280391,Referral,desktop,10,5.5,4.0,0.2,0.6,1,Desktop Frecuente
5789730670483285107,Direct,desktop,1,60.0,44.0,0.0,0.0,0,Desktop Engaged
5791424839538217435,Referral,desktop,1,18.0,16.0,0.0,0.0,0,Desktop Engaged
5792950527523164099,Organic Search,desktop,1,22.0,21.0,0.0,0.0,0,Desktop Engaged
5793274854456231464,Referral,desktop,6,5.0,4.0,0.1666666666666666,0.1666666666666666,1,Desktop Frecuente
5793548802534178170,Referral,desktop,8,11.0,10.5,0.0,0.25,1,Desktop Frecuente
5793599862151444630,Referral,desktop,2,25.5,17.0,0.0,0.0,0,Desktop Engaged
5795343041748659028,Referral,desktop,2,10.5,8.5,0.0,0.0,0,Desktop Engaged
5795630000736964663,Referral,desktop,1,20.0,18.0,0.0,0.0,0,Desktop Engaged
5802825037906535413,Referral,desktop,2,9.0,6.5,0.5,0.5,1,Desktop Frecuente
5803364936823786430,Organic Search,desktop,2,32.0,27.5,0.0,0.0,0,Desktop Engaged
5804926577039377233,Referral,desktop,5,52.0,35.0,0.0,0.6,2,Weekend Warriors
5805078807561705608,Organic Search,desktop,6,3.0,3.0,0.0,0.0,1,Desktop Frecuente
5805087483556745945,Organic Search,desktop,2,17.0,13.0,0.0,0.0,0,Desktop Engaged
5807278314451544984,Referral,desktop,2,16.5,13.0,0.0,0.0,0,Desktop Engaged
5810160543155445886,Direct,desktop,6,6.0,5.5,0.0,0.0,1,Desktop Frecuente
5810770256591004737,Direct,desktop,7,42.0,31.0,0.0,0.0,0,Desktop Engaged
5811368078800551365,Paid Search,desktop,7,4.0,4.0,0.1428571428571428,0.1428571428571428,1,Desktop Frecuente
5811515226534313470,Organic Search,desktop,2,22.5,18.0,0.5,1.0,2,Weekend Warriors
5812572929202367937,Organic Search,desktop,2,13.5,10.5,0.0,0.5,2,Weekend Warriors
5814707242199508496,Direct,desktop,3,5.0,5.0,0.0,0.0,1,Desktop Frecuente
5814980334876441459,Referral,desktop,6,15.5,12.5,0.0,0.1666666666666666,1,Desktop Frecuente
5816018559064540800,Direct,desktop,8,10.0,8.0,0.125,0.0,1,Desktop Frecuente
5816514381907176001,Organic Search,mobile,1,57.0,45.0,0.0,1.0,2,Weekend Warriors
5817093760700950261,Direct,desktop,1,16.0,14.0,0.0,0.0,0,Desktop Engaged
5818809333488367777,Organic Search,desktop,3,11.0,11.0,0.0,0.0,1,Desktop Frecuente
5818907015155531907,Referral,desktop,4,9.5,7.5,0.0,0.0,1,Desktop Frecuente
5820498420449602355,Organic Search,desktop,4,8.5,5.5,0.0,0.75,1,Desktop Frecuente
5821918724383894548,Organic Search,desktop,3,5.0,4.0,0.0,0.3333333333333333,1,Desktop Frecuente
5822507933950727882,Referral,desktop,1,18.0,15.0,0.0,0.0,0,Desktop Engaged
5822916337275762217,Organic Search,desktop,1,73.0,53.0,0.0,0.0,0,Desktop Engaged
5823529938186171963,Referral,desktop,1,21.0,19.0,0.0,0.0,0,Desktop Engaged
5824723295057782001,Organic Search,desktop,1,35.0,27.0,0.0,0.0,0,Desktop Engaged
5824752657064007400,Referral,desktop,1,39.0,29.0,0.0,0.0,0,Desktop Engaged
5825968802963452704,Organic Search,mobile,3,3.0,3.0,0.0,0.0,3,Mobile Users
5826166060122171191,Referral,desktop,2,7.5,7.5,0.5,0.0,1,Desktop Frecuente
5826737021779185298,Referral,desktop,13,2.0,2.0,0.4615384615384615,0.0,1,Desktop Frecuente
5827357035800139302,Organic Search,desktop,5,9.0,8.0,0.2,0.0,1,Desktop Frecuente
5828638042083405599,Organic Search,mobile,5,1.0,1.0,0.6,0.4,3,Mobile Users
5834707574158732098,Direct,desktop,2,23.5,21.5,0.0,0.0,0,Desktop Engaged
5834989441193256083,Social,mobile,2,9.5,9.0,0.5,0.5,3,Mobile Users
5835011534221003810,Organic Search,desktop,3,16.0,14.0,0.0,0.0,0,Desktop Engaged
5835265131726609192,Referral,desktop,1,44.0,34.0,0.0,0.0,0,Desktop Engaged
5835418306887672621,Organic Search,desktop,2,19.0,19.0,0.0,0.0,0,Desktop Engaged
5836015565471954596,Organic Search,desktop,8,7.5,7.0,0.0,0.125,1,Desktop Frecuente
5840295243911523760,Referral,desktop,3,24.0,18.0,0.0,0.0,0,Desktop Engaged
5840491569007518848,Organic Search,desktop,1,52.0,36.0,0.0,0.0,0,Desktop Engaged
5841808203140445242,Referral,desktop,3,24.0,15.0,0.0,0.0,0,Desktop Engaged
5843493310673425771,Referral,desktop,4,22.0,18.0,0.0,0.5,2,Weekend Warriors
5843958474903500870,Direct,mobile,3,18.0,9.0,0.3333333333333333,0.0,3,Mobile Users
5844499585021930653,Direct,desktop,4,18.0,12.5,0.25,0.0,1,Desktop Frecuente
5844997119511169482,Organic Search,desktop,1,25.0,23.0,0.0,0.0,0,Desktop Engaged
5845196577057429704,Organic Search,desktop,1,20.0,18.0,0.0,1.0,2,Weekend Warriors
5845571367223986195,Direct,mobile,2,5.5,5.0,0.5,0.0,3,Mobile Users
5846459704283557603,Organic Search,mobile,1,21.0,19.0,0.0,0.0,3,Mobile Users
5846746370544767584,Organic Search,desktop,1,37.0,31.0,0.0,0.0,0,Desktop Engaged
5847358167202480960,Referral,desktop,1,68.0,48.0,0.0,0.0,0,Desktop Engaged
5847645820531531550,Organic Search,desktop,1,49.0,40.0,0.0,1.0,2,Weekend Warriors
5849047168572245769,Referral,desktop,1,25.0,18.0,0.0,1.0,2,Weekend Warriors
5849605114063721610,Display,desktop,4,9.0,9.0,0.0,0.25,1,Desktop Frecuente
5850295749820717320,Referral,desktop,3,4.0,4.0,0.0,0.0,1,Desktop Frecuente
5851591500795838131,Organic Search,desktop,1,26.0,23.0,0.0,0.0,0,Desktop Engaged
5852177506011549938,Organic Search,desktop,1,28.0,22.0,0.0,0.0,0,Desktop Engaged
5852501539446782255,Direct,desktop,3,20.0,15.0,0.0,0.0,0,Desktop Engaged
5853503812958964619,Referral,desktop,3,2.0,2.0,0.3333333333333333,0.0,1,Desktop Frecuente
5855788158613478931,Referral,desktop,1,49.0,39.0,0.0,0.0,0,Desktop Engaged
5857188717292018913,Organic Search,desktop,3,17.0,11.0,0.0,0.0,0,Desktop Engaged
5857676743018965961,Referral,desktop,12,7.0,5.0,0.0833333333333333,0.0833333333333333,1,Desktop Frecuente
5858408190498927717,Referral,desktop,8,5.0,4.0,0.0,0.0,1,Desktop Frecuente
5859181689255214491,Organic Search,mobile,2,7.5,6.5,0.0,1.0,3,Mobile Users
5862903247995019263,Referral,desktop,3,20.0,12.0,0.0,0.0,0,Desktop Engaged
5863375721947621054,Referral,desktop,2,7.0,6.0,0.5,0.0,1,Desktop Frecuente
5864276802180116505,Direct,desktop,2,8.5,8.0,0.5,0.0,1,Desktop Frecuente
5864660038605471307,Organic Search,desktop,2,19.0,17.5,0.0,0.5,2,Weekend Warriors
5867199929818257756,Referral,desktop,3,55.0,46.0,0.0,0.0,0,Desktop Engaged
5869870458569209553,Organic Search,mobile,1,26.0,25.0,0.0,0.0,3,Mobile Users
5870280027247328247,Direct,desktop,4,19.0,16.0,0.0,0.0,1,Desktop Frecuente
5871441013780996077,Referral,desktop,1,28.0,25.0,0.0,0.0,0,Desktop Engaged
5872995235410179138,Paid Search,mobile,2,10.5,8.0,0.5,0.0,3,Mobile Users
5873491468914414978,Organic Search,tablet,4,23.5,19.5,0.25,0.0,3,Mobile Users
5873856705282402939,Referral,desktop,2,46.0,37.0,0.0,0.0,0,Desktop Engaged
5874652729047848960,Direct,desktop,3,9.0,8.0,0.0,0.0,1,Desktop Frecuente
5876745703341154088,Direct,mobile,3,6.0,4.0,0.3333333333333333,0.3333333333333333,3,Mobile Users
5876856454861855594,Referral,desktop,1,17.0,15.0,0.0,0.0,0,Desktop Engaged
5877921283678056526,Referral,desktop,2,20.5,18.5,0.0,0.0,0,Desktop Engaged
5878115499430708439,Organic Search,tablet,4,5.5,5.5,0.25,0.0,3,Mobile Users
5879037707038281515,Referral,desktop,2,24.0,16.5,0.0,0.0,0,Desktop Engaged
5879189305349392222,Referral,desktop,2,8.5,7.5,0.0,0.5,1,Desktop Frecuente
5879552143073361372,Organic Search,desktop,6,11.0,9.5,0.0,0.6666666666666666,1,Desktop Frecuente
5881420815591584294,Referral,desktop,9,11.0,8.0,0.2222222222222222,0.0,1,Desktop Frecuente
5881534994111255224,Paid Search,desktop,1,39.0,35.0,0.0,0.0,0,Desktop Engaged
5883817071899386172,Organic Search,mobile,1,21.0,18.0,0.0,1.0,3,Mobile Users
5887797695052226909,Organic Search,desktop,1,144.0,111.0,0.0,0.0,0,Desktop Engaged
5887849058822875277,Referral,desktop,5,8.0,5.0,0.2,0.0,1,Desktop Frecuente
5888035730986809120,Organic Search,desktop,7,3.0,3.0,0.2857142857142857,0.7142857142857143,1,Desktop Frecuente
5888716568893996188,Referral,desktop,1,17.0,17.0,0.0,0.0,0,Desktop Engaged
5889010106366698304,Direct,desktop,9,2.0,2.0,0.3333333333333333,0.0,1,Desktop Frecuente
5889911900700312712,Referral,desktop,1,103.0,70.0,0.0,0.0,0,Desktop Engaged
5890457827882423801,Organic Search,desktop,2,201.5,126.5,0.0,0.0,0,Desktop Engaged
5891082663141859878,Referral,desktop,4,20.5,15.0,0.25,0.25,1,Desktop Frecuente
5896165545008252371,Organic Search,desktop,3,3.0,3.0,0.0,0.0,1,Desktop Frecuente
5896536036728324632,Referral,desktop,8,16.5,11.5,0.0,0.5,1,Desktop Frecuente
5901766721898280376,Organic Search,desktop,1,47.0,33.0,0.0,0.0,0,Desktop Engaged
5901801479470276689,Organic Search,desktop,3,2.0,1.0,0.3333333333333333,0.0,1,Desktop Frecuente
5902646703490529789,Organic Search,desktop,1,17.0,15.0,0.0,1.0,2,Weekend Warriors
5905336612296989263,Referral,desktop,4,1.5,1.5,0.5,0.25,1,Desktop Frecuente
5905742207313149106,Organic Search,desktop,2,9.5,9.0,0.0,0.0,1,Desktop Frecuente
5905965824605720787,Direct,mobile,1,26.0,21.0,0.0,0.0,3,Mobile Users
5906185555476302609,Referral,desktop,3,1.0,1.0,0.6666666666666666,0.6666666666666666,1,Desktop Frecuente
5907509432464286775,Referral,desktop,1,49.0,34.0,0.0,0.0,0,Desktop Engaged
5909453901829885037,Referral,desktop,1,36.0,31.0,0.0,0.0,0,Desktop Engaged
5912152563864160997,Referral,desktop,7,7.0,7.0,0.0,0.0,1,Desktop Frecuente
5913351362250522347,Direct,desktop,3,41.0,35.0,0.0,0.0,0,Desktop Engaged
5914563242509482274,Organic Search,desktop,6,1.0,1.0,0.8333333333333334,0.0,1,Desktop Frecuente
5915365313992889595,Referral,desktop,2,31.0,23.0,0.5,0.5,2,Weekend Warriors
5915583521852915302,Direct,desktop,1,19.0,18.0,0.0,0.0,0,Desktop Engaged
5918411190204797913,Referral,desktop,2,26.0,20.0,0.0,0.0,0,Desktop Engaged
5918969428390529322,Direct,desktop,1,15.0,13.0,0.0,0.0,0,Desktop Engaged
5919562379041618004,Direct,desktop,4,47.5,40.0,0.0,0.25,0,Desktop Engaged
5920338215143617287,Referral,desktop,4,17.5,15.0,0.0,0.0,1,Desktop Frecuente
5921438305564932958,Referral,desktop,5,3.0,3.0,0.2,0.2,1,Desktop Frecuente
5921718666533314694,Organic Search,tablet,8,10.5,10.0,0.0,0.0,3,Mobile Users
5921955043410577506,Referral,desktop,1,30.0,22.0,0.0,0.0,0,Desktop Engaged
5922085116209926580,Referral,desktop,5,18.0,13.0,0.2,0.4,1,Desktop Frecuente
5922545727078253740,Referral,desktop,2,8.0,8.0,0.0,0.0,1,Desktop Frecuente
5923041114491111329,Organic Search,desktop,1,19.0,16.0,0.0,1.0,2,Weekend Warriors
5923504027652708716,Organic Search,tablet,2,19.5,15.0,0.0,0.0,3,Mobile Users
5926882558735267837,Organic Search,desktop,3,41.0,30.0,0.0,0.0,0,Desktop Engaged
5929323463037353522,Referral,desktop,1,44.0,36.0,0.0,0.0,0,Desktop Engaged
5929579070736526964,Referral,desktop,2,29.5,24.5,0.0,0.5,2,Weekend Warriors
5930716560276392518,Organic Search,mobile,10,2.0,2.0,0.5,0.1,3,Mobile Users
5933104273088174120,Paid Search,mobile,5,26.0,16.0,0.2,0.4,3,Mobile Users
5941605551778818754,Direct,desktop,3,22.0,18.0,0.0,0.0,0,Desktop Engaged
5943213990126954437,Paid Search,desktop,2,21.5,17.0,0.0,0.0,0,Desktop Engaged
5944044194057529877,Referral,desktop,13,8.0,6.0,0.1538461538461538,0.0,1,Desktop Frecuente
5944473218831449800,Organic Search,mobile,1,18.0,16.0,0.0,1.0,3,Mobile Users
5945295413021078012,Referral,desktop,2,16.0,12.5,0.0,1.0,2,Weekend Warriors
5945631967596859293,Referral,desktop,1,18.0,16.0,0.0,0.0,0,Desktop Engaged
5946277979460888197,Referral,desktop,2,28.5,20.5,0.5,0.0,0,Desktop Engaged
5947969981378635810,Organic Search,tablet,7,1.0,1.0,0.7142857142857143,0.1428571428571428,3,Mobile Users
5948399215486527929,Organic Search,desktop,6,4.5,4.0,0.0,0.0,1,Desktop Frecuente
5949169854058758957,Organic Search,desktop,3,21.0,17.0,0.0,0.0,0,Desktop Engaged
5949575431286593178,Organic Search,desktop,4,14.5,9.0,0.5,0.25,1,Desktop Frecuente
5949829052658336477,Organic Search,desktop,1,16.0,12.0,0.0,0.0,0,Desktop Engaged
5950002807583748415,Organic Search,desktop,1,21.0,19.0,0.0,0.0,0,Desktop Engaged
5950059119124275683,Referral,desktop,2,12.5,10.5,0.5,0.0,1,Desktop Frecuente
5952403374581782630,Referral,desktop,3,5.0,5.0,0.3333333333333333,0.0,1,Desktop Frecuente
5952422370450576468,Organic Search,desktop,2,23.0,18.0,0.0,1.0,2,Weekend Warriors
5953034565631333907,Organic Search,desktop,1,37.0,28.0,0.0,0.5,2,Weekend Warriors
5953491515740495847,Direct,mobile,1,11.0,11.0,0.0,0.0,3,Mobile Users
5954999562906219668,Direct,desktop,13,13.0,10.0,0.0769230769230769,0.0,1,Desktop Frecuente
5956945994743265463,Organic Search,desktop,1,41.0,29.0,0.0,0.0,0,Desktop Engaged
5958728222060412682,Referral,desktop,7,1.0,1.0,0.7142857142857143,0.1428571428571428,1,Desktop Frecuente
5960127137243713650,Referral,desktop,12,5.0,4.0,0.0769230769230769,0.3846153846153846,1,Desktop Frecuente
5961512277421237379,Organic Search,desktop,2,7.0,6.0,0.0,0.0,1,Desktop Frecuente
5962830800899970265,Referral,desktop,3,7.0,6.0,0.0,0.0,1,Desktop Frecuente
5964418919606294332,Referral,desktop,8,16.5,12.5,0.0,0.75,1,Desktop Frecuente
5969031097251772016,Organic Search,desktop,8,2.0,2.0,0.375,0.0,1,Desktop Frecuente
5969191050952048751,Organic Search,desktop,2,31.0,25.0,0.0,1.0,2,Weekend Warriors
5970035247923497864,Organic Search,desktop,1,17.0,15.0,0.0,1.0,2,Weekend Warriors
5971687779393280751,Referral,desktop,2,9.5,8.0,0.0,0.0,1,Desktop Frecuente
5972468163034098276,Organic Search,desktop,1,27.0,23.0,0.0,0.0,0,Desktop Engaged
5975789416845370133,Organic Search,desktop,1,34.0,27.0,0.0,0.0,0,Desktop Engaged
5976063913493194585,Referral,desktop,7,6.0,6.0,0.2857142857142857,0.2857142857142857,1,Desktop Frecuente
5976867149100083641,Direct,desktop,1,26.0,18.0,0.0,0.0,0,Desktop Engaged
5980795059692822710,Direct,desktop,1,40.0,32.0,0.0,0.0,0,Desktop Engaged
5981319719180630127,Referral,desktop,1,106.0,75.0,0.0,0.0,0,Desktop Engaged
5982288201667188670,Referral,desktop,2,23.5,18.5,0.0,0.5,2,Weekend Warriors
5983670989967326017,Referral,desktop,2,13.5,12.0,0.0,0.0,0,Desktop Engaged
5985368233376980363,Referral,desktop,4,3.0,2.5,0.0,0.0,1,Desktop Frecuente
5985713737634812575,Organic Search,desktop,2,13.5,11.5,0.0,1.0,2,Weekend Warriors
5988082186046287943,Direct,tablet,1,32.0,21.0,0.0,1.0,2,Weekend Warriors
5989963282036287495,Direct,desktop,6,1.0,1.0,0.8333333333333334,0.1666666666666666,1,Desktop Frecuente
5989978659494486802,Direct,desktop,3,2.0,2.0,0.3333333333333333,0.3333333333333333,1,Desktop Frecuente
5990197890122139717,Referral,desktop,1,20.0,18.0,0.0,0.0,0,Desktop Engaged
5991536664355896877,Display,desktop,4,4.0,4.0,0.0,0.25,1,Desktop Frecuente
5991914528247415327,Referral,desktop,2,22.5,16.0,0.0,1.0,2,Weekend Warriors
5992855371735669214,Organic Search,desktop,9,14.0,7.0,0.0,0.1111111111111111,1,Desktop Frecuente
5993060146363260097,Organic Search,desktop,8,5.0,5.0,0.0,0.375,1,Desktop Frecuente
5993570178392052498,Direct,desktop,7,3.0,3.0,0.2857142857142857,0.2857142857142857,1,Desktop Frecuente
5993773657417368877,Direct,desktop,1,13.0,13.0,0.0,0.0,0,Desktop Engaged
5994584903739505696,Referral,desktop,1,18.0,16.0,0.0,0.0,0,Desktop Engaged
5995124295506489040,Referral,desktop,1,53.0,40.0,0.0,0.0,0,Desktop Engaged
5995442471500823689,Referral,desktop,9,4.0,4.0,0.2222222222222222,0.1111111111111111,1,Desktop Frecuente
5996951375887709557,Referral,desktop,6,16.0,12.0,0.1666666666666666,0.0,1,Desktop Frecuente
5998940842547848227,Direct,mobile,1,25.0,21.0,0.0,1.0,3,Mobile Users
6001085697453639910,Organic Search,desktop,4,19.0,14.5,0.0,0.0,1,Desktop Frecuente
6002089299065068862,Referral,desktop,23,2.0,2.0,0.2608695652173913,0.1304347826086956,1,Desktop Frecuente
6002383716453782350,Referral,desktop,1,89.0,66.0,0.0,0.0,0,Desktop Engaged
6002698185791753794,Referral,desktop,3,5.0,5.0,0.3333333333333333,0.0,1,Desktop Frecuente
6005829572969771144,Organic Search,desktop,5,3.0,3.0,0.2,0.0,1,Desktop Frecuente
6005846941999724552,Referral,desktop,8,5.0,5.0,0.0,0.125,1,Desktop Frecuente
6006657047016577071,Referral,desktop,15,10.0,8.0,0.1333333333333333,0.0666666666666666,1,Desktop Frecuente
6007068566943538173,Referral,desktop,2,18.0,13.0,0.5,0.0,0,Desktop Engaged
6007122140557180806,Organic Search,desktop,3,11.0,7.0,0.0,0.0,1,Desktop Frecuente
6007444138968758475,Direct,mobile,2,15.5,14.5,0.5,0.0,3,Mobile Users
6007466842428480250,Organic Search,desktop,2,13.5,11.5,0.0,0.5,2,Weekend Warriors
6008436631932409360,Direct,desktop,1,15.0,12.0,0.0,0.0,0,Desktop Engaged
6008504658996410850,Referral,desktop,7,6.0,5.0,0.0,0.0,1,Desktop Frecuente
6008548099452961352,Direct,desktop,1,12.0,11.0,0.0,0.0,0,Desktop Engaged
6010250598436085923,Direct,desktop,28,9.0,9.0,0.0357142857142857,0.1071428571428571,1,Desktop Frecuente
6011560352150256986,Direct,desktop,1,19.0,15.0,0.0,0.0,0,Desktop Engaged
6014637285460170276,Referral,desktop,2,25.5,17.5,0.0,0.5,2,Weekend Warriors
6014980722805375499,Referral,desktop,10,4.0,4.0,0.0,0.0,1,Desktop Frecuente
6016169532034396504,Referral,desktop,7,19.0,13.0,0.2857142857142857,0.1428571428571428,1,Desktop Frecuente
6016345222703711048,Direct,desktop,6,25.5,21.0,0.0,0.0,1,Desktop Frecuente
6018293882167178680,Direct,desktop,4,26.0,18.0,0.0,0.0,0,Desktop Engaged
6019250371266018311,Referral,desktop,2,14.0,11.5,0.0,0.0,0,Desktop Engaged
6020712706224683224,Organic Search,desktop,1,17.0,14.0,0.0,0.0,0,Desktop Engaged
6022725401734649731,Referral,desktop,10,5.5,5.5,0.2,0.1,1,Desktop Frecuente
6022958438984686375,Organic Search,desktop,2,58.0,47.0,0.0,1.0,2,Weekend Warriors
6023796381284015578,Direct,desktop,1,13.0,12.0,0.0,0.0,0,Desktop Engaged
6024281356210968714,Referral,desktop,4,5.5,5.0,0.25,0.0,1,Desktop Frecuente
6026763398386298705,Referral,desktop,1,17.0,16.0,0.0,0.0,0,Desktop Engaged
6026865008041115729,Organic Search,mobile,2,40.0,31.5,0.0,0.0,3,Mobile Users
6027268712782791947,Referral,desktop,2,23.0,21.0,0.0,0.0,0,Desktop Engaged
6029872331740528503,Organic Search,desktop,15,9.0,9.0,0.1333333333333333,0.0666666666666666,1,Desktop Frecuente
6030141817614722657,Referral,desktop,3,32.0,24.0,0.0,0.6666666666666666,2,Weekend Warriors
6030957980134486247,Organic Search,desktop,6,9.5,9.5,0.0,0.0,1,Desktop Frecuente
6031648985578862935,Referral,desktop,5,7.0,7.0,0.2,0.0,1,Desktop Frecuente
6033687710864775123,Organic Search,desktop,2,8.5,7.5,0.0,0.0,1,Desktop Frecuente
6035720315860401957,Referral,desktop,22,8.0,7.0,0.0,0.1818181818181818,1,Desktop Frecuente
6036371568698072634,Direct,desktop,1,14.0,13.0,0.0,1.0,2,Weekend Warriors
6037412484633383293,Direct,desktop,2,37.0,29.0,0.0,0.0,0,Desktop Engaged
6039302517821251225,Organic Search,desktop,1,77.0,58.0,0.0,0.0,0,Desktop Engaged
6039611140215041016,Referral,desktop,4,17.5,11.0,0.25,0.0,1,Desktop Frecuente
6042383150524309818,Referral,desktop,1,32.0,26.0,0.0,0.0,0,Desktop Engaged
6042992012557557168,Organic Search,desktop,2,12.0,10.0,0.0,0.5,2,Weekend Warriors
6043590789804259117,Referral,desktop,4,2.5,2.5,0.5,0.5,1,Desktop Frecuente
6045930241388777741,Organic Search,desktop,7,2.0,2.0,0.4285714285714285,0.0,1,Desktop Frecuente
6046590662563532238,Social,desktop,2,8.0,7.0,0.0,1.0,2,Weekend Warriors
6047640651761300200,Referral,desktop,7,2.0,2.0,0.1428571428571428,0.0,1,Desktop Frecuente
6048454076257067950,Organic Search,desktop,3,16.0,11.0,0.0,0.0,0,Desktop Engaged
6049426563900129061,Organic Search,desktop,1,16.0,15.0,0.0,0.0,0,Desktop Engaged
6051052945734595227,Referral,desktop,3,15.0,12.0,0.0,0.0,1,Desktop Frecuente
6051565234057723830,Organic Search,desktop,8,1.0,1.0,0.625,0.375,1,Desktop Frecuente
6051908919929899878,Referral,desktop,1,36.0,27.0,0.0,0.0,0,Desktop Engaged
6052206455243513477,Direct,desktop,4,15.0,11.5,0.0,0.5,1,Desktop Frecuente
6053028616737271033,Referral,desktop,4,1.0,1.0,0.75,0.25,1,Desktop Frecuente
6053317410808350071,Referral,desktop,2,51.5,35.5,0.0,0.0,0,Desktop Engaged
6056481761819241487,Referral,desktop,4,3.5,3.5,0.0,0.0,1,Desktop Frecuente
6056987916550791423,Direct,desktop,1,10.0,10.0,0.0,0.0,0,Desktop Engaged
6059228055495391322,Referral,desktop,1,24.0,20.0,0.0,0.0,0,Desktop Engaged
6060508924396042346,Social,desktop,3,3.0,3.0,0.0,0.0,1,Desktop Frecuente
6061471079783335159,Direct,desktop,3,21.0,16.0,0.0,0.0,0,Desktop Engaged
6064511507149112064,Organic Search,desktop,2,27.0,20.5,0.0,0.5,2,Weekend Warriors
6064571221213436391,Direct,desktop,1,19.0,15.0,0.0,0.0,0,Desktop Engaged
6067716449743001995,Organic Search,desktop,3,4.0,4.0,0.3333333333333333,0.0,1,Desktop Frecuente
6068102071010648164,Referral,desktop,2,15.0,14.5,0.0,0.0,0,Desktop Engaged
6068549707669437692,Organic Search,desktop,1,41.0,33.0,0.0,0.0,0,Desktop Engaged
6068598620766435054,Organic Search,desktop,10,13.5,10.5,0.1,0.2,1,Desktop Frecuente
6068721773356724228,Organic Search,desktop,1,19.0,13.0,0.0,0.0,0,Desktop Engaged
6075418837768242958,Referral,desktop,3,3.0,3.0,0.3333333333333333,0.0,1,Desktop Frecuente
6076619018565760000,Referral,desktop,1,43.0,35.0,0.0,0.0,0,Desktop Engaged
6077435441708793249,Organic Search,desktop,14,10.0,6.5,0.0714285714285714,0.0714285714285714,1,Desktop Frecuente
6077626541330989540,Referral,desktop,9,7.0,7.0,0.3333333333333333,0.1111111111111111,1,Desktop Frecuente
6078308498520521159,Organic Search,desktop,1,39.0,34.0,0.0,0.0,0,Desktop Engaged
6079111180589876762,Paid Search,desktop,4,20.0,16.5,0.0,0.0,1,Desktop Frecuente
6080228231224064778,Referral,desktop,2,27.0,21.5,0.0,0.0,0,Desktop Engaged
6080515140552290327,Referral,desktop,1,27.0,20.0,0.0,0.0,0,Desktop Engaged
6081065027477521968,Display,desktop,3,19.0,11.0,0.3333333333333333,0.0,0,Desktop Engaged
6083228404351251290,Paid Search,desktop,2,6.5,5.5,0.5,0.0,1,Desktop Frecuente
6085175520393840927,Organic Search,desktop,1,15.0,15.0,0.0,0.0,0,Desktop Engaged
6085227967956663557,Direct,desktop,3,8.0,6.0,0.0,1.0,2,Weekend Warriors
6085954146475273490,Referral,desktop,4,3.0,3.0,0.25,0.0,1,Desktop Frecuente
6086392386521152841,Referral,desktop,2,28.0,21.0,0.0,0.0,0,Desktop Engaged
6087342617338245848,Paid Search,mobile,7,5.0,5.0,0.2857142857142857,0.2857142857142857,3,Mobile Users
6089414993077577412,Referral,desktop,8,11.0,9.0,0.125,0.375,1,Desktop Frecuente
6091498163535424271,Organic Search,desktop,19,13.0,10.0,0.1052631578947368,0.2105263157894736,1,Desktop Frecuente
6095240958469403590,Referral,desktop,4,15.5,14.0,0.0,0.25,1,Desktop Frecuente
6096515321705376059,Referral,desktop,2,15.5,13.5,0.0,0.0,0,Desktop Engaged
6098599379440790733,Organic Search,desktop,1,20.0,18.0,0.0,1.0,2,Weekend Warriors
6099463332301781487,Direct,desktop,3,13.0,11.0,0.0,0.0,1,Desktop Frecuente
6099980464352288562,Referral,desktop,2,14.5,14.0,0.0,0.0,0,Desktop Engaged
6100219091617645291,Direct,desktop,3,14.0,10.0,0.0,0.0,0,Desktop Engaged
6100819790518372241,Referral,desktop,3,23.0,19.0,0.0,0.0,0,Desktop Engaged
6101138053723740346,Organic Search,desktop,1,28.0,20.0,0.0,0.0,0,Desktop Engaged
6101457108292619751,Referral,desktop,1,11.0,11.0,0.0,0.0,0,Desktop Engaged
6101482146991214860,Direct,desktop,2,22.5,17.5,0.0,0.0,0,Desktop Engaged
6103744486531866196,Referral,desktop,2,12.0,10.5,0.0,0.0,0,Desktop Engaged
6103994353866186506,Organic Search,desktop,8,11.0,10.5,0.0,0.5,1,Desktop Frecuente
6104963094502152821,Referral,desktop,6,30.0,23.5,0.0,0.0,1,Desktop Frecuente
6105491009859424939,Paid Search,desktop,1,20.0,16.0,0.0,0.0,0,Desktop Engaged
6106972683590328878,Referral,desktop,3,13.0,12.0,0.0,0.0,1,Desktop Frecuente
6108513116421518895,Referral,desktop,2,17.0,14.5,0.0,0.0,0,Desktop Engaged
6110032687734090597,Organic Search,desktop,1,126.0,83.0,0.0,1.0,2,Weekend Warriors
6110519761832647760,Referral,desktop,2,24.5,18.0,0.0,0.0,0,Desktop Engaged
6110976865163605905,Referral,desktop,5,5.0,5.0,0.2,0.0,1,Desktop Frecuente
6113762256658740210,Direct,desktop,2,21.5,19.0,0.0,0.0,0,Desktop Engaged
6114058058158065856,Referral,desktop,4,27.5,16.5,0.0,0.0,0,Desktop Engaged
6114533554915949070,Referral,desktop,3,6.0,5.0,0.0,0.0,1,Desktop Frecuente
6116213157558708109,Organic Search,desktop,1,50.0,38.0,0.0,0.0,0,Desktop Engaged
6116451045080877616,Organic Search,desktop,1,49.0,39.0,0.0,0.0,0,Desktop Engaged
6117915988653147227,Organic Search,desktop,1,19.0,15.0,0.0,0.0,0,Desktop Engaged
6118933348572020566,Direct,desktop,6,14.0,12.5,0.0,0.0,1,Desktop Frecuente
6119780463983531301,Organic Search,desktop,1,22.0,18.0,0.0,1.0,2,Weekend Warriors
6124362361380921120,Referral,desktop,1,21.0,17.0,0.0,0.0,0,Desktop Engaged
6125563692107396483,Direct,desktop,2,9.5,8.5,0.0,0.0,1,Desktop Frecuente
6127323333777409997,Referral,desktop,4,22.0,15.0,0.0,0.0,0,Desktop Engaged
6127717104427531488,Paid Search,mobile,2,13.5,10.0,0.5,0.0,3,Mobile Users
6128896276202796996,Organic Search,desktop,6,23.5,20.5,0.0,0.0,1,Desktop Frecuente
6129059309050021920,Organic Search,desktop,4,12.0,9.0,0.0,0.75,2,Weekend Warriors
6130248785422352959,Referral,desktop,3,19.0,16.0,0.3333333333333333,0.0,1,Desktop Frecuente
6131549950848937337,Referral,desktop,5,6.0,6.0,0.2,0.0,1,Desktop Frecuente
6132407713411411052,Social,mobile,2,13.5,12.0,0.0,0.5,3,Mobile Users
6136082397319101415,Referral,desktop,2,15.0,14.0,0.0,0.0,0,Desktop Engaged
6139991270179769936,Organic Search,desktop,2,10.0,10.0,0.5,0.5,1,Desktop Frecuente
6140447030610096925,Referral,desktop,8,7.5,6.0,0.0,0.0,1,Desktop Frecuente
6140676203805767770,Affiliates,desktop,4,7.0,5.0,0.25,0.0,1,Desktop Frecuente
6142588634593975998,Referral,desktop,2,23.5,20.0,0.0,0.0,0,Desktop Engaged
6143315280063551161,Organic Search,desktop,1,27.0,23.0,0.0,0.0,0,Desktop Engaged
6144620538699663193,Organic Search,desktop,3,6.0,4.0,0.0,0.6666666666666666,1,Desktop Frecuente
6145717965471437632,Organic Search,desktop,4,7.5,7.0,0.0,0.0,1,Desktop Frecuente
6147396474895233852,Direct,desktop,10,29.5,22.0,0.1,0.1,1,Desktop Frecuente
6148711186133871559,Referral,desktop,2,14.5,11.0,0.0,0.0,0,Desktop Engaged
6150828289125902444,Organic Search,desktop,2,11.0,9.0,0.5,0.0,1,Desktop Frecuente
6151192297026203838,Referral,desktop,3,3.0,3.0,0.0,0.0,1,Desktop Frecuente
6152097881625473469,Referral,desktop,1,20.0,17.0,0.0,0.0,0,Desktop Engaged
6152978475187911748,Referral,desktop,3,29.0,24.0,0.0,0.3333333333333333,0,Desktop Engaged
6154712788683409378,Organic Search,mobile,2,14.5,13.0,0.5,1.0,3,Mobile Users
6155038552130877136,Referral,desktop,4,22.0,13.0,0.0,0.0,0,Desktop Engaged
6155604826063117910,Referral,desktop,2,38.0,28.0,0.0,0.5,2,Weekend Warriors
6158998502530077576,Organic Search,desktop,2,14.5,11.5,0.0,0.0,0,Desktop Engaged
6161008346911953801,Organic Search,desktop,1,61.0,46.0,0.0,0.0,0,Desktop Engaged
6163478637540280922,Referral,desktop,2,10.5,9.5,0.0,0.0,1,Desktop Frecuente
6165745649694489775,Referral,desktop,4,14.5,12.5,0.25,0.25,1,Desktop Frecuente
6168219447090843569,Referral,desktop,3,9.0,7.0,0.0,0.0,1,Desktop Frecuente
6168468198967794640,Referral,desktop,1,38.0,27.0,0.0,0.0,0,Desktop Engaged
6168664935241929615,Direct,desktop,2,24.0,19.0,0.0,0.0,0,Desktop Engaged
6171698148494823293,Referral,desktop,5,3.0,3.0,0.0,0.2,1,Desktop Frecuente
6172293608941431508,Referral,desktop,5,11.0,10.0,0.0,0.4,1,Desktop Frecuente
6175494848586137605,Referral,desktop,1,28.0,22.0,0.0,0.0,0,Desktop Engaged
6176203092937961614,Referral,desktop,2,11.5,9.5,0.5,0.0,1,Desktop Frecuente
6176979987115887287,Referral,desktop,1,9.0,9.0,0.0,0.0,0,Desktop Engaged
6177485445701283368,Referral,desktop,2,24.0,21.0,0.0,0.0,0,Desktop Engaged
6177876105515217779,Organic Search,desktop,1,18.0,16.0,0.0,0.0,0,Desktop Engaged
6179415313155508546,Referral,desktop,7,7.0,7.0,0.0,0.0,1,Desktop Frecuente
6179482538611999195,Organic Search,desktop,1,12.0,11.0,0.0,0.0,0,Desktop Engaged
6179536686688111644,Organic Search,desktop,1,43.0,33.0,0.0,0.0,0,Desktop Engaged
6180179196714828509,Referral,desktop,1,18.0,16.0,0.0,0.0,0,Desktop Engaged
6182337421287558737,Referral,desktop,2,22.5,16.5,0.0,0.5,2,Weekend Warriors
6183580574407648205,Referral,desktop,1,19.0,19.0,0.0,0.0,0,Desktop Engaged
6184355935628875237,Direct,desktop,1,80.0,62.0,0.0,0.0,0,Desktop Engaged
6185798445433721880,Referral,desktop,1,18.0,15.0,0.0,0.0,0,Desktop Engaged
6187652750765797994,Referral,desktop,9,11.0,11.0,0.0,0.0,1,Desktop Frecuente
6187845123607693068,Organic Search,desktop,1,26.0,20.0,0.0,0.0,0,Desktop Engaged
6188341189468203455,Direct,desktop,2,46.0,32.0,0.0,0.5,2,Weekend Warriors
6188862872478223298,Referral,desktop,4,11.5,10.0,0.0,0.75,1,Desktop Frecuente
6189137290295727859,Referral,desktop,1,26.0,20.0,0.0,0.0,0,Desktop Engaged
6189798713014161370,Direct,desktop,2,36.0,29.5,0.0,0.0,0,Desktop Engaged
6190196977487218557,Direct,desktop,1,32.0,27.0,0.0,0.0,0,Desktop Engaged
6190665694440692761,Organic Search,desktop,2,7.5,7.5,0.0,0.0,1,Desktop Frecuente
6192520188737101553,Referral,desktop,1,17.0,14.0,0.0,0.0,0,Desktop Engaged
6192730343832686295,Direct,desktop,13,5.0,4.0,0.2307692307692307,0.0,1,Desktop Frecuente
6194193421514403509,Direct,desktop,1,11.0,11.0,0.0,0.0,0,Desktop Engaged
6196504747675152769,Organic Search,mobile,5,9.0,8.0,0.0,0.0,3,Mobile Users
6197521000092572959,Direct,desktop,1,51.0,38.0,0.0,0.0,0,Desktop Engaged
6197966487555534228,Organic Search,mobile,5,2.0,2.0,0.4,0.0,3,Mobile Users
6198200760309203581,Referral,desktop,1,33.0,25.0,0.0,0.0,0,Desktop Engaged
6198269530748674779,Organic Search,tablet,2,33.0,15.0,0.5,0.0,3,Mobile Users
6198640626088260901,Organic Search,desktop,1,42.0,33.0,0.0,1.0,2,Weekend Warriors
6200431365137133686,Organic Search,desktop,3,4.0,4.0,0.3333333333333333,0.0,1,Desktop Frecuente
6200432860904233045,Referral,desktop,1,50.0,37.0,0.0,0.0,0,Desktop Engaged
6203401114057579951,Referral,desktop,1,18.0,14.0,0.0,0.0,0,Desktop Engaged
6204463650092781278,Referral,desktop,13,7.0,7.0,0.1538461538461538,0.0,1,Desktop Frecuente
6204487607814883092,Referral,desktop,3,3.0,3.0,0.0,0.0,1,Desktop Frecuente
6206680994869017182,Referral,desktop,1,39.0,34.0,0.0,0.0,0,Desktop Engaged
6207352053882165053,Paid Search,desktop,1,9.0,9.0,0.0,1.0,2,Weekend Warriors
6207808178177919930,Paid Search,desktop,2,24.0,18.5,0.0,0.0,0,Desktop Engaged
6207999688575993846,Referral,desktop,14,10.5,10.5,0.0714285714285714,0.2857142857142857,1,Desktop Frecuente
6208898110027575945,Direct,desktop,6,3.0,3.0,0.1666666666666666,0.0,1,Desktop Frecuente
6208916346647925082,Organic Search,desktop,1,18.0,17.0,0.0,0.0,0,Desktop Engaged
6210742299083383433,Paid Search,desktop,3,7.0,7.0,0.0,0.0,1,Desktop Frecuente
6211128754358603008,Direct,desktop,3,1.0,1.0,0.6666666666666666,0.0,1,Desktop Frecuente
6213994431207095726,Referral,desktop,3,27.0,18.0,0.0,0.0,0,Desktop Engaged
6214016505412778340,Direct,desktop,2,12.5,12.5,0.0,0.0,0,Desktop Engaged
6214198304090570874,Referral,desktop,4,14.5,12.5,0.0,0.0,1,Desktop Frecuente
6214611984259283021,Organic Search,desktop,2,25.5,18.0,0.0,0.0,0,Desktop Engaged
6214747534469142657,Referral,desktop,3,4.0,4.0,0.0,0.0,1,Desktop Frecuente
6215086424857497145,Direct,desktop,1,24.0,22.0,0.0,0.0,0,Desktop Engaged
6215409591124058773,Direct,desktop,3,6.0,6.0,0.0,0.6666666666666666,1,Desktop Frecuente
6215579195601546611,Referral,desktop,2,13.5,10.0,0.0,0.0,0,Desktop Engaged
6215649527279938539,Referral,desktop,8,7.5,7.5,0.0,0.0,1,Desktop Frecuente
6218917791895202821,Referral,desktop,5,19.0,14.0,0.0,0.0,1,Desktop Frecuente
6219061174254481238,Organic Search,desktop,1,27.0,23.0,0.0,0.0,0,Desktop Engaged
6221432242012964365,Organic Search,desktop,2,14.0,10.0,0.0,0.0,0,Desktop Engaged
6223539301349818074,Direct,desktop,1,16.0,14.0,0.0,0.0,0,Desktop Engaged
6224639817725111721,Paid Search,desktop,2,19.5,14.5,0.0,1.0,2,Weekend Warriors
6226617329849661943,Referral,desktop,4,49.5,36.5,0.0,0.0,0,Desktop Engaged
6229372461405540359,Referral,desktop,2,19.0,14.5,0.0,0.0,0,Desktop Engaged
6229870571121837755,Referral,desktop,2,54.0,42.0,0.0,0.0,0,Desktop Engaged
6230711992146331742,Referral,desktop,1,43.0,38.0,0.0,1.0,2,Weekend Warriors
6232735730122462618,Organic Search,desktop,1,56.0,42.0,0.0,1.0,2,Weekend Warriors
6234607912924259841,Referral,desktop,3,2.0,2.0,0.3333333333333333,0.0,1,Desktop Frecuente
6235193097799498353,Organic Search,mobile,7,6.0,6.0,0.0,0.1428571428571428,3,Mobile Users
6235355077630549336,Referral,desktop,1,14.0,13.0,0.0,0.0,0,Desktop Engaged
6236695646664370912,Direct,desktop,3,35.0,30.0,0.0,0.0,0,Desktop Engaged
6236875467673822779,Referral,desktop,1,19.0,16.0,0.0,0.0,0,Desktop Engaged
6237874653844289432,Referral,desktop,3,23.0,17.0,0.3333333333333333,0.3333333333333333,1,Desktop Frecuente
6238089889459333091,Referral,desktop,6,28.0,19.0,0.0,0.5,1,Desktop Frecuente
6238097819613578010,Organic Search,desktop,2,23.5,19.5,0.0,0.5,2,Weekend Warriors
6238289068064224193,Direct,desktop,1,16.0,13.0,0.0,0.0,0,Desktop Engaged
6241521427679714135,Organic Search,desktop,5,29.0,26.0,0.4,0.0,1,Desktop Frecuente
6243045099615309942,Organic Search,desktop,4,7.0,7.0,0.0,0.0,1,Desktop Frecuente
6245962080386953755,Referral,desktop,1,31.0,25.0,0.0,0.0,0,Desktop Engaged
6246146960091353412,Organic Search,desktop,18,6.0,6.0,0.1666666666666666,0.0,1,Desktop Frecuente
6247025136768010466,Referral,desktop,6,5.5,5.5,0.0,0.1666666666666666,1,Desktop Frecuente
6247107874762400007,Referral,desktop,2,26.5,21.5,0.0,0.0,0,Desktop Engaged
6248428368327517195,Direct,desktop,2,29.5,23.0,0.0,0.0,0,Desktop Engaged
6249004626269199450,Referral,desktop,1,81.0,61.0,0.0,0.0,0,Desktop Engaged
6249334762900875907,Referral,desktop,1,51.0,37.0,0.0,1.0,2,Weekend Warriors
6250022739137848428,Referral,desktop,2,21.5,15.5,0.0,0.0,0,Desktop Engaged
6250076658796836800,Referral,desktop,1,23.0,18.0,0.0,0.0,0,Desktop Engaged
6253727679164041606,Referral,desktop,1,13.0,11.0,0.0,0.0,0,Desktop Engaged
6254480260491626923,Organic Search,mobile,2,13.0,11.0,0.5,0.0,3,Mobile Users
6256172095558869721,Display,desktop,6,30.5,23.0,0.1666666666666666,0.0,1,Desktop Frecuente
6256175066456783550,Referral,desktop,2,18.5,14.5,0.5,0.5,2,Weekend Warriors
6258496391273943408,Referral,desktop,8,3.0,3.0,0.125,0.125,1,Desktop Frecuente
6260138912431019098,Organic Search,mobile,1,17.0,15.0,0.0,1.0,3,Mobile Users
6261546303371333008,Organic Search,desktop,5,4.0,3.0,0.0,0.0,1,Desktop Frecuente
6268007310834685329,Referral,desktop,3,92.0,62.0,0.0,0.0,0,Desktop Engaged
6268470999753210022,Referral,desktop,2,82.5,56.5,0.0,0.0,0,Desktop Engaged
6269547197366207744,Referral,desktop,4,17.5,13.0,0.0,0.0,1,Desktop Frecuente
6271923759392158030,Referral,desktop,1,37.0,31.0,0.0,0.0,0,Desktop Engaged
6272581071386767241,Referral,desktop,2,32.0,24.5,0.0,0.0,0,Desktop Engaged
6273454334466338652,Referral,desktop,1,30.0,22.0,0.0,0.0,0,Desktop Engaged
6273673809581570531,Referral,desktop,2,27.0,21.5,0.0,0.0,0,Desktop Engaged
6273758036299714485,Organic Search,desktop,2,12.5,11.5,0.5,0.0,1,Desktop Frecuente
6274615038428740035,Organic Search,mobile,3,4.0,3.0,0.3333333333333333,0.0,3,Mobile Users
6275380876231092642,Direct,desktop,1,21.0,18.0,0.0,0.0,0,Desktop Engaged
6277534179248390932,Direct,desktop,4,2.0,2.0,0.25,0.5,1,Desktop Frecuente
6283772271551550075,Referral,desktop,1,30.0,27.0,0.0,0.0,0,Desktop Engaged
6283843372660979164,Referral,desktop,4,30.0,23.0,0.0,0.25,0,Desktop Engaged
6284057134084082177,Referral,desktop,1,40.0,29.0,0.0,0.0,0,Desktop Engaged
6284948773679645206,Referral,desktop,1,26.0,24.0,0.0,0.0,0,Desktop Engaged
6285049606450722008,Referral,desktop,1,24.0,22.0,0.0,0.0,0,Desktop Engaged
6288323169575819768,Organic Search,desktop,17,9.0,6.0,0.0,0.0,1,Desktop Frecuente
6288725097585538705,Organic Search,desktop,3,1.0,1.0,0.6666666666666666,0.0,1,Desktop Frecuente
6289042057007415577,Direct,desktop,3,9.0,7.0,0.0,0.0,1,Desktop Frecuente
6289648487532029978,Referral,desktop,3,3.0,3.0,0.0,0.0,1,Desktop Frecuente
6291608660137539472,Referral,desktop,2,11.0,10.0,0.0,0.0,0,Desktop Engaged
6292071509874937149,Referral,desktop,7,4.0,4.0,0.1428571428571428,0.0,1,Desktop Frecuente
6293119927870184850,Referral,desktop,5,66.0,42.0,0.0,0.0,0,Desktop Engaged
6295250003347725316,Referral,desktop,3,19.0,14.0,0.0,0.0,0,Desktop Engaged
6295374321665161260,Referral,desktop,3,19.0,17.0,0.0,0.6666666666666666,2,Weekend Warriors
6296278045589071160,Referral,desktop,3,12.0,8.0,0.0,0.3333333333333333,1,Desktop Frecuente
6296343210057064368,Organic Search,desktop,1,96.0,68.0,0.0,0.0,0,Desktop Engaged
6296763059019207281,Referral,desktop,4,35.5,25.0,0.0,0.0,0,Desktop Engaged
6297135529070226898,Organic Search,desktop,3,42.0,27.0,0.0,0.0,0,Desktop Engaged
6297315177129333197,Direct,desktop,2,12.5,12.5,0.0,0.0,0,Desktop Engaged
6297544198548387157,Direct,desktop,1,54.0,41.0,0.0,0.0,0,Desktop Engaged
6298030765010140996,Organic Search,mobile,1,20.0,16.0,0.0,0.0,3,Mobile Users
6299158105167667409,Organic Search,desktop,1,26.0,23.0,0.0,0.0,0,Desktop Engaged
6299562525821185626,Organic Search,desktop,4,10.0,9.5,0.25,0.0,1,Desktop Frecuente
6302382540936873657,Direct,desktop,2,15.0,12.5,0.5,0.0,1,Desktop Frecuente
6302682303595359553,Organic Search,desktop,1,16.0,14.0,0.0,0.0,0,Desktop Engaged
6304364152192410070,Organic Search,desktop,10,4.5,4.0,0.1,0.0,1,Desktop Frecuente
6305026098623511290,Direct,desktop,1,11.0,11.0,0.0,1.0,2,Weekend Warriors
6306585286926302399,Organic Search,mobile,2,28.5,22.5,0.0,0.0,3,Mobile Users
6307220164561637913,Direct,mobile,1,15.0,12.0,0.0,0.0,3,Mobile Users
6308646723674618646,Referral,desktop,4,10.0,9.5,0.0,0.0,1,Desktop Frecuente
6310913035223827948,Referral,desktop,2,19.0,17.5,0.0,0.0,0,Desktop Engaged
6311424614094967654,Direct,desktop,1,22.0,20.0,0.0,1.0,2,Weekend Warriors
6312194749319574796,Organic Search,desktop,2,39.5,27.0,0.0,0.5,2,Weekend Warriors
6314971062232350467,Referral,desktop,1,29.0,22.0,0.0,0.0,0,Desktop Engaged
6315186081993676897,Organic Search,desktop,4,4.5,3.0,0.0,0.0,1,Desktop Frecuente
6318304675637687761,Paid Search,desktop,3,48.0,36.0,0.0,0.0,0,Desktop Engaged
6318500377157429030,Organic Search,desktop,2,26.5,21.5,0.0,0.0,0,Desktop Engaged
6321103113579236784,Referral,desktop,1,9.0,9.0,0.0,0.0,0,Desktop Engaged
6321703139771704283,Referral,desktop,2,17.0,15.0,0.0,0.0,0,Desktop Engaged
6323342664060848949,Organic Search,desktop,2,126.5,78.5,0.0,0.5,2,Weekend Warriors
6324348497900492040,Direct,desktop,1,30.0,23.0,0.0,0.0,0,Desktop Engaged
6325377874048923314,Referral,desktop,4,3.0,2.5,0.0,0.25,1,Desktop Frecuente
6326579350877909587,Organic Search,desktop,1,45.0,31.0,0.0,0.0,0,Desktop Engaged
6326829918051380975,Organic Search,mobile,12,7.5,6.0,0.4166666666666667,0.3333333333333333,3,Mobile Users
6328683659978393200,Social,desktop,1,25.0,22.0,0.0,0.0,0,Desktop Engaged
6328989540373870447,Referral,desktop,12,6.0,6.0,0.0,0.0,1,Desktop Frecuente
6330082810003106267,Organic Search,mobile,3,42.0,35.0,0.0,0.0,3,Mobile Users
6330153478154556057,Organic Search,desktop,1,26.0,20.0,0.0,0.0,0,Desktop Engaged
6331108098497207662,Referral,desktop,7,11.0,8.0,0.0,0.2857142857142857,1,Desktop Frecuente
6331750669650879322,Referral,desktop,1,27.0,24.0,0.0,0.0,0,Desktop Engaged
6331954478763048800,Direct,desktop,2,6.5,6.0,0.5,0.0,1,Desktop Frecuente
6332311978539018182,Referral,desktop,2,14.5,14.0,0.0,0.5,2,Weekend Warriors
6332431001963915083,Referral,desktop,2,26.0,22.0,0.0,0.0,0,Desktop Engaged
6332990203478940744,Referral,desktop,1,14.0,13.0,0.0,0.0,0,Desktop Engaged
6335554848851534266,Referral,desktop,4,6.5,6.5,0.0,0.0,1,Desktop Frecuente
6337016759218580239,Organic Search,desktop,3,18.0,13.0,0.0,0.0,0,Desktop Engaged
6338909403180350961,Organic Search,desktop,2,23.0,11.5,0.0,0.5,2,Weekend Warriors
6339056581294773242,Organic Search,desktop,1,35.0,32.0,0.0,1.0,2,Weekend Warriors
6340734756756019122,Referral,desktop,3,5.0,5.0,0.3333333333333333,0.0,1,Desktop Frecuente
6342272643504385153,Referral,desktop,2,119.5,79.5,0.0,0.0,0,Desktop Engaged
6343638699706107057,Referral,desktop,4,16.0,13.5,0.0,0.0,1,Desktop Frecuente
6344125332989627562,Organic Search,desktop,4,10.0,9.0,0.0,0.0,1,Desktop Frecuente
6345608688944426965,Organic Search,tablet,1,12.0,10.0,0.0,1.0,3,Mobile Users
6347736525399420278,Referral,desktop,18,10.5,8.0,0.2222222222222222,0.3888888888888889,1,Desktop Frecuente
6349916551056809056,Referral,desktop,8,12.0,7.5,0.0,0.0,1,Desktop Frecuente
6350637494394255961,Referral,desktop,21,7.0,7.0,0.0952380952380952,0.0476190476190476,1,Desktop Frecuente
6350737795498436074,Organic Search,desktop,1,44.0,33.0,0.0,0.0,0,Desktop Engaged
6353231226148856209,Organic Search,desktop,1,43.0,38.0,0.0,1.0,2,Weekend Warriors
6356583227858655714,Paid Search,desktop,6,5.0,5.0,0.1666666666666666,0.0,1,Desktop Frecuente
6356814303168580391,Organic Search,desktop,4,2.5,2.5,0.25,0.0,1,Desktop Frecuente
6357668740640764097,Organic Search,mobile,1,15.0,13.0,0.0,0.0,3,Mobile Users
6358287541607688443,Referral,desktop,2,20.5,15.0,0.0,0.0,0,Desktop Engaged
6359330005069703105,Referral,desktop,5,3.0,3.0,0.0,0.0,1,Desktop Frecuente
6359573214811680534,Organic Search,desktop,1,24.0,20.0,0.0,0.0,0,Desktop Engaged
6359850382571142987,Organic Search,tablet,2,15.5,11.5,0.5,0.5,3,Mobile Users
6360297512415625815,Organic Search,desktop,1,44.0,34.0,0.0,0.0,0,Desktop Engaged
6361004934465135812,Referral,desktop,4,22.0,17.0,0.25,0.0,1,Desktop Frecuente
6361412319872992079,Paid Search,desktop,1,22.0,19.0,0.0,0.0,0,Desktop Engaged
6361909939784591562,Organic Search,desktop,2,9.5,8.5,0.5,0.0,1,Desktop Frecuente
6364019453242350081,Direct,desktop,2,17.5,13.5,0.0,0.0,0,Desktop Engaged
6365576826230686409,Referral,desktop,2,34.5,27.0,0.0,0.0,0,Desktop Engaged
6366523937097011266,Referral,desktop,1,36.0,22.0,0.0,0.0,0,Desktop Engaged
6366599753024688365,Direct,desktop,1,21.0,19.0,0.0,0.0,0,Desktop Engaged
6366738125554594213,Referral,desktop,9,7.0,7.0,0.2222222222222222,0.0,1,Desktop Frecuente
6367005961240877024,Organic Search,mobile,2,22.5,17.5,0.0,0.0,3,Mobile Users
6368397027577804857,Paid Search,desktop,1,84.0,61.0,0.0,0.0,0,Desktop Engaged
6370686241050647967,Organic Search,desktop,4,6.5,6.5,0.0,0.25,1,Desktop Frecuente
6371969436359305820,Referral,desktop,2,25.0,20.5,0.0,1.0,2,Weekend Warriors
6373394558572820546,Organic Search,desktop,1,18.0,16.0,0.0,0.0,0,Desktop Engaged
6373560301419479159,Referral,desktop,1,13.0,13.0,0.0,0.0,0,Desktop Engaged
6373565169411439679,Referral,desktop,1,38.0,33.0,0.0,0.0,0,Desktop Engaged
6373804829064456349,Direct,desktop,2,40.0,28.5,0.0,0.0,0,Desktop Engaged
6374969976921419865,Direct,desktop,11,7.0,7.0,0.4545454545454545,0.0,1,Desktop Frecuente
6379051489407304771,Organic Search,mobile,1,38.0,31.0,0.0,0.0,3,Mobile Users
6379920233928997690,Referral,desktop,2,41.0,32.0,0.0,0.0,0,Desktop Engaged
6380037453130690808,Referral,desktop,4,21.5,16.0,0.0,0.0,0,Desktop Engaged
6381379755303153849,Direct,mobile,2,24.0,19.5,0.0,0.0,3,Mobile Users
6381866992087813472,Referral,desktop,2,26.5,17.0,0.0,0.0,0,Desktop Engaged
6382879633644450477,Direct,desktop,4,22.5,16.5,0.0,0.0,0,Desktop Engaged
6383227990844000158,Direct,desktop,2,6.0,6.0,0.5,0.0,1,Desktop Frecuente
6384329866495516492,Referral,desktop,5,15.0,11.0,0.2,0.0,1,Desktop Frecuente
6385756990016578225,Referral,desktop,2,9.0,8.5,0.0,0.0,1,Desktop Frecuente
6386115578941374832,Direct,desktop,4,6.0,6.0,0.5,0.0,1,Desktop Frecuente
6388824250276633832,Organic Search,desktop,9,2.0,2.0,0.2222222222222222,0.0,1,Desktop Frecuente
6390036557697403871,Organic Search,desktop,5,6.0,6.0,0.0,0.0,1,Desktop Frecuente
6390628371128313999,Paid Search,desktop,1,17.0,17.0,0.0,0.0,0,Desktop Engaged
6391006534663669857,Direct,desktop,3,2.0,2.0,0.3333333333333333,0.0,1,Desktop Frecuente
6391833308528377505,Direct,desktop,3,14.0,7.0,0.3333333333333333,0.0,1,Desktop Frecuente
6391993592802283286,Referral,desktop,12,7.5,7.0,0.0,0.0,1,Desktop Frecuente
6392220370835728704,Direct,mobile,5,3.0,3.0,0.2,0.0,3,Mobile Users
6392933882994138879,Organic Search,desktop,2,7.0,7.0,0.0,0.0,1,Desktop Frecuente
6396061240253387986,Referral,desktop,2,14.0,13.5,0.0,0.0,0,Desktop Engaged
6396549139085874526,Referral,desktop,4,4.0,4.0,0.25,0.0,1,Desktop Frecuente
6397047982518109428,Referral,desktop,1,24.0,22.0,0.0,0.0,0,Desktop Engaged
6397329721784535287,Organic Search,desktop,1,44.0,31.0,0.0,0.0,0,Desktop Engaged
6398718864839297879,Direct,desktop,1,44.0,33.0,0.0,0.0,0,Desktop Engaged
6400178996598013044,Referral,desktop,2,9.0,7.5,0.5,0.0,1,Desktop Frecuente
6402267118449500708,Referral,desktop,4,7.5,6.0,0.0,0.0,1,Desktop Frecuente
6403591784434905219,Social,desktop,4,5.0,4.5,0.5,0.25,1,Desktop Frecuente
6403816382362616234,Direct,desktop,2,20.0,18.5,0.0,0.0,0,Desktop Engaged
6404614194766697184,Organic Search,desktop,1,14.0,14.0,0.0,0.0,0,Desktop Engaged
6405066128213218855,Referral,desktop,6,13.5,8.5,0.1666666666666666,0.1666666666666666,1,Desktop Frecuente
6406314348223569290,Organic Search,desktop,3,15.0,13.0,0.0,0.0,0,Desktop Engaged
6407020613319085956,Organic Search,desktop,4,10.5,7.5,0.0,0.5,1,Desktop Frecuente
6408592838060313017,Referral,desktop,2,59.5,42.5,0.0,0.0,0,Desktop Engaged
6413366656495153463,Referral,desktop,5,12.0,7.0,0.0,0.0,1,Desktop Frecuente
6413810286769822051,Referral,desktop,1,61.0,38.0,0.0,0.0,0,Desktop Engaged
6413819377788473042,Referral,desktop,1,18.0,14.0,0.0,0.0,0,Desktop Engaged
6414469815060591671,Referral,desktop,4,15.0,12.5,0.0,0.0,1,Desktop Frecuente
6415113611963925053,Organic Search,desktop,1,29.0,21.0,0.0,0.0,0,Desktop Engaged
6416811485882520793,Display,desktop,2,19.5,8.5,0.0,0.0,0,Desktop Engaged
6417028332559300792,Paid Search,desktop,1,56.0,52.0,0.0,0.0,0,Desktop Engaged
6418397103576043472,Organic Search,desktop,1,40.0,30.0,0.0,0.0,0,Desktop Engaged
6419238664399930209,Organic Search,desktop,1,17.0,15.0,0.0,0.0,0,Desktop Engaged
6420751054856592584,Referral,desktop,6,6.0,5.0,0.0,0.0,1,Desktop Frecuente
6421960756925082099,Direct,desktop,2,13.5,10.5,0.0,1.0,2,Weekend Warriors
6423525167201014646,Direct,desktop,1,43.0,20.0,0.0,0.0,0,Desktop Engaged
6424007267871857107,Organic Search,mobile,1,41.0,30.0,0.0,0.0,3,Mobile Users
6426341208737197562,Referral,desktop,2,24.5,21.5,0.0,1.0,2,Weekend Warriors
6426645361872979743,Referral,desktop,4,26.5,20.0,0.0,0.0,0,Desktop Engaged
6428761163255691160,Direct,desktop,2,65.0,39.5,0.0,0.5,2,Weekend Warriors
6428878966962078899,Referral,desktop,1,20.0,17.0,0.0,0.0,0,Desktop Engaged
6430571014112609987,Referral,desktop,4,7.0,7.0,0.25,0.5,1,Desktop Frecuente
6430761922443082063,Direct,desktop,8,6.5,4.5,0.25,0.0,1,Desktop Frecuente
6431612783925997248,Organic Search,mobile,4,9.5,7.5,0.25,0.25,3,Mobile Users
6432276692657258286,Organic Search,desktop,2,31.0,23.5,0.5,0.0,0,Desktop Engaged
6432310188343340425,Direct,desktop,4,15.5,14.5,0.25,0.0,1,Desktop Frecuente
6433831291444208598,Organic Search,desktop,1,31.0,27.0,0.0,0.0,0,Desktop Engaged
6434529848917019057,Organic Search,desktop,2,25.5,22.0,0.0,0.0,0,Desktop Engaged
6434737895703616541,Direct,desktop,4,5.5,4.0,0.0,0.0,1,Desktop Frecuente
6436454707480049919,Referral,desktop,4,2.5,2.5,0.25,0.0,1,Desktop Frecuente
6438773915538733905,Direct,desktop,1,17.0,15.0,0.0,0.0,0,Desktop Engaged
6439470406427514465,Direct,desktop,1,12.0,10.0,0.0,0.0,0,Desktop Engaged
6441139153486258905,Referral,desktop,3,48.0,38.0,0.0,0.0,0,Desktop Engaged
6442597469017696977,Direct,desktop,4,31.0,22.5,0.0,0.0,0,Desktop Engaged
6443595642175123029,Referral,desktop,5,1.0,1.0,0.6,0.0,1,Desktop Frecuente
6446257332258577906,Referral,desktop,2,7.5,7.5,0.5,0.0,1,Desktop Frecuente
6447811235248365489,Display,desktop,6,6.5,5.5,0.3333333333333333,0.3333333333333333,1,Desktop Frecuente
6448510043360208590,Organic Search,desktop,1,44.0,32.0,0.0,0.0,0,Desktop Engaged
6448832262240591897,Direct,desktop,5,9.0,8.0,0.2,0.0,1,Desktop Frecuente
6448992994015431295,Referral,desktop,5,29.0,18.0,0.2,0.0,1,Desktop Frecuente
6450328915033226096,Direct,desktop,7,16.0,13.0,0.0,0.0,1,Desktop Frecuente
6450911729940987017,Direct,desktop,1,15.0,13.0,0.0,0.0,0,Desktop Engaged
6452285658468801695,Referral,desktop,3,9.0,9.0,0.0,0.0,1,Desktop Frecuente
6452846542924661655,Referral,desktop,3,22.0,15.0,0.0,0.0,0,Desktop Engaged
6453115802386795978,Organic Search,desktop,5,10.0,10.0,0.4,0.0,1,Desktop Frecuente
6453410957469058316,Referral,desktop,4,14.0,11.0,0.0,0.25,1,Desktop Frecuente
6453870986532490896,Display,desktop,5,46.0,32.0,0.0,0.0,0,Desktop Engaged
6453950151397418687,Referral,desktop,3,44.0,33.0,0.0,0.3333333333333333,0,Desktop Engaged
6453984951886442160,Referral,desktop,2,27.0,21.0,0.0,0.0,0,Desktop Engaged
6458843567319176557,Direct,desktop,2,34.0,23.5,0.0,0.0,0,Desktop Engaged
6459887177399853583,Organic Search,desktop,2,28.0,21.5,0.0,1.0,2,Weekend Warriors
6462196953273318864,Organic Search,desktop,2,80.5,57.5,0.0,0.0,0,Desktop Engaged
6462261978366077428,Referral,desktop,3,35.0,34.0,0.3333333333333333,0.0,0,Desktop Engaged
6463910848287283554,Organic Search,desktop,1,59.0,46.0,0.0,0.0,0,Desktop Engaged
6464675579051292067,Direct,desktop,1,56.0,44.0,0.0,0.0,0,Desktop Engaged
6465870836529202272,Organic Search,mobile,4,16.0,13.5,0.25,0.0,3,Mobile Users
6466445486619363515,Referral,desktop,7,11.0,11.0,0.0,0.0,1,Desktop Frecuente
6467250659124993626,Referral,desktop,4,16.0,14.5,0.0,0.0,1,Desktop Frecuente
6467955684042708036,Referral,desktop,2,12.0,10.5,0.0,0.0,0,Desktop Engaged
6468324397294207967,Organic Search,mobile,11,1.5,1.5,0.5,0.0,3,Mobile Users
6470814882136589176,Organic Search,desktop,8,3.0,3.0,0.0,0.125,1,Desktop Frecuente
6475001167263353107,Direct,mobile,2,19.5,14.0,0.5,0.0,3,Mobile Users
6475106523537460964,Referral,desktop,5,5.0,5.0,0.0,0.0,1,Desktop Frecuente
6476783278979674523,Organic Search,desktop,19,21.0,18.0,0.0526315789473684,0.1052631578947368,1,Desktop Frecuente
6478380815842983691,Referral,desktop,2,23.0,18.0,0.0,0.0,0,Desktop Engaged
6479795425232637804,Paid Search,mobile,2,14.0,10.0,0.0,0.0,3,Mobile Users
6481113263464531302,Organic Search,desktop,2,36.5,31.5,0.0,0.0,0,Desktop Engaged
6481748736257427496,Social,desktop,1,14.0,13.0,0.0,0.0,0,Desktop Engaged
6481826553223579425,Referral,desktop,5,57.0,45.0,0.0,0.4,0,Desktop Engaged
6482578323423752011,Organic Search,desktop,7,7.0,6.0,0.0,0.0,1,Desktop Frecuente
6483542972874741074,Referral,desktop,2,13.5,12.0,0.0,0.0,0,Desktop Engaged
6484779449302553395,Direct,desktop,3,21.0,19.0,0.0,0.0,0,Desktop Engaged
6485652672428047343,Direct,desktop,1,34.0,24.0,0.0,0.0,0,Desktop Engaged
6486169111223038083,Referral,desktop,1,45.0,30.0,0.0,0.0,0,Desktop Engaged
6486795623038216247,Referral,desktop,2,41.5,26.5,0.0,0.0,0,Desktop Engaged
6487028704457611703,Organic Search,desktop,11,3.0,2.0,0.3636363636363636,0.0909090909090909,1,Desktop Frecuente
6487092899541018063,Organic Search,desktop,1,20.0,17.0,0.0,0.0,0,Desktop Engaged
6489080031985110076,Referral,desktop,4,2.5,2.5,0.25,0.25,1,Desktop Frecuente
6491540923098115435,Organic Search,desktop,2,17.5,14.0,0.0,1.0,2,Weekend Warriors
6492524762666859925,Direct,mobile,2,35.0,26.5,0.0,0.0,3,Mobile Users
6493013869237663411,Referral,desktop,1,24.0,22.0,0.0,0.0,0,Desktop Engaged
6494204056900967959,Referral,desktop,2,3.0,3.0,0.0,0.3333333333333333,1,Desktop Frecuente
6494770218013686289,Organic Search,desktop,1,30.0,22.0,0.0,0.0,0,Desktop Engaged
6495428628706870090,Referral,desktop,2,25.5,20.0,0.0,0.5,2,Weekend Warriors
6499749315992064304,Direct,desktop,3,3.0,3.0,0.0,0.0,1,Desktop Frecuente
6502669189284720026,Direct,desktop,1,55.0,35.0,0.0,0.0,0,Desktop Engaged
6505695980027180429,Referral,desktop,3,10.0,8.0,0.0,0.0,1,Desktop Frecuente
6505946692169032173,Organic Search,tablet,1,34.0,27.0,0.0,0.0,3,Mobile Users
6506018899237135530,Organic Search,desktop,3,6.0,6.0,0.0,0.3333333333333333,1,Desktop Frecuente
6507463560361845015,Referral,desktop,1,36.0,28.0,0.0,0.0,0,Desktop Engaged
6509863579619140812,Referral,desktop,5,12.0,10.0,0.0,0.4,1,Desktop Frecuente
6513685604083648974,Referral,desktop,3,17.0,15.0,0.0,0.0,0,Desktop Engaged
6514103813474537949,Direct,desktop,3,11.0,6.0,0.0,0.0,1,Desktop Frecuente
6515057374372191963,Social,desktop,5,3.0,3.0,0.2,0.0,1,Desktop Frecuente
6516417691965742521,Referral,desktop,10,5.5,4.0,0.2,0.1,1,Desktop Frecuente
6521559462592776000,Direct,desktop,5,14.0,9.0,0.2,0.0,1,Desktop Frecuente
6523039845529938938,Referral,desktop,1,23.0,20.0,0.0,0.0,0,Desktop Engaged
6523689521258381197,Direct,desktop,6,5.0,4.5,0.3333333333333333,0.3333333333333333,1,Desktop Frecuente
6525565523346061607,Referral,desktop,5,12.0,9.0,0.0,0.0,1,Desktop Frecuente
6526021164670173680,Organic Search,desktop,2,19.0,16.5,0.5,0.0,0,Desktop Engaged
6526089365203867148,Referral,desktop,1,31.0,20.0,0.0,1.0,2,Weekend Warriors
6527572324759944346,Referral,desktop,2,35.5,22.5,0.0,0.0,0,Desktop Engaged
6528190156383151299,Organic Search,mobile,1,17.0,14.0,0.0,1.0,3,Mobile Users
6528937376460090929,Referral,desktop,1,24.0,19.0,0.0,0.0,0,Desktop Engaged
6529261967068003894,Organic Search,desktop,9,1.0,1.0,0.6666666666666666,0.1111111111111111,1,Desktop Frecuente
6530155408321990119,Referral,desktop,4,8.0,7.5,0.0,0.25,1,Desktop Frecuente
6531277595713835073,Organic Search,desktop,7,5.0,5.0,0.2857142857142857,0.0,1,Desktop Frecuente
6534072871355441186,Referral,desktop,2,14.0,14.0,0.0,0.0,0,Desktop Engaged
6534928919321366267,Organic Search,mobile,18,3.5,3.0,0.3888888888888889,0.3888888888888889,3,Mobile Users
6535781347855581539,Organic Search,desktop,1,21.0,17.0,0.0,0.0,0,Desktop Engaged
6537661830221758612,Direct,desktop,4,5.0,5.0,0.0,0.25,1,Desktop Frecuente
6539054271579803553,Referral,desktop,4,13.0,10.5,0.25,0.0,1,Desktop Frecuente
6539518527897980356,Direct,mobile,1,8.0,8.0,0.0,0.0,3,Mobile Users
6541355777027217465,Referral,desktop,3,18.0,15.0,0.0,0.0,0,Desktop Engaged
6542209208399539722,Referral,desktop,1,18.0,17.0,0.0,0.0,0,Desktop Engaged
6543165313492728193,Display,desktop,2,39.0,29.5,0.0,0.0,0,Desktop Engaged
6544019530150712383,Referral,desktop,1,22.0,16.0,0.0,0.0,0,Desktop Engaged
6545782400458878065,Direct,desktop,1,12.0,11.0,0.0,0.0,0,Desktop Engaged
6545879007886241178,Referral,desktop,1,18.0,16.0,0.0,0.0,0,Desktop Engaged
6546307978179496414,Direct,desktop,2,20.0,15.5,0.0,0.0,0,Desktop Engaged
6546372456580324872,Direct,desktop,2,11.5,8.5,0.5,0.0,1,Desktop Frecuente
6546857129496008623,Direct,desktop,1,59.0,49.0,0.0,1.0,2,Weekend Warriors
6548626246130862757,Organic Search,desktop,2,17.5,14.0,0.0,0.5,2,Weekend Warriors
6548964457968888412,Direct,desktop,2,34.5,26.5,0.0,0.0,0,Desktop Engaged
6551633812942032898,Referral,desktop,7,5.0,5.0,0.2857142857142857,0.1428571428571428,1,Desktop Frecuente
6553002613272826451,Organic Search,desktop,2,21.0,16.5,0.0,0.0,0,Desktop Engaged
6553890260973501420,Referral,desktop,11,5.0,5.0,0.0,0.0,1,Desktop Frecuente
6555565208785963579,Referral,desktop,4,3.0,3.0,0.5,0.0,1,Desktop Frecuente
6556372103175435260,Organic Search,desktop,6,4.0,4.0,0.1666666666666666,0.0,1,Desktop Frecuente
6557047754873330077,Organic Search,desktop,8,17.5,13.5,0.0,0.0,1,Desktop Frecuente
6558070663026702303,Direct,desktop,4,8.0,8.0,0.5,0.0,1,Desktop Frecuente
6558432004095303802,Referral,desktop,3,2.0,2.0,0.3333333333333333,0.3333333333333333,1,Desktop Frecuente
6559285755206861388,Referral,desktop,3,4.0,3.0,0.0,0.3333333333333333,1,Desktop Frecuente
6560066529199965530,Paid Search,desktop,4,21.5,14.5,0.25,0.0,1,Desktop Frecuente
6561335265655404482,Paid Search,desktop,3,11.0,11.0,0.0,0.0,1,Desktop Frecuente
6561435115855604355,Organic Search,desktop,1,26.0,19.0,0.0,0.0,0,Desktop Engaged
6562342675160454835,Organic Search,desktop,1,56.0,44.0,0.0,0.0,0,Desktop Engaged
6562556317275656403,Referral,desktop,2,22.5,17.0,0.0,0.0,0,Desktop Engaged
6563130963865137516,Referral,desktop,4,9.5,7.5,0.0,0.0,1,Desktop Frecuente
6563742407321664584,Organic Search,mobile,11,1.0,1.0,0.5454545454545454,0.2727272727272727,3,Mobile Users
6564152786656423279,Paid Search,desktop,1,25.0,18.0,0.0,0.0,0,Desktop Engaged
6564820894573937867,Referral,desktop,4,31.0,20.5,0.0,0.0,0,Desktop Engaged
6564923719218813325,Organic Search,mobile,1,43.0,31.0,0.0,0.0,3,Mobile Users
6565636910376220215,Organic Search,desktop,1,21.0,16.0,0.0,0.0,0,Desktop Engaged
6566774307338072036,Referral,desktop,5,15.0,14.0,0.2,0.0,1,Desktop Frecuente
6567450857887663751,Referral,desktop,4,10.5,9.5,0.0,0.25,1,Desktop Frecuente
6568405082195988335,Paid Search,mobile,4,18.5,17.0,0.0,0.5,3,Mobile Users
6569605994631186947,Referral,desktop,1,36.0,27.0,0.0,0.0,0,Desktop Engaged
6569964390858147530,Referral,desktop,9,7.0,3.0,0.3333333333333333,0.1111111111111111,1,Desktop Frecuente
6571568688265758009,Organic Search,desktop,4,24.0,19.5,0.0,0.0,0,Desktop Engaged
6571750739526542034,Direct,desktop,1,35.0,28.0,0.0,0.0,0,Desktop Engaged
6571994191266464601,Organic Search,mobile,1,39.0,32.0,0.0,0.0,3,Mobile Users
6572163684881501472,Referral,desktop,6,4.0,4.0,0.0,0.0,1,Desktop Frecuente
6572523505337160165,Referral,desktop,3,12.0,10.0,0.0,0.3333333333333333,1,Desktop Frecuente
6574777397664744469,Referral,desktop,1,38.0,29.0,0.0,0.0,0,Desktop Engaged
6575507973076035820,Organic Search,desktop,1,36.0,32.0,0.0,1.0,2,Weekend Warriors
6576129990528649726,Organic Search,desktop,7,29.0,22.0,0.0,0.0,1,Desktop Frecuente
6576312646375701904,Organic Search,desktop,13,3.0,3.0,0.0,0.0,1,Desktop Frecuente
6578016208706520145,Direct,desktop,3,16.0,10.0,0.0,0.0,0,Desktop Engaged
6579892662403001804,Organic Search,desktop,18,8.0,5.0,0.1111111111111111,0.5,1,Desktop Frecuente
6584758329159438416,Referral,desktop,4,13.0,8.5,0.0,0.0,1,Desktop Frecuente
6585154351202228572,Referral,desktop,2,25.0,18.0,0.0,0.0,0,Desktop Engaged
6586739058236606680,Direct,mobile,5,5.0,5.0,0.2,0.2,3,Mobile Users
6587037994629454209,Referral,desktop,1,14.0,14.0,0.0,0.0,0,Desktop Engaged
6587536713587064638,Referral,desktop,7,12.0,11.0,0.0,0.1428571428571428,1,Desktop Frecuente
6587559846712366665,Organic Search,desktop,3,6.0,6.0,0.0,0.3333333333333333,1,Desktop Frecuente
6587875124073983247,Organic Search,desktop,2,19.5,18.0,0.0,0.0,0,Desktop Engaged
6589067113499479000,Referral,desktop,3,5.0,5.0,0.0,0.0,1,Desktop Frecuente
6592244527170877583,Social,desktop,1,62.0,42.0,0.0,0.0,0,Desktop Engaged
6592789576297039396,Direct,desktop,2,23.0,18.0,0.5,0.5,2,Weekend Warriors
6592883580168014282,Referral,desktop,6,21.0,14.0,0.1666666666666666,0.0,1,Desktop Frecuente
6593140710602470169,Referral,desktop,5,6.0,6.0,0.0,0.0,1,Desktop Frecuente
6594015384875997141,Direct,desktop,3,34.0,24.0,0.0,0.0,0,Desktop Engaged
6597110312639955010,Organic Search,desktop,2,16.0,13.0,0.0,0.0,0,Desktop Engaged
6598705498022981771,Organic Search,desktop,1,100.0,66.0,0.0,1.0,2,Weekend Warriors
6599797229931004781,Direct,desktop,1,5.0,5.0,0.0,0.0,1,Desktop Frecuente
6600298028142783837,Organic Search,desktop,6,14.0,12.0,0.0,0.3333333333333333,1,Desktop Frecuente
6601465806471349240,Organic Search,desktop,1,43.0,30.0,0.0,0.0,0,Desktop Engaged
6601642553603918641,Direct,desktop,3,2.0,2.0,0.3333333333333333,0.3333333333333333,1,Desktop Frecuente
6604978116094701484,Organic Search,desktop,1,71.0,49.0,0.0,0.0,0,Desktop Engaged
6605741812021030281,Referral,desktop,1,78.0,50.0,0.0,0.0,0,Desktop Engaged
6609719769387131665,Direct,desktop,2,18.5,13.0,0.0,0.0,0,Desktop Engaged
6614589906823585713,Referral,desktop,3,23.0,21.0,0.0,0.6666666666666666,2,Weekend Warriors
6614746514617472151,Organic Search,mobile,1,22.0,18.0,0.0,1.0,3,Mobile Users
6615374904571614092,Organic Search,mobile,8,5.0,4.0,0.375,0.625,3,Mobile Users
6616312769485144560,Organic Search,desktop,4,10.5,7.5,0.25,0.0,1,Desktop Frecuente
6616892388883131353,Referral,desktop,3,9.0,8.0,0.0,0.3333333333333333,1,Desktop Frecuente
6620224985350113488,Paid Search,desktop,1,36.0,29.0,0.0,0.0,0,Desktop Engaged
6622161244934752871,Referral,desktop,8,5.0,4.5,0.25,0.0,1,Desktop Frecuente
6622305862930947973,Organic Search,desktop,1,14.0,12.0,0.0,1.0,2,Weekend Warriors
6623534661206058922,Organic Search,desktop,1,43.0,25.0,0.0,1.0,2,Weekend Warriors
6627479815076599911,Paid Search,desktop,3,7.0,6.0,0.0,0.3333333333333333,1,Desktop Frecuente
6629666456279123599,Organic Search,desktop,1,60.0,49.0,0.0,1.0,2,Weekend Warriors
6630027914163180636,Direct,desktop,3,10.0,8.0,0.3333333333333333,0.3333333333333333,1,Desktop Frecuente
6633599178417941458,Referral,desktop,1,40.0,35.0,0.0,0.0,0,Desktop Engaged
6635291657972521810,Direct,desktop,1,61.0,49.0,0.0,0.0,0,Desktop Engaged
6637893097065829171,Social,desktop,3,47.0,34.0,0.0,0.0,0,Desktop Engaged
6638757715697326047,Referral,desktop,2,31.5,28.5,0.0,0.0,0,Desktop Engaged
6639228698247175912,Referral,desktop,4,4.0,3.5,0.0,0.0,1,Desktop Frecuente
6641857110835940627,Paid Search,tablet,3,17.0,13.0,0.0,0.6666666666666666,3,Mobile Users
6642261851584081073,Organic Search,desktop,2,9.0,9.0,0.0,0.0,1,Desktop Frecuente
6642860833043298836,Organic Search,desktop,2,12.0,10.0,0.0,0.0,0,Desktop Engaged
6643309753401682133,Direct,desktop,2,11.5,11.0,0.5,0.0,1,Desktop Frecuente
6644000525957644121,Organic Search,desktop,2,10.5,9.0,0.5,0.0,1,Desktop Frecuente
6644273643966013405,Referral,desktop,3,4.0,3.0,0.3333333333333333,0.3333333333333333,1,Desktop Frecuente
6645347207310315044,Organic Search,mobile,12,3.5,3.5,0.3333333333333333,0.1666666666666666,3,Mobile Users
6645585126548219573,Organic Search,desktop,2,22.0,19.5,0.0,0.0,0,Desktop Engaged
6646071329246119871,Referral,desktop,2,11.5,9.0,0.0,0.0,0,Desktop Engaged
6646523251391378796,Referral,desktop,3,22.0,17.0,0.0,0.0,0,Desktop Engaged
6655413249295865439,Referral,desktop,1,15.0,12.0,0.0,0.0,0,Desktop Engaged
6658065818028361552,Referral,desktop,13,5.0,5.0,0.0769230769230769,0.0,1,Desktop Frecuente
6658963377176900998,Referral,desktop,5,6.0,6.0,0.2,0.0,1,Desktop Frecuente
6659013870490271686,Referral,desktop,6,8.0,8.0,0.0,0.1428571428571428,1,Desktop Frecuente
6659787227990413375,Organic Search,desktop,1,21.0,17.0,0.0,0.0,0,Desktop Engaged
6660289189786531179,Direct,desktop,2,38.0,28.0,0.0,0.0,0,Desktop Engaged
6664733704830724714,Referral,desktop,6,19.0,16.5,0.0,0.0,1,Desktop Frecuente
6667812222576375440,Direct,desktop,1,30.0,24.0,0.0,0.0,0,Desktop Engaged
6668081558564900297,Direct,desktop,5,7.0,6.0,0.0,0.0,1,Desktop Frecuente
6668929778819384913,Referral,desktop,2,15.5,14.0,0.0,0.0,0,Desktop Engaged
6670919334935999370,Referral,desktop,1,25.0,19.0,0.0,0.0,0,Desktop Engaged
6670969754329447420,Organic Search,desktop,2,31.5,24.5,0.5,0.0,0,Desktop Engaged
6671011279040141651,Organic Search,mobile,4,4.0,4.0,0.5,0.0,3,Mobile Users
6671389444747353437,Referral,desktop,7,22.0,16.0,0.0,0.1428571428571428,1,Desktop Frecuente
6674833621031160897,Referral,desktop,1,33.0,26.0,0.0,0.0,0,Desktop Engaged
6676096606002848713,Organic Search,desktop,2,11.0,10.0,0.0,0.5,2,Weekend Warriors
6676417252598129629,Referral,desktop,2,50.5,37.5,0.0,0.0,0,Desktop Engaged
6679257213449754553,Direct,tablet,10,2.0,2.0,0.2,0.2,3,Mobile Users
6679426098761347973,Organic Search,desktop,2,9.0,8.5,0.5,0.0,1,Desktop Frecuente
6680051680711620547,Organic Search,desktop,1,142.0,110.0,0.0,0.0,0,Desktop Engaged
6684428411656994293,Organic Search,mobile,1,45.0,40.0,0.0,0.0,3,Mobile Users
6686381334657841223,Organic Search,desktop,4,16.0,15.0,0.0,0.0,1,Desktop Frecuente
6687800400075558056,Referral,desktop,1,23.0,21.0,0.0,0.0,0,Desktop Engaged
6689703929781725667,Organic Search,desktop,2,9.0,8.5,0.5,0.0,1,Desktop Frecuente
6691771095027731329,Referral,desktop,10,5.0,5.0,0.2,0.1,1,Desktop Frecuente
6692279369558615157,Organic Search,desktop,1,15.0,13.0,0.0,0.0,0,Desktop Engaged
6696207158105789561,Organic Search,desktop,3,13.0,12.0,0.0,0.0,1,Desktop Frecuente
6696682663058659841,Organic Search,desktop,2,72.0,48.0,0.0,0.0,0,Desktop Engaged
6697182263056162374,Referral,desktop,3,8.0,8.0,0.0,0.0,1,Desktop Frecuente
6697620123256725715,Organic Search,desktop,1,32.0,24.0,0.0,0.0,0,Desktop Engaged
6698595814877741268,Direct,desktop,3,7.0,5.0,0.0,0.0,1,Desktop Frecuente
6701329268278625221,Referral,desktop,9,4.0,4.0,0.1111111111111111,0.0,1,Desktop Frecuente
6702410231065530921,Referral,desktop,1,23.0,22.0,0.0,1.0,2,Weekend Warriors
6703621215961449720,Organic Search,desktop,1,60.0,49.0,0.0,0.0,0,Desktop Engaged
6704169866475773316,Referral,desktop,2,16.5,12.5,0.0,0.5,2,Weekend Warriors
6704302181752646951,Referral,desktop,5,7.0,7.0,0.0,0.2,1,Desktop Frecuente
6704364789762409859,Referral,desktop,1,27.0,24.0,0.0,0.0,0,Desktop Engaged
6704734820582532238,Direct,desktop,1,78.0,36.0,0.0,0.0,0,Desktop Engaged
6706297480707515973,Direct,desktop,2,22.5,17.0,0.0,0.0,0,Desktop Engaged
6707245033176905933,Organic Search,desktop,4,4.5,4.0,0.5,0.25,1,Desktop Frecuente
6708775225272351859,Organic Search,desktop,9,8.0,8.0,0.0,0.2222222222222222,1,Desktop Frecuente
6709889310139115020,Organic Search,mobile,1,19.0,18.0,0.0,0.0,3,Mobile Users
6710887116660437849,Organic Search,desktop,1,45.0,37.0,0.0,0.0,0,Desktop Engaged
6712520540378436905,Organic Search,desktop,2,21.5,17.5,0.0,0.0,0,Desktop Engaged
6713105550821330971,Direct,desktop,3,13.0,13.0,0.0,0.0,1,Desktop Frecuente
6714603474209482619,Direct,desktop,1,12.0,11.0,0.0,1.0,2,Weekend Warriors
6715636871396897050,Referral,desktop,5,5.0,5.0,0.2,0.2,1,Desktop Frecuente
6716928511410179095,Paid Search,desktop,3,15.0,13.0,0.3333333333333333,0.0,1,Desktop Frecuente
6717912372557632494,Organic Search,desktop,2,18.0,15.5,0.0,0.5,2,Weekend Warriors
6720643639676411949,Direct,desktop,3,9.0,7.0,0.0,0.0,1,Desktop Frecuente
6721455376185973949,Organic Search,desktop,2,10.0,9.5,0.0,0.0,1,Desktop Frecuente
6721464699754089230,Organic Search,desktop,1,45.0,36.0,0.0,0.0,0,Desktop Engaged
6721635105403068573,Organic Search,desktop,2,38.5,29.5,0.0,0.0,0,Desktop Engaged
6722042716459387883,Referral,desktop,11,7.0,6.0,0.0909090909090909,0.0,1,Desktop Frecuente
6722355366831429055,Referral,desktop,10,3.5,3.0,0.1,1.0,1,Desktop Frecuente
6722620376499258929,Organic Search,mobile,1,42.0,36.0,0.0,0.0,3,Mobile Users
6726207842188370716,Organic Search,desktop,3,15.0,15.0,0.0,0.0,1,Desktop Frecuente
6726478899201625475,Referral,desktop,6,24.5,20.0,0.0,0.3333333333333333,1,Desktop Frecuente
6726938691448452344,Organic Search,desktop,1,47.0,34.0,0.0,0.0,0,Desktop Engaged
6726943481630703491,Referral,desktop,1,55.0,47.0,0.0,0.0,0,Desktop Engaged
6727676146823335338,Paid Search,desktop,2,20.0,16.0,0.0,0.0,0,Desktop Engaged
6730027102407598454,Direct,desktop,1,33.0,24.0,0.0,0.0,0,Desktop Engaged
6731593907536054375,Referral,desktop,1,24.0,19.0,0.0,0.0,0,Desktop Engaged
6734483584623295408,Paid Search,desktop,5,4.0,4.0,0.0,0.2,1,Desktop Frecuente
6736342148988696892,Direct,desktop,4,38.5,37.5,0.0,0.25,0,Desktop Engaged
6736550303451079628,Referral,desktop,1,23.0,22.0,0.0,1.0,2,Weekend Warriors
6736977205570964943,Referral,desktop,8,1.0,1.0,0.625,0.125,1,Desktop Frecuente
6738644801977314557,Referral,desktop,6,3.5,3.0,0.1666666666666666,0.0,1,Desktop Frecuente
6741720961637872059,Referral,desktop,1,20.0,18.0,0.0,1.0,2,Weekend Warriors
6745703990987927625,Direct,desktop,1,25.0,22.0,0.0,0.0,0,Desktop Engaged
6746192651658038483,Referral,desktop,9,1.0,1.0,0.5555555555555556,0.0,1,Desktop Frecuente
6747257732735664599,Organic Search,desktop,2,12.0,10.0,0.0,0.0,0,Desktop Engaged
6748119640287592894,Direct,desktop,1,14.0,13.0,0.0,0.0,0,Desktop Engaged
6750525537628913149,Paid Search,desktop,10,6.5,5.5,0.0,0.0,1,Desktop Frecuente
6752104622110349075,Direct,desktop,1,15.0,14.0,0.0,0.0,0,Desktop Engaged
6752202398178305977,Direct,desktop,4,10.0,9.5,0.0,0.0,1,Desktop Frecuente
6752243770204635267,Affiliates,desktop,3,13.0,13.0,0.0,0.0,1,Desktop Frecuente
6752966524308578195,Referral,desktop,7,4.0,4.0,0.0,0.0,1,Desktop Frecuente
6754217124682616244,Organic Search,desktop,1,60.0,48.0,0.0,0.0,0,Desktop Engaged
6754683731104767908,Referral,desktop,1,36.0,29.0,0.0,0.0,0,Desktop Engaged
6755488962103472751,Referral,desktop,7,3.0,3.0,0.1428571428571428,0.0,1,Desktop Frecuente
6757157297870594584,Direct,desktop,3,2.0,2.0,0.3333333333333333,0.0,1,Desktop Frecuente
6757769563866849051,Referral,desktop,6,8.5,7.0,0.0,0.0,1,Desktop Frecuente
6758967380059816274,Organic Search,desktop,2,24.5,19.0,0.0,0.5,2,Weekend Warriors
6759210140407313473,Organic Search,desktop,1,21.0,19.0,0.0,0.0,0,Desktop Engaged
6760732402251466726,Referral,desktop,40,15.0,12.0,0.025,0.025,1,Desktop Frecuente
6760846348578778765,Organic Search,desktop,1,20.0,20.0,0.0,0.0,0,Desktop Engaged
6761788136164809732,Referral,desktop,1,19.0,17.0,0.0,0.0,0,Desktop Engaged
6762079218801830407,Organic Search,desktop,3,3.0,3.0,0.0,0.0,1,Desktop Frecuente
6764771330832517063,Organic Search,desktop,2,19.0,15.0,0.0,0.0,0,Desktop Engaged
6766597568771975772,Organic Search,desktop,17,7.0,7.0,0.0588235294117647,0.1176470588235294,1,Desktop Frecuente
6766852274145624203,Referral,desktop,3,15.0,13.0,0.3333333333333333,0.0,1,Desktop Frecuente
6767082837980910756,Referral,desktop,1,16.0,15.0,0.0,0.0,0,Desktop Engaged
6768220154263223438,Referral,desktop,4,11.5,11.5,0.0,0.25,1,Desktop Frecuente
6768316228601904493,Referral,desktop,1,11.0,9.0,0.0,0.0,0,Desktop Engaged
6768557709167919793,Referral,desktop,6,2.0,2.0,0.1666666666666666,0.0,1,Desktop Frecuente
6768770758966882890,Referral,desktop,4,9.0,6.5,0.25,0.0,1,Desktop Frecuente
6772419843051184934,Referral,desktop,3,5.0,4.0,0.0,0.3333333333333333,1,Desktop Frecuente
6773163572466277381,Direct,desktop,1,26.0,20.0,0.0,0.0,0,Desktop Engaged
6773197737992467786,Organic Search,desktop,2,20.5,15.0,0.0,0.0,0,Desktop Engaged
6773336867278757036,Organic Search,desktop,7,1.0,1.0,0.5714285714285714,0.0,1,Desktop Frecuente
6773346222137141343,Referral,desktop,1,34.0,25.0,0.0,0.0,0,Desktop Engaged
6773504129316656025,Referral,desktop,3,2.0,2.0,0.0,0.0,1,Desktop Frecuente
6774994701357708261,Direct,desktop,1,14.0,14.0,0.0,0.0,0,Desktop Engaged
6775926571390989746,Referral,mobile,5,3.0,3.0,0.4,0.6,3,Mobile Users
6776660125553091121,Direct,desktop,6,11.5,10.0,0.1666666666666666,0.1666666666666666,1,Desktop Frecuente
6777096292963112230,Organic Search,desktop,9,9.0,9.0,0.1111111111111111,0.2222222222222222,1,Desktop Frecuente
6777137724610600801,Referral,desktop,3,1.0,1.0,0.6666666666666666,0.0,1,Desktop Frecuente
6779452888201593499,Direct,mobile,1,18.0,17.0,0.0,0.0,3,Mobile Users
6781934558737955524,Referral,desktop,8,12.5,10.5,0.0,0.25,1,Desktop Frecuente
6782351669941022457,Referral,desktop,1,28.0,23.0,0.0,0.0,0,Desktop Engaged
6782547242974334702,Organic Search,desktop,6,15.5,15.5,0.0,0.0,1,Desktop Frecuente
6782606439350714916,Organic Search,desktop,1,54.0,37.0,0.0,0.0,0,Desktop Engaged
6783649640899886528,Organic Search,desktop,4,9.5,9.0,0.25,0.25,1,Desktop Frecuente
6784397224104155338,Referral,desktop,2,21.0,16.0,0.5,0.5,2,Weekend Warriors
6784942703599802835,Direct,desktop,1,18.0,16.0,0.0,0.0,0,Desktop Engaged
6786029887137297772,Direct,desktop,1,17.0,15.0,0.0,0.0,0,Desktop Engaged
6786160026514884079,Referral,desktop,2,32.0,24.0,0.0,0.5,2,Weekend Warriors
6788608757552402673,Direct,desktop,2,8.0,7.5,0.5,0.0,1,Desktop Frecuente
6790593881313685979,Referral,desktop,2,38.5,33.0,0.0,0.0,0,Desktop Engaged
6792032727178228496,Organic Search,desktop,1,36.0,32.0,0.0,0.0,0,Desktop Engaged
6793059858875608655,Referral,desktop,3,19.0,17.0,0.0,0.0,0,Desktop Engaged
6793108534147288859,Referral,desktop,2,34.5,27.5,0.0,0.5,2,Weekend Warriors
6794112710771177678,Referral,desktop,1,51.0,36.0,0.0,0.0,0,Desktop Engaged
6794948187699910130,Referral,desktop,2,28.5,21.5,0.5,0.0,0,Desktop Engaged
6796252004847324374,Organic Search,desktop,2,37.5,27.5,0.0,0.0,0,Desktop Engaged
6797327850087338835,Referral,desktop,1,48.0,35.0,0.0,0.0,0,Desktop Engaged
6797432899513428583,Referral,desktop,2,14.5,11.0,0.0,0.0,0,Desktop Engaged
6797720832813064736,Organic Search,desktop,1,28.0,25.0,0.0,0.0,0,Desktop Engaged
6800222720402902812,Referral,mobile,1,14.0,14.0,0.0,0.0,3,Mobile Users
6801016533412505904,Paid Search,desktop,1,35.0,16.0,0.0,0.0,0,Desktop Engaged
6802209883969763729,Referral,desktop,2,18.0,12.5,0.5,0.0,1,Desktop Frecuente
6803256328892941875,Referral,desktop,3,28.0,21.0,0.0,0.0,0,Desktop Engaged
6803371393192136951,Organic Search,desktop,2,17.0,13.0,0.0,0.0,0,Desktop Engaged
6805387544309582877,Referral,desktop,8,5.0,5.0,0.125,0.125,1,Desktop Frecuente
6807510968686400169,Direct,desktop,2,8.0,6.5,0.5,0.0,1,Desktop Frecuente
6810807631474905667,Direct,tablet,3,1.0,1.0,0.6666666666666666,0.6666666666666666,3,Mobile Users
6814041707718755292,Direct,desktop,6,8.5,6.5,0.1666666666666666,0.0,1,Desktop Frecuente
6814131569143407041,Organic Search,desktop,2,34.5,26.5,0.0,0.0,0,Desktop Engaged
6815234192194618942,Referral,desktop,33,6.0,5.0,0.303030303030303,0.1818181818181818,1,Desktop Frecuente
6816536410771579463,Direct,desktop,2,15.0,13.0,0.0,0.0,0,Desktop Engaged
6817073554026572260,Organic Search,mobile,1,37.0,33.0,0.0,0.0,3,Mobile Users
6817220325980493863,Referral,desktop,1,25.0,20.0,0.0,0.0,0,Desktop Engaged
6817264286824757419,Referral,desktop,4,10.0,9.5,0.25,0.0,1,Desktop Frecuente
6818117303364696962,Referral,desktop,3,24.0,15.0,0.0,0.6666666666666666,2,Weekend Warriors
6820200829240883942,Organic Search,desktop,7,13.0,13.0,0.1428571428571428,0.2857142857142857,1,Desktop Frecuente
6821563086634127791,Direct,desktop,1,56.0,39.0,0.0,0.0,0,Desktop Engaged
6821649352225770256,Organic Search,desktop,2,26.0,22.0,0.0,0.0,0,Desktop Engaged
6822029585974279558,Referral,desktop,1,14.0,13.0,0.0,0.0,0,Desktop Engaged
6822031209977352236,Referral,desktop,15,6.0,6.0,0.0,0.0666666666666666,1,Desktop Frecuente
6822760560564314761,Organic Search,desktop,2,17.5,14.0,0.0,0.0,0,Desktop Engaged
6823900200556222450,Organic Search,desktop,6,16.0,12.0,0.1666666666666666,0.0,1,Desktop Frecuente
6824018129168937782,Referral,desktop,3,27.0,23.0,0.3333333333333333,0.0,0,Desktop Engaged
6824514473807635978,Referral,desktop,1,38.0,29.0,0.0,0.0,0,Desktop Engaged
6824817810193692937,Organic Search,mobile,5,1.0,1.0,0.8,0.0,3,Mobile Users
6827048275264078810,Organic Search,mobile,2,14.5,12.0,0.0,0.0,3,Mobile Users
6827945352712857729,Referral,desktop,2,29.0,21.0,0.0,0.0,0,Desktop Engaged
6832250540246266715,Referral,desktop,3,4.0,4.0,0.0,0.6666666666666666,1,Desktop Frecuente
6832732370035562735,Direct,desktop,1,25.0,18.0,0.0,1.0,2,Weekend Warriors
6833770537272775789,Organic Search,tablet,4,14.0,9.5,0.25,0.0,3,Mobile Users
6835707118991448680,Direct,desktop,2,8.0,8.0,0.0,0.0,1,Desktop Frecuente
6836107306781208493,Direct,desktop,13,3.0,3.0,0.0769230769230769,0.0,1,Desktop Frecuente
6837769704437235425,Referral,desktop,1,48.0,37.0,0.0,0.0,0,Desktop Engaged
6841461972455474576,Referral,desktop,1,21.0,21.0,0.0,0.0,0,Desktop Engaged
6842524797824315132,Referral,desktop,2,6.5,6.0,0.0,0.0,1,Desktop Frecuente
6843021103780631500,Direct,desktop,2,10.0,9.0,0.0,0.0,1,Desktop Frecuente
6843737679875735650,Organic Search,desktop,1,25.0,21.0,0.0,0.0,0,Desktop Engaged
6844624827081744430,Organic Search,desktop,1,14.0,14.0,0.0,0.0,0,Desktop Engaged
6845776877174113141,Organic Search,desktop,2,11.5,10.5,0.0,1.0,2,Weekend Warriors
6846461498019259456,Referral,desktop,5,3.0,3.0,0.4,0.6,1,Desktop Frecuente
6846751553116402578,Organic Search,mobile,1,23.0,20.0,0.0,0.0,3,Mobile Users
6847022427590388886,Organic Search,desktop,6,15.5,11.0,0.0,0.0,1,Desktop Frecuente
6849604863010168468,Referral,desktop,12,10.5,9.5,0.0833333333333333,0.0,1,Desktop Frecuente
6849883907378511530,Organic Search,desktop,5,13.0,11.0,0.2,0.0,1,Desktop Frecuente
6850824417325260656,Organic Search,desktop,6,9.0,7.0,0.0,0.5,1,Desktop Frecuente
6854625627420702012,Referral,desktop,2,27.5,19.0,0.0,0.0,0,Desktop Engaged
6855059626391376341,Referral,desktop,5,14.0,11.0,0.0,0.0,1,Desktop Frecuente
6855063825045549554,Referral,desktop,2,11.0,10.0,0.0,0.0,1,Desktop Frecuente
6855973837181242337,Direct,desktop,2,40.5,31.0,0.0,0.5,2,Weekend Warriors
6857044423045484850,Referral,desktop,4,16.5,14.0,0.0,0.0,1,Desktop Frecuente
6857552977266709862,Organic Search,mobile,5,2.0,2.0,0.2,0.0,3,Mobile Users
6858581199056101379,Referral,desktop,2,35.5,30.5,0.0,1.0,2,Weekend Warriors
6858857361782315379,Referral,desktop,3,6.0,6.0,0.3333333333333333,0.0,1,Desktop Frecuente
6859653115224439411,Referral,desktop,1,11.0,11.0,0.0,0.0,0,Desktop Engaged
6860585506897324641,Referral,desktop,2,25.5,19.5,0.5,0.0,0,Desktop Engaged
6860857645256589576,Referral,desktop,7,12.0,10.0,0.1428571428571428,0.0,1,Desktop Frecuente
6861503307168230520,Direct,mobile,2,15.5,13.5,0.0,0.0,3,Mobile Users
6861967258484656845,Referral,desktop,1,38.0,29.0,0.0,0.0,0,Desktop Engaged
6862738062437634632,Referral,desktop,1,28.0,20.0,0.0,0.0,0,Desktop Engaged
6862866435546050671,Referral,desktop,4,22.5,13.5,0.25,0.0,1,Desktop Frecuente
6865658404662117322,Organic Search,desktop,1,53.0,37.0,0.0,0.0,0,Desktop Engaged
6866350473487025538,Referral,desktop,3,3.0,3.0,0.0,0.0,1,Desktop Frecuente
6867968025940635980,Direct,mobile,2,64.0,47.0,0.0,0.0,3,Mobile Users
6869564926691033241,Referral,desktop,1,32.0,28.0,0.0,0.0,0,Desktop Engaged
6870007734084119438,Referral,desktop,1,34.0,32.0,0.0,0.0,0,Desktop Engaged
6871033222959309564,Referral,desktop,5,7.0,6.0,0.4,0.0,1,Desktop Frecuente
6873140036612855431,Organic Search,desktop,17,2.0,2.0,0.4117647058823529,0.0588235294117647,1,Desktop Frecuente
6875432376489429220,Direct,desktop,3,30.0,19.0,0.0,0.0,0,Desktop Engaged
6877000758509218039,Direct,desktop,1,48.0,39.0,0.0,0.0,0,Desktop Engaged
6877077844721170397,Referral,desktop,3,1.0,1.0,0.6666666666666666,0.3333333333333333,1,Desktop Frecuente
6877088021237631458,Paid Search,desktop,3,12.0,12.0,0.3333333333333333,0.0,1,Desktop Frecuente
6878161609945815580,Referral,desktop,8,8.0,8.0,0.125,0.0,1,Desktop Frecuente
6879336706336070910,Referral,desktop,2,279.0,228.0,0.0,1.0,2,Weekend Warriors
6879713606800508023,Organic Search,desktop,1,100.0,72.0,0.0,1.0,2,Weekend Warriors
6879797551911709980,Organic Search,desktop,2,26.5,20.0,0.0,0.5,2,Weekend Warriors
6881445110889448504,Organic Search,desktop,1,53.0,41.0,0.0,0.0,0,Desktop Engaged
6883290744646769254,Referral,desktop,1,11.0,11.0,0.0,0.0,0,Desktop Engaged
6884119514914214806,Referral,desktop,2,30.5,24.5,0.0,0.0,0,Desktop Engaged
6885840890081039756,Direct,desktop,2,16.0,14.0,0.0,0.0,0,Desktop Engaged
6886324911902005086,Organic Search,desktop,1,43.0,38.0,0.0,1.0,2,Weekend Warriors
6886649071985199551,Referral,desktop,4,4.5,3.0,0.25,0.0,1,Desktop Frecuente
6886733039051258034,Organic Search,desktop,2,28.5,23.0,0.0,0.0,0,Desktop Engaged
6887277539694233275,Referral,desktop,1,21.0,16.0,0.0,0.0,0,Desktop Engaged
6887689755860406789,Referral,desktop,5,22.0,14.0,0.2,0.0,1,Desktop Frecuente
6888488517293978579,Direct,desktop,6,2.0,2.0,0.3333333333333333,0.1666666666666666,1,Desktop Frecuente
6889995809478638827,Referral,desktop,1,18.0,16.0,0.0,0.0,0,Desktop Engaged
6890419448387689000,Referral,desktop,10,6.5,5.0,0.0,0.4,1,Desktop Frecuente
6894364758891151323,Direct,desktop,2,10.0,9.0,0.5,0.0,1,Desktop Frecuente
6894660104034700303,Organic Search,mobile,4,2.5,2.5,0.25,0.0,3,Mobile Users
6894849374667482787,Direct,desktop,1,27.0,25.0,0.0,0.0,0,Desktop Engaged
6895246311530693138,Organic Search,desktop,2,17.0,15.0,0.0,0.0,0,Desktop Engaged
6897167392084877746,Organic Search,desktop,1,13.0,11.0,0.0,0.0,0,Desktop Engaged
6898863270294328062,Organic Search,desktop,1,68.0,50.0,0.0,0.0,0,Desktop Engaged
6902621334559442557,Referral,desktop,1,30.0,24.0,0.0,1.0,2,Weekend Warriors
6903095151297107595,Direct,desktop,18,5.5,5.5,0.4444444444444444,0.0,1,Desktop Frecuente
6904415728032094280,Referral,desktop,5,12.0,10.0,0.0,0.2,1,Desktop Frecuente
6908387488019906910,Referral,desktop,1,34.0,28.0,0.0,0.0,0,Desktop Engaged
6909642805353116140,Organic Search,desktop,2,27.5,21.0,0.5,0.0,0,Desktop Engaged
6910307935211742227,Organic Search,desktop,2,11.5,10.5,0.0,0.0,0,Desktop Engaged
6912883439266311760,Organic Search,desktop,2,30.5,19.5,0.0,0.5,2,Weekend Warriors
6913633170731491634,Direct,desktop,3,3.0,2.0,0.0,0.0,1,Desktop Frecuente
6914629838067650341,Organic Search,desktop,2,26.0,19.0,0.0,1.0,2,Weekend Warriors
6915156303417829416,Organic Search,desktop,3,2.0,2.0,0.3333333333333333,0.0,1,Desktop Frecuente
6915770645189353635,Referral,desktop,2,23.5,18.5,0.5,0.0,0,Desktop Engaged
6915949574314968921,Referral,desktop,3,2.0,2.0,0.3333333333333333,0.0,1,Desktop Frecuente
6917105928775421626,Organic Search,mobile,2,22.0,17.5,0.5,0.0,3,Mobile Users
6919310682813497265,Organic Search,mobile,3,3.0,3.0,0.0,0.0,3,Mobile Users
6919741173943155991,Organic Search,desktop,3,24.0,14.0,0.0,0.3333333333333333,0,Desktop Engaged
6920247453027235928,Organic Search,desktop,2,27.5,24.5,0.0,0.0,0,Desktop Engaged
6923538031077871688,Referral,desktop,1,61.0,43.0,0.0,0.0,0,Desktop Engaged
6924624858911861429,Direct,mobile,3,4.0,3.0,0.0,0.6666666666666666,3,Mobile Users
6925331235673331081,Paid Search,desktop,12,2.5,2.0,0.4166666666666667,0.3333333333333333,1,Desktop Frecuente
6926784689598695134,Direct,desktop,1,25.0,14.0,0.0,0.0,0,Desktop Engaged
6926912273313312650,Paid Search,mobile,5,13.0,11.0,0.0,0.2,3,Mobile Users
6927228741226882478,Direct,desktop,1,16.0,12.0,0.0,0.0,0,Desktop Engaged
6927502833342765895,Organic Search,desktop,1,27.0,23.0,0.0,0.0,0,Desktop Engaged
6928017474634138268,Referral,desktop,3,13.0,13.0,0.3333333333333333,1.0,2,Weekend Warriors
6928471103546165344,Direct,desktop,3,17.0,16.0,0.0,0.3333333333333333,1,Desktop Frecuente
6928599419401836682,Direct,desktop,4,8.5,7.5,0.25,0.0,1,Desktop Frecuente
6928928150843401666,Direct,desktop,2,55.5,39.0,0.0,1.0,2,Weekend Warriors
6929895101672210569,Referral,desktop,3,3.0,3.0,0.3333333333333333,0.0,1,Desktop Frecuente
6931833927582821050,Referral,desktop,3,10.0,8.0,0.0,0.0,1,Desktop Frecuente
6932673168120406334,Organic Search,desktop,4,11.5,9.0,0.0,0.0,1,Desktop Frecuente
6932676135236054351,Organic Search,desktop,1,26.0,25.0,0.0,0.0,0,Desktop Engaged
6932737592368590436,Organic Search,desktop,4,12.0,9.5,0.25,0.0,1,Desktop Frecuente
6933058408282272884,Referral,desktop,2,11.5,10.0,0.0,1.0,2,Weekend Warriors
6933441494397777284,Referral,desktop,1,34.0,28.0,0.0,1.0,2,Weekend Warriors
6935939292011459030,Referral,desktop,4,9.0,6.5,0.0,0.0,1,Desktop Frecuente
6937346356975090905,Referral,desktop,2,36.5,31.5,0.0,0.0,0,Desktop Engaged
6937662175873658557,Display,desktop,2,30.0,24.0,0.0,0.0,0,Desktop Engaged
6939779416249682537,Referral,desktop,1,12.0,12.0,0.0,0.0,0,Desktop Engaged
6941556461186083517,Referral,desktop,4,6.0,5.0,0.5,0.0,1,Desktop Frecuente
6942066477559245785,Organic Search,desktop,2,13.5,10.0,0.0,0.0,0,Desktop Engaged
6942073616379910924,Referral,desktop,4,3.5,3.0,0.0,0.25,1,Desktop Frecuente
6942919918740453716,Referral,desktop,1,57.0,42.0,0.0,0.0,0,Desktop Engaged
6944288019130180719,Direct,desktop,14,3.5,3.5,0.0,0.0,1,Desktop Frecuente
6944407004438928008,Referral,desktop,6,23.0,18.5,0.0,0.1666666666666666,1,Desktop Frecuente
6946322182542883504,Affiliates,desktop,3,10.0,8.0,0.0,0.0,1,Desktop Frecuente
6948465282529619891,Organic Search,desktop,3,22.0,20.0,0.0,0.3333333333333333,0,Desktop Engaged
6948798381192392858,Organic Search,desktop,1,37.0,29.0,0.0,0.0,0,Desktop Engaged
6949619191008849058,Direct,desktop,1,70.0,57.0,0.0,0.0,0,Desktop Engaged
6953920802665298773,Organic Search,mobile,1,20.0,18.0,0.0,1.0,3,Mobile Users
6954387213546558639,Direct,desktop,3,24.0,20.0,0.0,0.0,0,Desktop Engaged
6956884428765583506,Organic Search,desktop,1,59.0,47.0,0.0,0.0,0,Desktop Engaged
6957143257664287020,Direct,mobile,2,14.5,13.0,0.0,0.5,3,Mobile Users
6957245643416321514,Organic Search,desktop,2,97.5,73.0,0.0,0.5,2,Weekend Warriors
6958136256460936943,Referral,desktop,14,5.5,5.0,0.1428571428571428,0.1428571428571428,1,Desktop Frecuente
6958759408390889884,Organic Search,desktop,1,33.0,24.0,0.0,0.0,0,Desktop Engaged
6959603963564869161,Organic Search,mobile,3,29.0,20.0,0.0,0.3333333333333333,3,Mobile Users
6961799001356572228,Referral,desktop,4,5.0,4.0,0.5,0.25,1,Desktop Frecuente
6962915449516970048,Referral,desktop,6,7.5,5.5,0.0,0.0,1,Desktop Frecuente
6963887866811727980,Referral,desktop,2,35.5,26.5,0.0,0.0,0,Desktop Engaged
6965114057791256341,Referral,desktop,2,22.5,18.0,0.0,0.5,2,Weekend Warriors
6965694497277122070,Referral,desktop,1,103.0,75.0,0.0,0.0,0,Desktop Engaged
6966023444510052421,Direct,desktop,2,9.5,8.0,0.0,0.0,1,Desktop Frecuente
6966256087320527646,Direct,desktop,2,65.5,56.5,0.0,0.0,0,Desktop Engaged
6966498085786819087,Organic Search,desktop,2,14.5,13.5,0.0,0.0,0,Desktop Engaged
6968323948324124881,Organic Search,tablet,2,21.0,19.0,0.0,0.0,3,Mobile Users
6968847130507530971,Referral,desktop,1,40.0,29.0,0.0,0.0,0,Desktop Engaged
6969285856438247424,Referral,desktop,3,17.0,14.0,0.3333333333333333,0.0,1,Desktop Frecuente
6970205212674699450,Referral,desktop,1,23.0,20.0,0.0,0.0,0,Desktop Engaged
6974476474190004026,Referral,desktop,2,8.0,7.0,0.0,0.0,1,Desktop Frecuente
6976057682793576646,Referral,desktop,4,9.0,7.5,0.0,0.25,1,Desktop Frecuente
6976087133861419230,Direct,mobile,3,15.0,12.0,0.3333333333333333,1.0,3,Mobile Users
6979205517954044794,Display,desktop,3,8.0,7.0,0.0,0.0,1,Desktop Frecuente
6983052768258089610,Referral,desktop,3,21.0,16.0,0.0,0.0,0,Desktop Engaged
6983400713632965044,Direct,desktop,2,23.0,18.5,0.0,0.0,0,Desktop Engaged
6983412535696393860,Referral,desktop,1,30.0,25.0,0.0,0.0,0,Desktop Engaged
6984664807825476732,Referral,desktop,3,8.0,6.0,0.3333333333333333,0.6666666666666666,1,Desktop Frecuente
6984760030997730219,Organic Search,tablet,1,18.0,18.0,0.0,0.0,3,Mobile Users
6984780518734174118,Direct,mobile,6,3.0,2.5,0.3333333333333333,0.0,3,Mobile Users
6985203880569403646,Organic Search,mobile,1,20.0,16.0,0.0,1.0,3,Mobile Users
6986536761307654836,Organic Search,desktop,11,37.0,29.0,0.2727272727272727,0.0909090909090909,1,Desktop Frecuente
6987303552830349046,Organic Search,desktop,1,64.0,44.0,0.0,0.0,0,Desktop Engaged
6988456629622921225,Organic Search,mobile,11,4.0,4.0,0.4545454545454545,0.3636363636363636,3,Mobile Users
6990629568536689161,Organic Search,tablet,3,1.0,1.0,0.6666666666666666,0.6666666666666666,3,Mobile Users
6993737020674841787,Organic Search,desktop,3,6.0,6.0,0.0,0.0,1,Desktop Frecuente
6995967173645019061,Direct,desktop,2,36.0,22.5,0.5,0.0,0,Desktop Engaged
6997260560132631354,Referral,desktop,12,4.0,3.5,0.1666666666666666,0.0,1,Desktop Frecuente
6997692197808690953,Referral,desktop,6,25.5,18.0,0.0,0.0,1,Desktop Frecuente
6997840417339284915,Organic Search,mobile,1,18.0,15.0,0.0,0.0,3,Mobile Users
6998123451602955017,Referral,desktop,9,4.0,4.0,0.2222222222222222,0.1111111111111111,1,Desktop Frecuente
6999322279714294474,Organic Search,tablet,1,22.0,22.0,0.0,1.0,3,Mobile Users
7000425720623417338,Paid Search,desktop,1,30.0,26.0,0.0,0.0,0,Desktop Engaged
7000708126985064854,Organic Search,desktop,4,20.0,17.5,0.0,0.0,1,Desktop Frecuente
7001424081538361044,Organic Search,desktop,9,2.0,2.0,0.1111111111111111,0.0,1,Desktop Frecuente
7003280874744810220,Referral,desktop,1,26.0,21.0,0.0,0.0,0,Desktop Engaged
7003898420257026546,Referral,desktop,3,6.0,4.0,0.3333333333333333,0.0,1,Desktop Frecuente
7004942470658795502,Referral,mobile,1,30.0,24.0,0.0,0.0,3,Mobile Users
7006877722523825276,Referral,desktop,1,26.0,22.0,0.0,0.0,0,Desktop Engaged
7007363634293274964,Referral,desktop,7,7.0,7.0,0.1428571428571428,0.0,1,Desktop Frecuente
7009096450984635011,Direct,desktop,4,11.5,8.5,0.0,0.25,1,Desktop Frecuente
7009136638823244331,Organic Search,mobile,1,35.0,31.0,0.0,0.0,3,Mobile Users
7010415006216076512,Referral,desktop,6,4.5,4.0,0.1666666666666666,0.0,1,Desktop Frecuente
7010905385006464130,Referral,desktop,2,13.0,11.5,0.0,0.0,0,Desktop Engaged
7012131705583674177,Direct,desktop,2,38.0,32.0,0.0,0.5,2,Weekend Warriors
7013028488637904040,Organic Search,mobile,2,17.0,14.0,0.0,0.0,3,Mobile Users
7015114588825898873,Organic Search,desktop,2,12.5,12.5,0.0,0.0,0,Desktop Engaged
7015697575025933677,Direct,desktop,3,16.0,13.0,0.0,0.0,0,Desktop Engaged
7015807370739833242,Referral,desktop,1,33.0,30.0,0.0,0.0,0,Desktop Engaged
7017315069726154959,Referral,desktop,3,25.0,19.0,0.0,0.3333333333333333,0,Desktop Engaged
7017716009560683263,Paid Search,desktop,5,8.0,5.0,0.0,0.0,1,Desktop Frecuente
7018780780971706346,Direct,desktop,1,15.0,13.0,0.0,0.0,0,Desktop Engaged
7021042603571850864,Referral,desktop,7,7.0,7.0,0.1428571428571428,0.0,1,Desktop Frecuente
7021513890220777555,Direct,desktop,3,10.0,10.0,0.0,0.0,1,Desktop Frecuente
7023410125494623482,Referral,desktop,18,5.0,5.0,0.0555555555555555,0.0,1,Desktop Frecuente
7024229681211664053,Referral,desktop,1,18.0,16.0,0.0,0.0,0,Desktop Engaged
7024887290534321436,Organic Search,desktop,4,4.0,3.0,0.25,0.0,1,Desktop Frecuente
7025060806675934744,Direct,desktop,1,14.0,12.0,0.0,0.0,0,Desktop Engaged
7032925674295119702,Referral,desktop,3,7.0,5.0,0.3333333333333333,0.0,1,Desktop Frecuente
7033370926590252579,Referral,desktop,6,14.5,11.0,0.0,0.0,1,Desktop Frecuente
7034911966127672083,Referral,desktop,3,11.0,11.0,0.3333333333333333,0.0,1,Desktop Frecuente
7035655888631728269,Referral,desktop,5,4.0,4.0,0.0,0.4,1,Desktop Frecuente
7038697118498459952,Organic Search,desktop,2,10.5,10.5,0.5,0.0,1,Desktop Frecuente
7039005406963383727,Organic Search,desktop,1,65.0,50.0,0.0,0.0,0,Desktop Engaged
7039433056529738996,Referral,desktop,2,11.0,10.0,0.0,0.0,0,Desktop Engaged
7039771343084259446,Organic Search,desktop,1,59.0,47.0,0.0,0.0,0,Desktop Engaged
7039798105038339894,Organic Search,desktop,1,29.0,25.0,0.0,1.0,2,Weekend Warriors
7040224635883969893,Referral,desktop,4,25.5,18.0,0.0,0.0,0,Desktop Engaged
7040970537292451675,Organic Search,desktop,3,4.0,4.0,0.0,0.3333333333333333,1,Desktop Frecuente
7041939324822632725,Organic Search,desktop,4,13.5,12.5,0.0,0.25,1,Desktop Frecuente
7043500834350642684,Organic Search,desktop,2,22.5,21.0,0.0,0.0,0,Desktop Engaged
7043818383887881308,Organic Search,desktop,6,3.0,3.0,0.1666666666666666,0.0,1,Desktop Frecuente
7044451284195337222,Direct,desktop,2,15.5,14.0,0.0,0.0,0,Desktop Engaged
7044592028544350936,Paid Search,desktop,10,10.5,9.0,0.1,0.0,1,Desktop Frecuente
7044912465703715804,Referral,desktop,6,5.0,3.0,0.5,0.0,1,Desktop Frecuente
7045327197067164006,Organic Search,mobile,2,20.5,18.0,0.0,0.5,3,Mobile Users
7045858976815818278,Direct,desktop,2,5.5,5.5,0.5,0.0,1,Desktop Frecuente
7046459416249489564,Referral,desktop,7,2.0,2.0,0.0,0.0,1,Desktop Frecuente
7048142789651941273,Referral,desktop,4,12.5,11.0,0.0,0.0,1,Desktop Frecuente
7048168030891512460,Referral,desktop,1,15.0,13.0,0.0,0.0,0,Desktop Engaged
7048178855517326129,Organic Search,mobile,1,20.0,16.0,0.0,0.0,3,Mobile Users
7048860667631832987,Referral,desktop,4,12.5,10.5,0.0,0.0,1,Desktop Frecuente
7053230033742909452,Direct,desktop,1,23.0,19.0,0.0,1.0,2,Weekend Warriors
7054256782754973251,Organic Search,desktop,2,16.5,11.5,0.0,0.0,0,Desktop Engaged
7054841030151887299,Direct,desktop,2,67.0,45.0,0.0,1.0,2,Weekend Warriors
7054908618767753222,Referral,desktop,17,8.0,6.0,0.0588235294117647,0.1764705882352941,1,Desktop Frecuente
7056870819058799369,Referral,desktop,4,3.5,3.5,0.0,0.25,1,Desktop Frecuente
7057439304075107628,Referral,desktop,5,5.0,5.0,0.2,0.0,1,Desktop Frecuente
7057542698176321878,Referral,desktop,3,8.0,5.0,0.3333333333333333,0.0,1,Desktop Frecuente
7060203434655570204,Direct,mobile,1,54.0,39.0,0.0,1.0,2,Weekend Warriors
7060354578698145518,Organic Search,mobile,8,10.0,8.0,0.25,0.125,3,Mobile Users
7061795919044528167,Direct,desktop,2,10.0,9.0,0.5,0.0,1,Desktop Frecuente
7062970528826442292,Referral,desktop,7,9.0,8.0,0.1428571428571428,0.0,1,Desktop Frecuente
7063315126654210750,Organic Search,desktop,1,22.0,20.0,0.0,0.0,0,Desktop Engaged
7065662789249975422,Paid Search,desktop,1,25.0,21.0,0.0,1.0,2,Weekend Warriors
7065813466220804656,Direct,desktop,1,17.0,16.0,0.0,0.0,0,Desktop Engaged
7066946419396410808,Organic Search,desktop,5,4.0,4.0,0.0,0.0,1,Desktop Frecuente
7068061647475096007,Direct,desktop,1,28.0,22.0,0.0,0.0,0,Desktop Engaged
7071796515432628889,Paid Search,desktop,1,16.0,14.0,0.0,0.0,0,Desktop Engaged
7072012010426211154,Organic Search,desktop,1,16.0,14.0,0.0,0.0,0,Desktop Engaged
7075819454368142073,Organic Search,desktop,2,28.0,22.5,0.0,0.0,0,Desktop Engaged
7077546092404787998,Organic Search,desktop,3,27.0,21.0,0.0,0.3333333333333333,0,Desktop Engaged
7078772937328563719,Organic Search,mobile,1,15.0,15.0,0.0,0.0,3,Mobile Users
7079315843944655334,Paid Search,desktop,6,12.5,10.5,0.0,0.6666666666666666,1,Desktop Frecuente
7079911698410660094,Organic Search,desktop,2,51.0,38.0,0.0,0.0,0,Desktop Engaged
7080810108082424102,Direct,mobile,1,52.0,37.0,0.0,0.0,3,Mobile Users
7081230071374452681,Organic Search,desktop,10,8.5,4.5,0.0,0.0,1,Desktop Frecuente
7082731874084361787,Organic Search,desktop,1,52.0,37.0,0.0,0.0,0,Desktop Engaged
7085536598312331292,Direct,mobile,1,53.0,35.0,0.0,0.0,3,Mobile Users
7085944502194983759,Paid Search,desktop,2,16.5,13.5,0.0,0.5,2,Weekend Warriors
7086888380462447340,Organic Search,mobile,6,1.0,1.0,0.6666666666666666,0.3333333333333333,3,Mobile Users
7088670546795941056,Referral,desktop,6,9.5,7.5,0.1666666666666666,0.1666666666666666,1,Desktop Frecuente
7089296120636038584,Organic Search,desktop,3,16.0,14.0,0.0,0.0,0,Desktop Engaged
7089498775181839224,Referral,desktop,2,9.0,7.5,0.0,0.0,1,Desktop Frecuente
7091796288058306768,Referral,desktop,1,19.0,19.0,0.0,0.0,0,Desktop Engaged
7093434431157111373,Referral,desktop,1,166.0,114.0,0.0,0.0,0,Desktop Engaged
7093542318581071543,Referral,desktop,3,21.0,21.0,0.0,0.3333333333333333,0,Desktop Engaged
7098823865292700867,Direct,desktop,2,10.0,9.0,0.0,0.0,1,Desktop Frecuente
7101537945987041306,Referral,desktop,1,101.0,76.0,0.0,0.0,0,Desktop Engaged
7103110735556041594,Organic Search,desktop,2,20.0,15.0,0.0,0.0,0,Desktop Engaged
7103321195030738247,Direct,desktop,3,13.0,12.0,0.3333333333333333,0.0,1,Desktop Frecuente
7105031024714443566,Direct,desktop,3,1.0,1.0,0.6666666666666666,0.0,1,Desktop Frecuente
7105306279330502506,Organic Search,desktop,1,25.0,21.0,0.0,0.0,0,Desktop Engaged
7105658229797092867,Organic Search,desktop,1,80.0,70.0,0.0,0.0,0,Desktop Engaged
7107718938057621237,Direct,desktop,2,28.0,21.5,0.0,0.0,0,Desktop Engaged
7108454213160487838,Referral,desktop,4,12.5,10.0,0.0,0.0,1,Desktop Frecuente
7109067475137212038,Referral,desktop,7,9.0,7.0,0.0,0.0,1,Desktop Frecuente
7109365960506850158,Organic Search,desktop,3,8.0,4.0,0.0,0.0,1,Desktop Frecuente
7110192560338601186,Referral,desktop,3,11.0,11.0,0.0,0.3333333333333333,1,Desktop Frecuente
7111968133200925943,Organic Search,mobile,19,1.0,1.0,0.6842105263157895,0.3684210526315789,3,Mobile Users
7112946707690589198,Display,desktop,4,7.5,6.0,0.0,0.0,1,Desktop Frecuente
7113011772090059658,Direct,desktop,6,26.5,19.5,0.5,0.1666666666666666,1,Desktop Frecuente
7115504822552725751,Referral,desktop,3,29.0,24.0,0.0,0.0,0,Desktop Engaged
7115815619589342932,Referral,desktop,3,20.0,13.0,0.0,0.0,0,Desktop Engaged
7117209037706583763,Direct,desktop,1,76.0,62.0,0.0,0.0,0,Desktop Engaged
7117790713019441087,Direct,desktop,3,4.0,4.0,0.0,0.0,1,Desktop Frecuente
7118031954619805826,Organic Search,desktop,3,1.0,1.0,0.6666666666666666,0.0,1,Desktop Frecuente
7118356426522960182,Referral,desktop,2,33.0,29.5,0.0,0.0,0,Desktop Engaged
7118884909011666803,Referral,desktop,3,22.0,20.0,0.3333333333333333,0.0,1,Desktop Frecuente
7121475808884851135,Referral,desktop,3,6.0,6.0,0.3333333333333333,0.0,1,Desktop Frecuente
7122506252281971882,Direct,desktop,2,36.0,26.0,0.0,0.0,0,Desktop Engaged
7124586983063984332,Direct,desktop,1,110.0,81.0,0.0,0.0,0,Desktop Engaged
7125068043444176386,Organic Search,mobile,1,20.0,20.0,0.0,0.0,3,Mobile Users
7127403930925257863,Referral,desktop,1,34.0,28.0,0.0,0.0,0,Desktop Engaged
7128507522052528547,Referral,desktop,2,10.5,10.0,0.0,0.0,1,Desktop Frecuente
7131006808160305551,Direct,desktop,2,8.0,7.0,0.5,0.0,1,Desktop Frecuente
7131184833921807733,Direct,desktop,1,111.0,88.0,0.0,0.0,0,Desktop Engaged
7131571032267158042,Organic Search,desktop,4,3.5,3.5,0.5,0.75,1,Desktop Frecuente
7131967515028010125,Organic Search,desktop,1,19.0,18.0,0.0,0.0,0,Desktop Engaged
7132015811944987714,Organic Search,desktop,3,11.0,11.0,0.0,0.0,1,Desktop Frecuente
7132281175644969879,Organic Search,mobile,1,54.0,41.0,0.0,0.0,3,Mobile Users
7133799247457485070,Organic Search,desktop,1,38.0,27.0,0.0,0.0,0,Desktop Engaged
7133939846118520732,Direct,desktop,1,26.0,22.0,0.0,0.0,0,Desktop Engaged
7135501439884721807,Referral,desktop,3,14.0,13.0,0.0,0.0,1,Desktop Frecuente
7137675061715531940,Referral,desktop,3,9.0,9.0,0.0,0.0,1,Desktop Frecuente
7138171492799119047,Referral,desktop,3,9.0,9.0,0.0,0.0,1,Desktop Frecuente
7138325410902068496,Referral,desktop,9,3.0,3.0,0.2222222222222222,0.2222222222222222,1,Desktop Frecuente
7138878677525256548,Referral,desktop,3,32.0,24.0,0.3333333333333333,0.0,0,Desktop Engaged
7139467536826793752,Referral,desktop,2,24.0,21.5,0.0,0.0,0,Desktop Engaged
7139641432934028349,Referral,desktop,1,19.0,13.0,0.0,0.0,0,Desktop Engaged
7140150337811297731,Paid Search,desktop,1,53.0,44.0,0.0,0.0,0,Desktop Engaged
7141139312225559597,Referral,desktop,4,6.0,6.0,0.25,0.0,1,Desktop Frecuente
7141351826392674237,Direct,desktop,2,35.5,26.5,0.0,0.0,0,Desktop Engaged
7142166190751958434,Organic Search,desktop,1,30.0,24.0,0.0,1.0,2,Weekend Warriors
7145708421804262334,Direct,desktop,1,33.0,27.0,0.0,0.0,0,Desktop Engaged
7147112211830167925,Organic Search,mobile,1,22.0,16.0,0.0,0.0,3,Mobile Users
7148144150778064807,Referral,desktop,12,1.0,1.0,0.8333333333333334,0.1666666666666666,1,Desktop Frecuente
7148873648621416097,Referral,desktop,1,37.0,27.0,0.0,1.0,2,Weekend Warriors
7149538216925151697,Direct,desktop,4,28.5,24.5,0.0,0.0,0,Desktop Engaged
7149956682519664200,Referral,desktop,1,34.0,33.0,0.0,0.0,0,Desktop Engaged
7150596915465273630,Organic Search,desktop,1,27.0,24.0,0.0,1.0,2,Weekend Warriors
7152313806704388410,Referral,desktop,13,3.0,3.0,0.3846153846153846,0.1538461538461538,1,Desktop Frecuente
7161524936078300347,Organic Search,desktop,1,10.0,9.0,0.0,0.0,0,Desktop Engaged
7166253532069552655,Display,desktop,1,52.0,41.0,0.0,0.0,0,Desktop Engaged
7166449056011989823,Paid Search,desktop,1,22.0,17.0,0.0,0.0,0,Desktop Engaged
7168226225550508027,Display,desktop,4,8.0,7.0,0.0,0.0,1,Desktop Frecuente
7169974092956652971,Organic Search,desktop,2,25.5,18.5,0.0,0.0,0,Desktop Engaged
7170833000891918188,Referral,desktop,2,18.5,12.5,0.5,0.0,0,Desktop Engaged
7171380845696596366,Paid Search,mobile,1,24.0,18.0,0.0,0.0,3,Mobile Users
7171943038143298955,Display,desktop,1,21.0,18.0,0.0,0.0,0,Desktop Engaged
7178918530572590590,Referral,desktop,3,34.0,21.0,0.3333333333333333,0.0,0,Desktop Engaged
7179047375171047997,Referral,desktop,3,22.0,10.0,0.0,0.0,0,Desktop Engaged
7179885704608750434,Social,desktop,1,11.0,10.0,0.0,0.0,0,Desktop Engaged
7180222975879135190,Paid Search,desktop,1,13.0,11.0,0.0,0.0,0,Desktop Engaged
7181128763936845788,Organic Search,desktop,3,14.0,12.0,0.0,0.3333333333333333,1,Desktop Frecuente
7181633001164008604,Referral,desktop,3,8.0,5.0,0.0,0.0,1,Desktop Frecuente
7183073463207684020,Referral,desktop,4,5.5,5.5,0.25,0.0,1,Desktop Frecuente
7183166419038940327,Direct,desktop,1,22.0,18.0,0.0,0.0,0,Desktop Engaged
7183243391284715656,Direct,desktop,4,4.5,4.0,0.0,0.0,1,Desktop Frecuente
7183850423980283722,Referral,desktop,1,29.0,23.0,0.0,0.0,0,Desktop Engaged
7184569784224376022,Referral,desktop,9,18.0,13.0,0.2222222222222222,0.1111111111111111,1,Desktop Frecuente
7185167966299243790,Direct,desktop,1,31.0,29.0,0.0,0.0,0,Desktop Engaged
7187268430836970062,Paid Search,mobile,3,12.0,8.0,0.3333333333333333,0.0,3,Mobile Users
7188768914363923661,Direct,desktop,1,24.0,21.0,0.0,0.0,0,Desktop Engaged
7189989800281794676,Direct,desktop,2,9.5,8.5,0.0,0.5,1,Desktop Frecuente
7190366246319919792,Organic Search,desktop,2,24.0,20.5,0.0,0.0,0,Desktop Engaged
7194312596693049929,Organic Search,desktop,3,21.0,15.0,0.0,0.3333333333333333,0,Desktop Engaged
7194598190853071809,Referral,desktop,1,27.0,23.0,0.0,0.0,0,Desktop Engaged
7194697843629533346,Organic Search,desktop,3,25.0,19.0,0.0,0.3333333333333333,0,Desktop Engaged
7195505318139600129,Referral,desktop,5,11.0,11.0,0.0,0.0,1,Desktop Frecuente
7196904589011879906,Direct,desktop,1,9.0,8.0,0.0,0.0,0,Desktop Engaged
7199611745811583535,Referral,desktop,3,1.0,1.0,0.6666666666666666,0.0,1,Desktop Frecuente
7202541639275781517,Referral,desktop,1,26.0,25.0,0.0,0.0,0,Desktop Engaged
7203916420192282208,Referral,desktop,5,5.0,5.0,0.0,0.6,1,Desktop Frecuente
7207269090239542768,Referral,desktop,4,11.5,9.5,0.0,0.0,1,Desktop Frecuente
7211038241364680514,Referral,desktop,3,17.0,13.0,0.0,0.0,0,Desktop Engaged
7211075105637086382,Organic Search,desktop,2,31.5,28.5,0.0,1.0,2,Weekend Warriors
7211254729136975568,Organic Search,desktop,1,44.0,29.0,0.0,0.0,0,Desktop Engaged
7211816795921364108,Direct,desktop,3,13.0,13.0,0.0,0.6666666666666666,2,Weekend Warriors
7213484590531142958,Referral,desktop,1,26.0,22.0,0.0,0.0,0,Desktop Engaged
7215304408310414169,Direct,desktop,1,20.0,19.0,0.0,0.0,0,Desktop Engaged
7216832908334831114,Organic Search,desktop,5,5.0,3.0,0.0,0.0,1,Desktop Frecuente
7218697724746319622,Direct,desktop,3,22.0,15.0,0.0,0.0,0,Desktop Engaged
7219614926445866208,Direct,mobile,2,15.0,13.0,0.0,0.5,3,Mobile Users
7220686449275700604,Direct,desktop,3,8.0,8.0,0.0,0.0,1,Desktop Frecuente
7222134693316285514,Referral,desktop,2,16.0,13.0,0.0,0.0,0,Desktop Engaged
7224069720026489065,Referral,desktop,10,5.5,5.5,0.1,0.2,1,Desktop Frecuente
7224140740863178929,Referral,desktop,5,5.0,3.0,0.2,0.0,1,Desktop Frecuente
7225316870427579527,Organic Search,desktop,1,80.0,61.0,0.0,0.0,0,Desktop Engaged
7227131899750346684,Organic Search,desktop,1,65.0,50.0,0.0,0.0,0,Desktop Engaged
7227600795388913830,Organic Search,desktop,1,23.0,22.0,0.0,0.0,0,Desktop Engaged
7227604725376239031,Direct,desktop,3,12.0,10.0,0.0,0.0,1,Desktop Frecuente
7228304059983177365,Direct,desktop,4,6.5,6.5,0.0,0.0,1,Desktop Frecuente
7229076394148908578,Direct,desktop,1,40.0,31.0,0.0,0.0,0,Desktop Engaged
7229994429253580812,Direct,mobile,2,20.0,16.0,0.0,0.5,3,Mobile Users
7230430554273149935,Organic Search,mobile,3,17.0,13.0,0.0,0.3333333333333333,3,Mobile Users
7231437685885066535,Referral,desktop,11,5.0,5.0,0.0909090909090909,0.2727272727272727,1,Desktop Frecuente
7232030663207265797,Referral,desktop,1,17.0,17.0,0.0,0.0,0,Desktop Engaged
7232068354296514443,Organic Search,desktop,3,8.0,4.0,0.0,0.0,1,Desktop Frecuente
7232250219554218806,Organic Search,desktop,2,12.5,10.0,0.0,0.0,0,Desktop Engaged
7234178212893913418,Organic Search,desktop,4,14.5,12.0,0.0,0.0,1,Desktop Frecuente
7236509216355448688,Direct,mobile,1,20.0,18.0,0.0,0.0,3,Mobile Users
7238649130733042064,Display,desktop,4,10.5,8.5,0.0,0.0,1,Desktop Frecuente
7238833623425944565,Organic Search,mobile,1,23.0,20.0,0.0,0.0,3,Mobile Users
7238957550100913049,Referral,desktop,2,17.5,15.0,0.0,0.5,2,Weekend Warriors
7239459406664799488,Organic Search,mobile,4,50.0,35.5,0.0,0.0,3,Mobile Users
7241918462963988042,Direct,desktop,1,28.0,27.0,0.0,0.0,0,Desktop Engaged
7242769996237605248,Organic Search,desktop,1,27.0,23.0,0.0,0.0,0,Desktop Engaged
7243174500774931832,Organic Search,desktop,1,25.0,23.0,0.0,1.0,2,Weekend Warriors
7245767536802426368,Organic Search,mobile,1,15.0,13.0,0.0,0.0,3,Mobile Users
7247213948842661209,Direct,desktop,2,45.5,35.5,0.5,0.0,0,Desktop Engaged
7247422069602042968,Referral,desktop,2,31.5,23.0,0.0,0.0,0,Desktop Engaged
7247995041552365194,Organic Search,desktop,13,6.0,6.0,0.0,0.1538461538461538,1,Desktop Frecuente
7248845288199471059,Referral,desktop,2,24.5,18.5,0.5,0.0,0,Desktop Engaged
7249775005981823793,Organic Search,desktop,2,21.5,19.0,0.0,0.5,2,Weekend Warriors
7251826796213283354,Organic Search,desktop,7,2.0,1.0,0.4285714285714285,0.2857142857142857,1,Desktop Frecuente
7253029414128792018,Referral,desktop,2,57.5,41.5,0.0,0.0,0,Desktop Engaged
7254480785524182260,Paid Search,desktop,3,43.0,35.0,0.3333333333333333,0.0,0,Desktop Engaged
7256273857089897633,Direct,desktop,2,19.0,15.5,0.0,0.0,0,Desktop Engaged
7256432076983849562,Referral,desktop,7,15.5,8.0,0.0,0.0,1,Desktop Frecuente
7256651340144904184,Organic Search,desktop,6,6.0,6.0,0.1666666666666666,0.3333333333333333,1,Desktop Frecuente
7258292850581755504,Organic Search,desktop,1,49.0,35.0,0.0,0.0,0,Desktop Engaged
7259906781649779181,Organic Search,desktop,2,6.5,6.0,0.0,0.0,1,Desktop Frecuente
7261302704200810675,Direct,desktop,2,81.5,55.5,0.0,0.0,0,Desktop Engaged
7262804062389318230,Referral,desktop,1,78.0,64.0,0.0,0.0,0,Desktop Engaged
7263427657913895507,Display,mobile,2,17.0,13.0,0.0,0.0,3,Mobile Users
7265361594035996306,Referral,desktop,5,6.0,6.0,0.2,0.0,1,Desktop Frecuente
7266506425665550772,Referral,desktop,2,21.5,17.5,0.0,0.0,0,Desktop Engaged
7266739596439998508,Referral,desktop,8,22.5,16.5,0.0,0.125,1,Desktop Frecuente
7267624930982767347,Direct,desktop,1,12.0,11.0,0.0,0.0,0,Desktop Engaged
7268732315672412988,Organic Search,desktop,18,5.5,4.5,0.4444444444444444,0.1666666666666666,1,Desktop Frecuente
7270080953464199743,Referral,desktop,6,8.0,7.0,0.0,0.0,1,Desktop Frecuente
7271638383448610274,Organic Search,desktop,1,74.0,54.0,0.0,0.0,0,Desktop Engaged
7272617006657421843,Display,desktop,4,7.0,5.5,0.0,0.0,1,Desktop Frecuente
7272923518010367426,Direct,desktop,2,11.5,10.5,0.0,0.0,0,Desktop Engaged
7273056780415192375,Referral,desktop,3,11.0,7.0,0.0,0.0,1,Desktop Frecuente
7275146492710079917,Organic Search,desktop,10,2.0,2.0,0.0,0.4,1,Desktop Frecuente
7276513137825380307,Referral,desktop,3,11.0,11.0,0.0,0.0,1,Desktop Frecuente
7278514590734130730,Referral,desktop,5,24.0,18.0,0.2,0.0,1,Desktop Frecuente
7281719665961519039,Referral,desktop,6,9.0,4.5,0.0,0.0,1,Desktop Frecuente
7282058185499112847,Referral,desktop,5,19.0,16.0,0.2,0.0,1,Desktop Frecuente
7282705298132684237,Referral,desktop,3,5.0,5.0,0.3333333333333333,1.0,1,Desktop Frecuente
7284107994229493297,Organic Search,desktop,1,31.0,27.0,0.0,0.0,0,Desktop Engaged
7284466025557220497,Direct,desktop,14,7.5,6.5,0.1428571428571428,0.0714285714285714,1,Desktop Frecuente
7284829827483975901,Direct,desktop,1,17.0,16.0,0.0,0.0,0,Desktop Engaged
7285581814755922222,Referral,desktop,3,31.0,23.0,0.0,0.0,0,Desktop Engaged
7285721176134268388,Direct,mobile,1,21.0,15.0,0.0,1.0,3,Mobile Users
7288253836631073413,Referral,desktop,2,26.5,22.0,0.0,0.0,0,Desktop Engaged
7288819554682048730,Organic Search,desktop,2,13.0,11.5,0.0,0.0,0,Desktop Engaged
7288884165054757545,Direct,desktop,5,5.0,5.0,0.2,0.0,1,Desktop Frecuente
7290041530133609917,Referral,desktop,5,28.0,18.0,0.0,0.0,0,Desktop Engaged
7291001775991564484,Referral,desktop,1,47.0,39.0,0.0,0.0,0,Desktop Engaged
7291346718031890073,Referral,desktop,2,55.5,40.0,0.0,0.0,0,Desktop Engaged
7292686000022233408,Organic Search,mobile,1,40.0,33.0,0.0,1.0,3,Mobile Users
7292983953762980102,Referral,desktop,8,13.5,10.5,0.375,0.0,1,Desktop Frecuente
7296264109687715813,Referral,desktop,1,38.5,26.0,0.0,0.0,0,Desktop Engaged
7298179462068144853,Organic Search,desktop,5,17.0,12.0,0.0,0.0,1,Desktop Frecuente
7298336494740484350,Referral,desktop,6,4.0,4.0,0.3333333333333333,0.5,1,Desktop Frecuente
7298416213438900925,Organic Search,desktop,8,7.0,6.0,0.0,0.0,1,Desktop Frecuente
7303461177926085857,Direct,desktop,3,15.0,15.0,0.3333333333333333,0.6666666666666666,1,Desktop Frecuente
7303793848128238288,Referral,desktop,1,20.0,18.0,0.0,0.0,0,Desktop Engaged
7308095176976751222,Referral,desktop,9,5.0,4.0,0.1111111111111111,0.0,1,Desktop Frecuente
7308330363798605080,Organic Search,desktop,2,11.0,10.5,0.0,0.0,0,Desktop Engaged
7308573211245935680,Direct,desktop,1,27.0,23.0,0.0,0.0,0,Desktop Engaged
7309503915118946070,Organic Search,desktop,6,5.5,5.5,0.0,0.6666666666666666,1,Desktop Frecuente
7311242886083854158,Direct,desktop,26,35.5,26.0,0.1538461538461538,0.0,1,Desktop Frecuente
7312392177689574015,Organic Search,desktop,1,77.0,52.0,0.0,0.0,0,Desktop Engaged
7313318075791277817,Referral,desktop,2,27.5,23.0,0.0,0.0,0,Desktop Engaged
7314335149820317906,Referral,desktop,2,36.0,26.5,0.0,0.0,0,Desktop Engaged
7316352846759466679,Organic Search,desktop,6,2.0,2.0,0.0,0.0,1,Desktop Frecuente
7316841871565144800,Referral,desktop,1,15.0,15.0,0.0,0.0,0,Desktop Engaged
7320316463607490470,Direct,desktop,6,12.0,9.0,0.0,0.3333333333333333,1,Desktop Frecuente
7321633668299762845,Organic Search,desktop,2,28.0,21.5,0.0,0.0,0,Desktop Engaged
7321764593218311455,Direct,desktop,2,9.0,8.5,0.5,0.5,1,Desktop Frecuente
7321815150833739774,Organic Search,desktop,1,23.0,22.0,0.0,0.0,0,Desktop Engaged
7323305570183193974,Referral,desktop,1,33.0,29.0,0.0,0.0,0,Desktop Engaged
7323947562520019941,Organic Search,desktop,25,3.0,3.0,0.2,0.0,1,Desktop Frecuente
7327561747023669346,Organic Search,desktop,1,14.0,14.0,0.0,0.0,0,Desktop Engaged
7328092280392160838,Organic Search,mobile,4,6.5,6.5,0.25,0.5,3,Mobile Users
7328155589685273432,Organic Search,desktop,1,29.0,25.0,0.0,0.0,0,Desktop Engaged
7331519147058730868,Referral,desktop,1,26.0,23.0,0.0,0.0,0,Desktop Engaged
7334131787094252765,Paid Search,desktop,1,78.0,55.0,0.0,1.0,2,Weekend Warriors
7336599802387183829,Organic Search,desktop,1,57.0,44.0,0.0,0.0,0,Desktop Engaged
7336999582235222237,Referral,desktop,1,35.0,33.0,0.0,0.0,0,Desktop Engaged
7338051264625149881,Direct,desktop,2,21.5,16.0,0.0,0.0,0,Desktop Engaged
7338727505204882646,Direct,desktop,1,18.0,15.0,0.0,0.0,0,Desktop Engaged
7341792877185657270,Direct,desktop,2,29.0,22.5,0.0,1.0,2,Weekend Warriors
7344052172589114599,Referral,desktop,6,6.0,5.0,0.1666666666666666,0.0,1,Desktop Frecuente
7344091753437822948,Direct,desktop,6,1.0,1.0,0.8333333333333334,0.0,1,Desktop Frecuente
7344287542005288053,Referral,desktop,2,18.0,15.5,0.0,0.0,0,Desktop Engaged
7344519175727343086,Organic Search,desktop,27,4.0,4.0,0.037037037037037,0.3333333333333333,1,Desktop Frecuente
7345128727363764298,Direct,desktop,1,25.0,18.0,0.0,0.0,0,Desktop Engaged
7346307461579354249,Referral,desktop,3,10.0,10.0,0.0,0.0,1,Desktop Frecuente
7347861354836730309,Referral,desktop,4,14.0,10.5,0.25,0.0,1,Desktop Frecuente
7347925447338164715,Referral,desktop,8,13.5,11.0,0.0,0.0,1,Desktop Frecuente
7348166856129864850,Paid Search,desktop,1,26.0,23.0,0.0,1.0,2,Weekend Warriors
7350727860294658830,Referral,desktop,1,15.0,15.0,0.0,1.0,2,Weekend Warriors
7350793045976348171,Referral,desktop,1,80.0,57.0,0.0,0.0,0,Desktop Engaged
7351811396250801209,Referral,desktop,1,32.0,23.0,0.0,1.0,2,Weekend Warriors
7352817445808452606,Organic Search,desktop,1,22.0,18.0,0.0,0.0,0,Desktop Engaged
7353302216427585997,Organic Search,mobile,8,3.5,2.0,0.5,0.375,3,Mobile Users
7354532472081807968,Referral,desktop,1,45.0,36.0,0.0,0.0,0,Desktop Engaged
7354616878013161932,Organic Search,desktop,2,21.0,17.0,0.0,0.0,0,Desktop Engaged
7355682969727116264,Organic Search,desktop,1,18.0,15.0,0.0,1.0,2,Weekend Warriors
7356046119944247540,Referral,desktop,3,11.0,8.0,0.0,0.3333333333333333,1,Desktop Frecuente
7356917361593137850,Referral,desktop,2,11.0,10.0,0.0,0.0,0,Desktop Engaged
7357863734794261504,Organic Search,desktop,5,6.0,6.0,0.0,0.6,1,Desktop Frecuente
7358793687985723141,Organic Search,desktop,1,39.0,33.0,0.0,0.0,0,Desktop Engaged
7359252773164627313,Referral,desktop,1,65.0,49.0,0.0,0.0,0,Desktop Engaged
7360285709701515415,Direct,desktop,4,13.0,11.5,0.0,0.0,1,Desktop Frecuente
7360418616242621195,Referral,desktop,1,27.0,21.0,0.0,0.0,0,Desktop Engaged
7360768108223062056,Display,desktop,8,15.5,15.5,0.0,0.0,1,Desktop Frecuente
7361963700684002436,Referral,desktop,4,21.5,19.0,0.0,0.25,1,Desktop Frecuente
7363830162579680921,Paid Search,mobile,2,14.5,13.0,0.0,0.5,3,Mobile Users
7365317501077088080,Organic Search,desktop,2,38.5,30.0,0.5,0.0,0,Desktop Engaged
7366648314975511623,Referral,desktop,6,9.0,8.0,0.1666666666666666,0.0,1,Desktop Frecuente
7368502516910628581,Organic Search,desktop,1,25.0,21.0,0.0,1.0,2,Weekend Warriors
7368511822757432980,Organic Search,desktop,1,37.0,29.0,0.0,0.0,0,Desktop Engaged
7368546786497742090,Referral,desktop,1,33.0,26.0,0.0,0.0,0,Desktop Engaged
7370090587515633465,Referral,desktop,5,2.0,2.0,0.2,0.0,1,Desktop Frecuente
7371041490532738587,Referral,desktop,5,25.0,21.0,0.2,0.0,1,Desktop Frecuente
7372141474604813858,Referral,desktop,2,15.5,12.0,0.0,0.0,0,Desktop Engaged
7376293826718831934,Referral,desktop,1,19.0,17.0,0.0,0.0,0,Desktop Engaged
7376304169676630885,Referral,desktop,1,15.0,15.0,0.0,0.0,0,Desktop Engaged
7376750587981554489,Organic Search,mobile,6,2.5,2.5,0.5,0.0,3,Mobile Users
7377189671853263468,Organic Search,desktop,5,6.0,6.0,0.0,0.0,1,Desktop Frecuente
7378987659821753405,Referral,desktop,3,4.0,4.0,0.3333333333333333,0.0,1,Desktop Frecuente
7379985924886898163,Referral,desktop,1,163.0,112.0,0.0,1.0,2,Weekend Warriors
7382792588713799931,Referral,desktop,6,5.5,5.0,0.3333333333333333,0.3333333333333333,1,Desktop Frecuente
7383823269227966775,Referral,desktop,12,12.5,8.5,0.0,0.0,1,Desktop Frecuente
7384954748824600324,Referral,desktop,1,58.0,39.0,0.0,1.0,2,Weekend Warriors
7385533995680230366,Referral,desktop,1,21.0,19.0,0.0,0.0,0,Desktop Engaged
7387561254921039539,Organic Search,mobile,1,16.0,16.0,0.0,0.0,3,Mobile Users
7390358029425621068,Direct,mobile,1,20.0,20.0,0.0,0.0,3,Mobile Users
7390694585389371689,Direct,desktop,1,64.0,44.0,0.0,0.0,0,Desktop Engaged
7391031890337172782,Organic Search,desktop,2,22.5,17.5,0.0,0.5,2,Weekend Warriors
7391294210996781396,Referral,desktop,7,4.0,4.0,0.1428571428571428,0.4285714285714285,1,Desktop Frecuente
7391426546655677391,Paid Search,desktop,1,22.0,18.0,0.0,0.0,0,Desktop Engaged
7392395871123801400,Direct,desktop,1,18.0,18.0,0.0,1.0,2,Weekend Warriors
7394010699967893588,Referral,desktop,4,3.0,3.0,0.0,0.25,1,Desktop Frecuente
7394517654401288485,Direct,desktop,1,25.0,20.0,0.0,0.0,0,Desktop Engaged
7394734384320759438,Direct,desktop,2,8.0,6.5,0.5,0.0,1,Desktop Frecuente
7395718173947720444,Referral,desktop,5,10.0,10.0,0.0,0.0,1,Desktop Frecuente
7396384706323570886,Organic Search,mobile,2,36.0,28.5,0.0,0.0,3,Mobile Users
7397945137080548470,Referral,desktop,3,24.0,15.0,0.0,0.0,0,Desktop Engaged
7397974199013728789,Organic Search,mobile,1,29.0,22.0,0.0,0.0,3,Mobile Users
7399154610014093461,Organic Search,desktop,4,11.5,7.5,0.25,0.0,1,Desktop Frecuente
7400153334064056683,Organic Search,desktop,9,9.0,6.0,0.0,0.3333333333333333,1,Desktop Frecuente
7400732262558954737,Organic Search,desktop,11,5.0,5.0,0.3636363636363636,0.1818181818181818,1,Desktop Frecuente
7401384748988164586,Referral,desktop,3,7.0,7.0,0.0,0.0,1,Desktop Frecuente
7402906360219067209,Direct,desktop,2,16.0,14.0,0.0,1.0,2,Weekend Warriors
7403668294153816592,Referral,desktop,1,30.0,25.0,0.0,0.0,0,Desktop Engaged
7404450717900707917,Referral,desktop,8,3.0,3.0,0.25,0.0,1,Desktop Frecuente
7404717158530100525,Referral,desktop,6,13.0,11.0,0.0,0.1666666666666666,1,Desktop Frecuente
7405413901359579297,Direct,desktop,4,6.5,5.5,0.0,0.0,1,Desktop Frecuente
7405540212923249469,Organic Search,desktop,5,10.0,9.0,0.2,0.0,1,Desktop Frecuente
7405717600950397747,Referral,desktop,2,28.5,26.0,0.0,0.0,0,Desktop Engaged
7406034241760755547,Referral,desktop,15,8.0,6.0,0.0666666666666666,0.3333333333333333,1,Desktop Frecuente
7406115845826379585,Referral,desktop,3,4.0,4.0,0.0,0.0,1,Desktop Frecuente
7406415657806773244,Referral,desktop,1,48.0,38.0,0.0,0.0,0,Desktop Engaged
7406663400303851481,Organic Search,desktop,3,7.0,6.0,0.0,0.0,1,Desktop Frecuente
7409109542465794166,Direct,desktop,3,8.0,8.0,0.3333333333333333,0.0,1,Desktop Frecuente
7409212089173005419,Organic Search,tablet,1,36.0,33.0,0.0,1.0,3,Mobile Users
7410648917338692919,Organic Search,desktop,4,4.0,4.0,0.0,0.0,1,Desktop Frecuente
7412139697907599868,Organic Search,desktop,1,37.0,29.0,0.0,0.0,0,Desktop Engaged
7412384587534122484,Organic Search,desktop,3,6.0,5.0,0.0,0.0,1,Desktop Frecuente
7412836405745272778,Referral,desktop,2,10.5,9.5,0.0,0.0,1,Desktop Frecuente
7414253814451398004,Referral,desktop,7,2.0,2.0,0.4285714285714285,0.0,1,Desktop Frecuente
7414493268899222966,Organic Search,desktop,1,21.0,15.0,0.0,0.0,0,Desktop Engaged
7417299995109631513,Organic Search,desktop,2,22.5,20.0,0.0,0.5,2,Weekend Warriors
7419167186572756753,Direct,desktop,4,9.0,6.0,0.0,0.0,1,Desktop Frecuente
7420043202908382961,Organic Search,desktop,1,28.0,25.0,0.0,0.0,0,Desktop Engaged
7420300501523012460,Organic Search,desktop,12,17.5,14.5,0.25,0.0833333333333333,1,Desktop Frecuente
7422291256198709098,Referral,desktop,1,18.0,14.0,0.0,0.0,0,Desktop Engaged
7422368085041338652,Organic Search,desktop,2,12.5,11.5,0.0,0.0,0,Desktop Engaged
7424654781881934440,Organic Search,desktop,1,20.0,17.0,0.0,1.0,2,Weekend Warriors
7426804494460200831,Referral,desktop,5,28.0,22.0,0.2,0.0,1,Desktop Frecuente
7426824311652962659,Organic Search,desktop,2,56.0,39.5,0.0,0.0,0,Desktop Engaged
7427669167259347728,Organic Search,desktop,2,9.0,8.0,0.0,0.0,1,Desktop Frecuente
7428770824061226835,Organic Search,desktop,2,25.0,20.0,0.0,0.0,0,Desktop Engaged
7435052038545127483,Referral,desktop,32,15.0,11.0,0.15625,0.03125,1,Desktop Frecuente
7436604361557442905,Display,desktop,3,16.0,15.0,0.0,0.0,1,Desktop Frecuente
7438021961261408453,Referral,desktop,1,30.0,22.0,0.0,0.0,0,Desktop Engaged
7438635676004197181,Organic Search,desktop,2,16.0,14.5,0.0,1.0,2,Weekend Warriors
7440700674429439167,Organic Search,desktop,1,31.0,23.0,0.0,0.0,0,Desktop Engaged
7441074498173829277,Organic Search,desktop,14,5.5,4.0,0.0714285714285714,0.0,1,Desktop Frecuente
7441657642188873185,Referral,desktop,1,25.0,22.0,0.0,0.0,0,Desktop Engaged
7443749709958085466,Referral,desktop,1,19.0,17.0,0.0,0.0,0,Desktop Engaged
7444317848220127323,Referral,desktop,3,17.0,14.0,0.0,0.0,0,Desktop Engaged
7444340499297101269,Referral,desktop,2,23.5,19.0,0.0,0.0,0,Desktop Engaged
7445164027729340348,Referral,desktop,1,16.0,14.0,0.0,0.0,0,Desktop Engaged
7445235885559107095,Organic Search,desktop,83,2.0,2.0,0.3975903614457831,0.0,1,Desktop Frecuente
7446797504335369892,Referral,desktop,3,6.0,6.0,0.3333333333333333,0.0,1,Desktop Frecuente
7447137895250670218,Direct,desktop,10,9.0,7.5,0.1,0.0,1,Desktop Frecuente
7449855264846001419,Direct,desktop,1,104.0,77.0,0.0,0.0,0,Desktop Engaged
7450862049722666646,Paid Search,mobile,4,7.0,6.5,0.25,0.25,3,Mobile Users
7451284399359627657,Organic Search,desktop,1,114.0,68.0,0.0,1.0,2,Weekend Warriors
7451784455034182787,Social,desktop,1,30.0,23.0,0.0,0.0,0,Desktop Engaged
7452591958167406113,Referral,desktop,3,4.0,4.0,0.3333333333333333,0.0,1,Desktop Frecuente
7453027015100594343,Direct,desktop,1,21.0,19.0,0.0,0.0,0,Desktop Engaged
7454160401328902482,Organic Search,desktop,2,20.0,17.0,0.0,0.0,0,Desktop Engaged
7454455828968667509,Direct,mobile,1,25.0,21.0,0.0,0.0,3,Mobile Users
7455554400123317161,Referral,desktop,1,21.0,18.0,0.0,0.0,0,Desktop Engaged
7456688096098328743,Social,desktop,1,27.0,25.0,0.0,0.0,0,Desktop Engaged
7456947093763567293,Referral,desktop,5,27.0,21.0,0.0,0.0,1,Desktop Frecuente
7457632959414021289,Referral,desktop,3,22.0,15.0,0.0,0.0,0,Desktop Engaged
7459944171076059050,Organic Search,mobile,2,15.0,12.5,0.0,0.5,3,Mobile Users
7462494643176224339,Referral,desktop,2,9.5,8.5,0.0,0.0,1,Desktop Frecuente
7463172420271311409,Direct,desktop,16,47.0,35.5,0.0,0.125,1,Desktop Frecuente
7464225335009781401,Organic Search,desktop,2,7.5,6.5,0.5,0.5,1,Desktop Frecuente
7465611519094858811,Referral,desktop,6,14.5,10.0,0.1666666666666666,0.1666666666666666,1,Desktop Frecuente
7466083443246048335,Display,desktop,2,21.5,19.0,0.0,0.0,0,Desktop Engaged
7466690540565937255,Organic Search,mobile,1,14.0,13.0,0.0,0.0,3,Mobile Users
7467073874914897437,Organic Search,desktop,1,32.0,25.0,0.0,0.0,0,Desktop Engaged
7469641396207188649,Organic Search,desktop,1,15.0,13.0,0.0,0.0,0,Desktop Engaged
7470318193219952463,Referral,desktop,1,46.0,35.0,0.0,0.0,0,Desktop Engaged
7473469688253258626,Organic Search,desktop,6,1.0,1.0,0.8333333333333334,0.0,1,Desktop Frecuente
7474545646288919609,Direct,desktop,2,10.0,10.0,0.0,0.0,1,Desktop Frecuente
7476117049919443921,Referral,desktop,2,22.0,17.0,0.5,0.0,0,Desktop Engaged
7477146057219663265,Organic Search,tablet,1,66.0,50.0,0.0,1.0,2,Weekend Warriors
7477203212403257765,Organic Search,desktop,1,24.0,21.0,0.0,0.0,0,Desktop Engaged
7477634267430924328,Organic Search,mobile,29,8.5,7.5,0.2333333333333333,0.0,3,Mobile Users
7478106734160303595,Referral,desktop,7,24.0,19.0,0.0,0.0,1,Desktop Frecuente
7478762926279679155,Referral,desktop,1,86.0,60.0,0.0,0.0,0,Desktop Engaged
7478999854159501077,Referral,desktop,2,30.0,22.0,0.0,0.0,0,Desktop Engaged
7480579182178358481,Organic Search,desktop,3,130.0,86.0,0.0,0.0,0,Desktop Engaged
7481522828290694645,Organic Search,mobile,3,4.0,4.0,0.0,0.6666666666666666,3,Mobile Users
7483153644062928940,Referral,desktop,9,7.0,7.0,0.1111111111111111,0.0,1,Desktop Frecuente
7483600664917507409,Referral,desktop,25,16.5,13.5,0.2692307692307692,0.1923076923076923,1,Desktop Frecuente
7486685229070363442,Referral,desktop,2,31.5,22.5,0.0,0.0,0,Desktop Engaged
7486736560158559443,Organic Search,desktop,4,3.0,3.0,0.0,0.25,1,Desktop Frecuente
7487437966424965141,Referral,desktop,2,21.0,19.0,0.0,0.0,0,Desktop Engaged
7487628839720019888,Referral,desktop,1,20.0,18.0,0.0,0.0,0,Desktop Engaged
7488526074421709685,Referral,desktop,3,8.0,5.0,0.0,0.0,1,Desktop Frecuente
7488710348710523001,Referral,desktop,3,7.0,7.0,0.0,0.0,1,Desktop Frecuente
7493980643592684383,Organic Search,desktop,4,11.5,10.5,0.25,0.0,1,Desktop Frecuente
7495731308701213207,Organic Search,mobile,2,23.5,18.0,0.5,0.5,3,Mobile Users
7495862194798259656,Referral,desktop,1,41.0,29.0,0.0,0.0,0,Desktop Engaged
7496147812697146114,Referral,desktop,3,7.0,7.0,0.3333333333333333,0.0,1,Desktop Frecuente
7496201674620418944,Referral,desktop,1,11.0,10.0,0.0,0.0,0,Desktop Engaged
7497654040371634388,Referral,desktop,6,7.5,7.5,0.1666666666666666,0.0,1,Desktop Frecuente
7498845751524698890,Referral,desktop,3,29.0,20.0,0.0,0.0,0,Desktop Engaged
7499829957338497070,Organic Search,desktop,4,12.5,9.0,0.0,0.25,1,Desktop Frecuente
7501496730606583691,Direct,desktop,4,1.0,1.0,0.75,0.0,1,Desktop Frecuente
7503558141544554377,Direct,desktop,1,37.0,19.0,0.0,0.0,0,Desktop Engaged
7505608687492467483,Organic Search,desktop,2,15.5,13.5,0.0,1.0,2,Weekend Warriors
7505999967306814340,Organic Search,desktop,1,49.0,39.0,0.0,0.0,0,Desktop Engaged
7507699100891959218,Organic Search,desktop,1,28.0,20.0,0.0,0.0,0,Desktop Engaged
7510366323696167693,Referral,desktop,3,4.0,3.0,0.0,0.0,1,Desktop Frecuente
7511533079690059775,Referral,desktop,5,14.0,13.0,0.2,0.0,1,Desktop Frecuente
7514907909032668078,Organic Search,desktop,3,28.0,21.0,0.0,0.0,0,Desktop Engaged
7515865863351246169,Referral,desktop,11,8.0,7.0,0.0,0.5454545454545454,1,Desktop Frecuente
7517029078565627714,Organic Search,desktop,2,13.0,11.5,0.0,0.0,0,Desktop Engaged
7517997316226476864,Referral,desktop,6,11.5,11.5,0.1666666666666666,0.1666666666666666,1,Desktop Frecuente
7518393139882907658,Referral,desktop,1,15.0,13.0,0.0,0.0,0,Desktop Engaged
7518823341615485311,Direct,desktop,1,28.0,20.0,0.0,0.0,0,Desktop Engaged
7519685296264433379,Organic Search,desktop,4,4.5,4.5,0.0,0.25,1,Desktop Frecuente
7520548445569838487,Paid Search,desktop,3,15.0,13.0,0.0,0.0,1,Desktop Frecuente
7522022248849575139,Direct,desktop,2,22.0,18.0,0.0,0.0,0,Desktop Engaged
7522241323789304840,Referral,desktop,2,22.5,21.5,0.0,0.0,0,Desktop Engaged
7522971304903482159,Referral,desktop,1,16.0,15.0,0.0,0.0,0,Desktop Engaged
7524176002865422001,Organic Search,desktop,1,61.0,44.0,0.0,1.0,2,Weekend Warriors
7524315936765112211,Organic Search,desktop,1,75.0,52.0,0.0,1.0,2,Weekend Warriors
7524696809408974105,Organic Search,desktop,1,21.0,18.0,0.0,0.0,0,Desktop Engaged
7526395005987843712,Organic Search,desktop,2,17.5,16.0,0.0,0.0,0,Desktop Engaged
7527510721694637931,Organic Search,desktop,1,116.0,75.0,0.0,0.0,0,Desktop Engaged
7528605281471957603,Referral,desktop,4,15.5,14.5,0.25,0.0,1,Desktop Frecuente
7530827035841642644,Referral,desktop,5,4.0,4.0,0.2,0.0,1,Desktop Frecuente
7534352887152867436,Organic Search,mobile,2,34.0,26.5,0.0,1.0,3,Mobile Users
7534668743180719090,Referral,desktop,2,51.0,41.5,0.0,0.0,0,Desktop Engaged
7535069229429628764,Organic Search,desktop,3,30.0,25.0,0.0,0.3333333333333333,0,Desktop Engaged
7538330122216229269,Direct,desktop,2,22.5,16.5,0.0,0.0,0,Desktop Engaged
7539934390050787857,Organic Search,mobile,1,29.0,23.0,0.0,0.0,3,Mobile Users
7541330018561344090,Referral,desktop,6,4.5,3.0,0.3333333333333333,0.1666666666666666,1,Desktop Frecuente
7541337318748467634,Referral,desktop,5,9.0,9.0,0.0,0.2,1,Desktop Frecuente
7541670225563876393,Organic Search,desktop,1,84.0,58.0,0.0,0.0,0,Desktop Engaged
7542872879801361567,Referral,desktop,3,10.0,10.0,0.0,0.0,1,Desktop Frecuente
7544182239493168188,Referral,desktop,1,58.0,41.0,0.0,0.0,0,Desktop Engaged
7544229451088045395,Direct,desktop,1,24.0,17.0,0.0,1.0,2,Weekend Warriors
7545000103569508809,Referral,desktop,6,11.5,10.0,0.1666666666666666,0.6666666666666666,1,Desktop Frecuente
7545121588966245443,Referral,desktop,21,12.0,8.0,0.0,0.0,1,Desktop Frecuente
7545575276027340424,Direct,desktop,1,24.0,23.0,0.0,1.0,2,Weekend Warriors
7545791097611675575,Referral,desktop,8,7.0,7.0,0.0,0.0,1,Desktop Frecuente
7545946848283492417,Direct,desktop,2,19.5,16.0,0.0,0.0,0,Desktop Engaged
7547701694662050330,Organic Search,desktop,3,17.0,10.0,0.0,0.0,0,Desktop Engaged
7547767069516152606,Referral,desktop,3,7.0,5.0,0.0,0.0,1,Desktop Frecuente
7548511681521037018,Referral,desktop,23,4.0,3.0,0.1739130434782608,0.0,1,Desktop Frecuente
7549018693147139629,Organic Search,desktop,1,30.0,26.0,0.0,0.0,0,Desktop Engaged
7549308697995967647,Referral,desktop,26,1.0,1.0,0.5384615384615384,0.3846153846153846,1,Desktop Frecuente
7550860860945022922,Organic Search,desktop,1,20.0,16.0,0.0,0.0,0,Desktop Engaged
7552495546342257467,Organic Search,desktop,6,14.0,10.5,0.1666666666666666,0.0,1,Desktop Frecuente
7552589182628406304,Organic Search,desktop,32,5.0,5.0,0.21875,0.3125,1,Desktop Frecuente
7554501152738675328,Organic Search,mobile,8,3.0,3.0,0.375,0.5,3,Mobile Users
7557284395994307792,Referral,desktop,3,20.0,17.0,0.0,0.0,0,Desktop Engaged
7559237002238167612,Direct,desktop,2,14.5,13.0,0.0,0.0,0,Desktop Engaged
7559458489771407786,Organic Search,desktop,1,14.0,14.0,0.0,0.0,0,Desktop Engaged
7561014297963838461,Direct,desktop,12,19.5,14.5,0.0833333333333333,0.25,1,Desktop Frecuente
7561249229459674065,Organic Search,desktop,1,27.0,24.0,0.0,0.0,0,Desktop Engaged
7563365488424319047,Paid Search,desktop,2,13.0,11.0,0.0,0.0,0,Desktop Engaged
7563368779850101640,Referral,desktop,2,23.0,18.5,0.0,0.5,2,Weekend Warriors
7563655790456641337,Referral,desktop,1,26.0,20.0,0.0,0.0,0,Desktop Engaged
7564212194922509100,Organic Search,desktop,14,7.0,6.0,0.0714285714285714,0.6428571428571429,1,Desktop Frecuente
7565550967344737972,Referral,desktop,2,14.0,12.5,0.0,0.0,0,Desktop Engaged
7565764107128651335,Organic Search,mobile,4,4.0,4.0,0.25,0.0,3,Mobile Users
7567817112637547239,Organic Search,desktop,4,19.0,16.0,0.0,0.0,1,Desktop Frecuente
7567999450740996169,Direct,desktop,1,66.0,49.0,0.0,0.0,0,Desktop Engaged
7572337128017560741,Organic Search,desktop,8,6.0,6.0,0.0,0.375,1,Desktop Frecuente
7574410263456433105,Organic Search,desktop,2,42.5,33.0,0.0,0.0,0,Desktop Engaged
7576219858086855027,Organic Search,mobile,5,3.0,3.0,0.4,0.6,3,Mobile Users
7576412479791634134,Organic Search,desktop,7,11.0,10.0,0.0,0.1428571428571428,1,Desktop Frecuente
7579284721829818358,Referral,desktop,2,15.0,12.0,0.5,0.5,1,Desktop Frecuente
7581944643988473648,Organic Search,desktop,5,15.0,13.0,0.0,0.4,1,Desktop Frecuente
7584227374144950004,Organic Search,desktop,2,47.5,35.5,0.0,0.0,0,Desktop Engaged
7585321373986269779,Organic Search,desktop,7,8.0,6.0,0.0,0.0,1,Desktop Frecuente
7586960751046029408,Organic Search,desktop,6,8.5,8.0,0.0,0.3333333333333333,1,Desktop Frecuente
7587138749751940102,Referral,desktop,8,9.5,7.5,0.375,0.0,1,Desktop Frecuente
7587148992661482087,Referral,desktop,3,14.0,11.0,0.0,0.3333333333333333,1,Desktop Frecuente
7587690701654566627,Referral,desktop,5,4.0,4.0,0.0,0.0,1,Desktop Frecuente
7588981130462792361,Referral,desktop,3,24.0,19.0,0.0,0.3333333333333333,0,Desktop Engaged
7589137567725941774,Referral,desktop,1,51.0,43.0,0.0,0.0,0,Desktop Engaged
7589140490994660050,Referral,desktop,9,4.0,4.0,0.1111111111111111,0.1111111111111111,1,Desktop Frecuente
7591955684159608805,Direct,desktop,2,38.0,27.0,0.0,0.0,0,Desktop Engaged
7594157089401877562,Referral,desktop,3,18.0,15.0,0.0,0.0,0,Desktop Engaged
7594746937801444625,Referral,desktop,2,32.0,28.0,0.0,0.0,0,Desktop Engaged
7594910457176925161,Referral,desktop,2,11.5,11.5,0.0,0.0,0,Desktop Engaged
7595424386639223686,Referral,desktop,1,15.0,13.0,0.0,1.0,2,Weekend Warriors
7597832944990027750,Referral,desktop,2,11.0,10.0,0.5,0.0,1,Desktop Frecuente
7602795446904794008,Organic Search,desktop,6,8.0,6.0,0.1666666666666666,0.0,1,Desktop Frecuente
7606335731603327424,Referral,desktop,4,7.0,7.0,0.25,0.0,1,Desktop Frecuente
7608996347103620557,Referral,desktop,2,22.0,16.5,0.0,0.0,0,Desktop Engaged
7611051448678038108,Organic Search,desktop,1,51.0,38.0,0.0,0.0,0,Desktop Engaged
7611245380329580634,Referral,desktop,1,13.0,11.0,0.0,0.0,0,Desktop Engaged
7612168453953047528,Referral,desktop,1,41.0,34.0,0.0,0.0,0,Desktop Engaged
7615721031711474348,Referral,desktop,4,7.5,6.5,0.0,0.0,1,Desktop Frecuente
7616789203807782311,Referral,desktop,2,21.5,20.0,0.0,0.5,2,Weekend Warriors
7618350638899925348,Referral,desktop,1,32.0,27.0,0.0,0.0,0,Desktop Engaged
7619394198510596551,Referral,desktop,2,40.5,30.5,0.0,0.0,0,Desktop Engaged
7622430498708873807,Direct,desktop,1,28.0,27.0,0.0,0.0,0,Desktop Engaged
7622628711953468889,Organic Search,desktop,4,17.5,16.5,0.0,0.25,1,Desktop Frecuente
7623081080262005718,Referral,desktop,1,11.0,9.0,0.0,0.0,0,Desktop Engaged
7623467057602509357,Referral,desktop,1,34.0,30.0,0.0,0.0,0,Desktop Engaged
7624531134410931401,Paid Search,mobile,1,40.0,33.0,0.0,0.0,3,Mobile Users
7625863147445975419,Referral,desktop,2,56.0,40.0,0.0,0.0,0,Desktop Engaged
7626008159205100378,Organic Search,desktop,1,24.0,20.0,0.0,0.0,0,Desktop Engaged
7626451325930281264,Referral,desktop,2,34.5,28.0,0.0,0.0,0,Desktop Engaged
7627090613587216352,Referral,desktop,4,2.5,2.5,0.25,0.0,1,Desktop Frecuente
7628048174455037157,Organic Search,desktop,1,77.0,55.0,0.0,1.0,2,Weekend Warriors
7631154109847654517,Organic Search,desktop,2,19.5,15.5,0.0,0.0,0,Desktop Engaged
7632150231530795841,Organic Search,desktop,6,24.5,16.0,0.0,0.1666666666666666,1,Desktop Frecuente
7632396110260336309,Referral,desktop,9,4.0,4.0,0.2222222222222222,0.2222222222222222,1,Desktop Frecuente
7633401264222322898,Referral,desktop,6,6.5,6.5,0.1666666666666666,0.0,1,Desktop Frecuente
7633475394444208361,Organic Search,desktop,1,75.0,48.0,0.0,0.0,0,Desktop Engaged
7634897085866546110,Referral,desktop,148,3.0,3.0,0.2702702702702703,0.0,1,Desktop Frecuente
7635012716697544709,Organic Search,mobile,8,9.5,9.0,0.0,0.125,3,Mobile Users
7637038443893798015,Referral,desktop,3,6.0,6.0,0.0,0.0,1,Desktop Frecuente
7637175405665019213,Organic Search,mobile,3,6.0,5.0,0.0,0.6666666666666666,3,Mobile Users
7637583730181533171,Organic Search,desktop,1,21.0,19.0,0.0,0.0,0,Desktop Engaged
7637940533127194777,Referral,desktop,9,12.0,12.0,0.1111111111111111,0.0,1,Desktop Frecuente
7638200261989402480,Referral,desktop,6,15.0,13.5,0.0,0.0,1,Desktop Frecuente
7638336411447332495,Referral,desktop,8,24.0,19.5,0.25,0.0,1,Desktop Frecuente
7639125894732167820,Direct,desktop,1,19.0,17.0,0.0,0.0,0,Desktop Engaged
7640844068811990915,Referral,desktop,2,12.0,11.0,0.0,0.0,0,Desktop Engaged
7641135753970506301,Organic Search,desktop,1,18.0,16.0,0.0,1.0,2,Weekend Warriors
7642599988772992308,Referral,desktop,9,4.0,4.0,0.1111111111111111,0.1111111111111111,1,Desktop Frecuente
7645423855844337919,Organic Search,desktop,3,3.0,3.0,0.3333333333333333,0.0,1,Desktop Frecuente
7646951145864334861,Organic Search,desktop,3,23.0,18.0,0.3333333333333333,0.0,0,Desktop Engaged
7647399051164881931,Referral,desktop,1,35.0,28.0,0.0,0.0,0,Desktop Engaged
7647458799254065971,Referral,desktop,3,5.0,5.0,0.0,0.6666666666666666,1,Desktop Frecuente
7649024864165957461,Organic Search,desktop,2,21.5,18.0,0.0,0.0,0,Desktop Engaged
7650573166348333190,Referral,desktop,6,6.5,4.5,0.0,0.6666666666666666,1,Desktop Frecuente
7651073139895028250,Referral,desktop,4,19.5,15.0,0.0,0.25,1,Desktop Frecuente
7651728310132014868,Direct,desktop,1,8.0,8.0,0.0,1.0,2,Weekend Warriors
7651960630185038876,Organic Search,tablet,2,27.5,21.5,0.0,0.0,3,Mobile Users
7652124468815517106,Organic Search,desktop,1,16.0,13.0,0.0,0.0,0,Desktop Engaged
7653600583827596196,Organic Search,desktop,2,12.0,11.0,0.5,0.0,1,Desktop Frecuente
7656154866854274850,Referral,desktop,1,18.0,14.0,0.0,0.0,0,Desktop Engaged
7656166664902363407,Referral,desktop,7,10.0,10.0,0.1428571428571428,0.0,1,Desktop Frecuente
7657116022844782849,Referral,desktop,2,10.5,9.5,0.0,0.0,1,Desktop Frecuente
7657672545443379106,Organic Search,desktop,8,12.5,10.5,0.125,0.625,1,Desktop Frecuente
7657968382629784039,Referral,desktop,7,10.0,6.0,0.4285714285714285,0.4285714285714285,1,Desktop Frecuente
7658004825963957145,Referral,desktop,7,31.0,23.0,0.2857142857142857,0.0,1,Desktop Frecuente
7658192084720685827,Referral,desktop,2,11.0,10.0,0.0,0.5,2,Weekend Warriors
7659667031982295774,Organic Search,mobile,2,10.5,9.0,0.5,0.0,3,Mobile Users
7661043951104922558,Organic Search,desktop,6,8.5,8.5,0.0,0.0,1,Desktop Frecuente
7662637796862454922,Referral,desktop,3,9.0,8.0,0.0,0.0,1,Desktop Frecuente
7665584448967359272,Organic Search,desktop,4,10.5,7.5,0.0,0.0,1,Desktop Frecuente
7670063553528001131,Organic Search,desktop,1,32.0,31.0,0.0,1.0,2,Weekend Warriors
7670621252820310471,Referral,desktop,1,10.0,10.0,0.0,0.0,0,Desktop Engaged
7671147450962713082,Referral,desktop,11,13.0,10.0,0.0,0.1818181818181818,1,Desktop Frecuente
7671938929886422316,Referral,desktop,4,11.0,10.5,0.0,0.0,1,Desktop Frecuente
7672124784796015338,Paid Search,desktop,3,30.0,28.0,0.0,0.3333333333333333,0,Desktop Engaged
7674192003340295500,Organic Search,desktop,2,21.0,15.5,0.0,0.5,2,Weekend Warriors
7674873291467776477,Referral,desktop,2,10.5,9.5,0.0,0.0,1,Desktop Frecuente
7675702584577907084,Referral,desktop,2,36.5,29.0,0.0,0.0,0,Desktop Engaged
7675869407000236910,Referral,desktop,7,3.0,3.0,0.4285714285714285,0.1428571428571428,1,Desktop Frecuente
7680759434454622438,Referral,desktop,1,37.0,35.0,0.0,0.0,0,Desktop Engaged
7681832015202637738,Organic Search,desktop,1,14.0,12.0,0.0,0.0,0,Desktop Engaged
7687728141180472347,Organic Search,mobile,2,10.0,8.5,0.0,0.5,3,Mobile Users
7687734256049052066,Referral,desktop,2,42.0,30.5,0.0,0.0,0,Desktop Engaged
7691586922188658432,Direct,desktop,24,1.0,1.0,0.6666666666666666,0.2916666666666667,1,Desktop Frecuente
7691826110185211654,Organic Search,desktop,5,6.0,6.0,0.0,0.6,1,Desktop Frecuente
7691884507775578651,Paid Search,desktop,5,8.0,8.0,0.2,0.0,1,Desktop Frecuente
7693430904622520313,Referral,desktop,4,6.0,6.0,0.5,0.0,1,Desktop Frecuente
7695366805532091485,Referral,desktop,2,22.0,17.5,0.0,0.0,0,Desktop Engaged
7695578750853411684,Organic Search,desktop,1,85.0,58.0,0.0,0.0,0,Desktop Engaged
7696973731640073168,Referral,desktop,4,34.5,25.5,0.0,0.0,0,Desktop Engaged
7697210138804043868,Referral,desktop,6,11.5,10.0,0.3333333333333333,0.3333333333333333,1,Desktop Frecuente
7697599973738347494,Organic Search,desktop,3,6.0,4.0,0.0,0.3333333333333333,1,Desktop Frecuente
7701571111733834937,Direct,desktop,1,35.0,33.0,0.0,0.0,0,Desktop Engaged
7701613595320832147,Organic Search,desktop,11,6.0,6.0,0.2727272727272727,0.0909090909090909,1,Desktop Frecuente
7703634562564929325,Display,mobile,1,50.0,42.0,0.0,1.0,3,Mobile Users
7704158452522194564,Organic Search,desktop,1,22.0,19.0,0.0,1.0,2,Weekend Warriors
7704838802929652478,Organic Search,desktop,10,8.0,7.0,0.2727272727272727,0.2727272727272727,1,Desktop Frecuente
7706423253523283738,Referral,desktop,7,6.0,6.0,0.2857142857142857,0.0,1,Desktop Frecuente
7707232974827201453,Referral,desktop,3,8.0,8.0,0.0,0.0,1,Desktop Frecuente
7708630394810651470,Organic Search,desktop,1,47.0,38.0,0.0,0.0,0,Desktop Engaged
7709616629393983673,Organic Search,mobile,1,20.0,19.0,0.0,1.0,3,Mobile Users
7709768845264385801,Referral,desktop,3,7.0,5.0,0.0,0.0,1,Desktop Frecuente
7710274785859342861,Organic Search,desktop,4,12.0,10.0,0.25,0.0,1,Desktop Frecuente
7713012430069756739,Organic Search,desktop,1,216.0,176.0,0.0,0.0,0,Desktop Engaged
7716135827542308176,Referral,desktop,4,17.0,11.0,0.5,0.0,1,Desktop Frecuente
7716901533486555071,Referral,desktop,3,4.0,4.0,0.0,0.0,1,Desktop Frecuente
7717237857998968115,Organic Search,desktop,3,28.0,22.0,0.0,0.0,0,Desktop Engaged
7718460789580849626,Direct,desktop,1,21.0,18.0,0.0,0.0,0,Desktop Engaged
7721327606863421352,Organic Search,mobile,2,16.5,13.0,0.0,1.0,3,Mobile Users
7723283988655524549,Direct,desktop,1,28.0,22.0,0.0,0.0,0,Desktop Engaged
7724099657846251773,Referral,desktop,2,20.0,16.5,0.0,1.0,2,Weekend Warriors
7725596392985025022,Organic Search,desktop,1,21.0,17.0,0.0,0.0,0,Desktop Engaged
7725691113815221366,Referral,desktop,5,8.0,7.0,0.0,0.0,1,Desktop Frecuente
7727550060577166015,Referral,desktop,3,3.0,3.0,0.0,0.0,1,Desktop Frecuente
7727831218148659507,Direct,desktop,3,9.0,8.0,0.3333333333333333,0.0,1,Desktop Frecuente
7727862869206137569,Direct,mobile,3,6.0,6.0,0.3333333333333333,0.3333333333333333,3,Mobile Users
7729298327600931364,Organic Search,desktop,2,28.0,20.0,0.0,0.0,0,Desktop Engaged
7730778110265788269,Referral,desktop,3,18.5,13.5,0.25,0.0,1,Desktop Frecuente
7731162068091223593,Referral,desktop,1,24.0,22.0,0.0,0.0,0,Desktop Engaged
7731550683138800842,Display,desktop,2,33.0,27.0,0.5,0.0,0,Desktop Engaged
7732090134568997347,Direct,desktop,2,12.0,11.5,0.0,0.0,0,Desktop Engaged
7733098542015261271,Referral,desktop,1,24.0,20.0,0.0,1.0,2,Weekend Warriors
7736543262187152126,Direct,desktop,5,8.0,6.0,0.0,0.4,1,Desktop Frecuente
7737049103084491745,Organic Search,desktop,11,14.0,14.0,0.0,0.0909090909090909,1,Desktop Frecuente
7737545548847540539,Organic Search,desktop,2,13.0,11.0,0.5,1.0,2,Weekend Warriors
7738303201145232755,Referral,desktop,3,5.0,5.0,0.3333333333333333,0.0,1,Desktop Frecuente
7739378572791448482,Organic Search,mobile,2,16.0,13.5,0.5,0.0,3,Mobile Users
7741113614366580526,Display,desktop,2,23.0,19.5,0.0,0.0,0,Desktop Engaged
7741904137426649634,Direct,desktop,1,28.0,28.0,0.0,0.0,0,Desktop Engaged
7742753003683875687,Referral,desktop,3,10.0,7.0,0.0,0.0,1,Desktop Frecuente
7743552132615586742,Referral,desktop,4,31.0,24.5,0.0,0.0,0,Desktop Engaged
7745913892709272663,Organic Search,desktop,2,20.0,19.0,0.0,0.0,0,Desktop Engaged
7746647628358905257,Referral,desktop,5,4.0,4.0,0.0,0.4,1,Desktop Frecuente
7748710052323833792,Organic Search,desktop,1,41.0,31.0,0.0,0.0,0,Desktop Engaged
7750057450092176618,Direct,desktop,2,28.0,22.5,0.0,0.0,0,Desktop Engaged
7750340404205493317,Organic Search,desktop,1,16.0,14.0,0.0,0.0,0,Desktop Engaged
7753883779576218882,Direct,desktop,1,19.0,16.0,0.0,0.0,0,Desktop Engaged
7754442050009166377,Organic Search,mobile,4,16.0,13.0,0.25,0.0,3,Mobile Users
7754915186456273750,Direct,desktop,2,27.5,22.5,0.0,0.5,2,Weekend Warriors
7755051258981673515,Referral,desktop,14,7.5,7.0,0.0,0.4285714285714285,1,Desktop Frecuente
7756103894574714837,Direct,mobile,12,6.0,4.5,0.4166666666666667,0.0833333333333333,3,Mobile Users
7756944371260493270,Referral,desktop,6,6.0,5.0,0.1666666666666666,0.3333333333333333,1,Desktop Frecuente
7757258715868835564,Direct,desktop,2,9.5,7.5,0.0,1.0,2,Weekend Warriors
7757321613072475237,Referral,desktop,3,17.0,13.0,0.0,0.0,0,Desktop Engaged
7757589561918883331,Organic Search,desktop,1,62.0,47.0,0.0,1.0,2,Weekend Warriors
7757837653152946419,Organic Search,desktop,2,14.0,12.5,0.0,0.5,2,Weekend Warriors
7758585801799209122,Referral,desktop,4,7.0,6.0,0.0,0.0,1,Desktop Frecuente
7758762749403908429,Organic Search,desktop,3,5.0,5.0,0.0,0.0,1,Desktop Frecuente
7760371305511831851,Referral,desktop,1,15.0,15.0,0.0,0.0,0,Desktop Engaged
7761232105915490480,Organic Search,desktop,2,31.0,23.5,0.0,0.0,0,Desktop Engaged
7761592310264777592,Direct,desktop,2,9.0,9.0,0.0,0.0,1,Desktop Frecuente
7762808356071305639,Direct,desktop,4,7.5,7.5,0.25,0.0,1,Desktop Frecuente
7764475341358829145,Referral,desktop,3,12.0,12.0,0.0,0.0,1,Desktop Frecuente
7765852872572562365,Organic Search,mobile,3,9.0,9.0,0.0,0.0,3,Mobile Users
7767487111812238597,Organic Search,desktop,9,9.0,9.0,0.2222222222222222,0.0,1,Desktop Frecuente
7768308880358365308,Organic Search,desktop,1,85.0,59.0,0.0,0.0,0,Desktop Engaged
7770933674059715179,Referral,desktop,5,14.0,10.0,0.0,0.0,1,Desktop Frecuente
7771285007340524144,Referral,desktop,6,8.5,7.0,0.1666666666666666,0.0,1,Desktop Frecuente
7771380615067157220,Organic Search,desktop,6,6.0,5.5,0.0,0.0,1,Desktop Frecuente
7771559258178364692,Direct,desktop,6,7.0,5.0,0.3333333333333333,0.5,1,Desktop Frecuente
7771656628828873351,Display,desktop,2,19.0,16.0,0.5,0.0,0,Desktop Engaged
7772930465282378163,Organic Search,desktop,5,23.0,15.0,0.4,0.2,1,Desktop Frecuente
7773367694615408886,Organic Search,desktop,3,1.0,1.0,0.6666666666666666,0.0,1,Desktop Frecuente
7774093101397937116,Organic Search,desktop,3,2.0,2.0,0.0,0.0,1,Desktop Frecuente
7777403200539516342,Organic Search,desktop,4,9.5,9.5,0.0,0.5,1,Desktop Frecuente
7778824028479625662,Referral,desktop,1,18.0,18.0,0.0,0.0,0,Desktop Engaged
7782965489086957079,Referral,desktop,9,3.0,3.0,0.1111111111111111,0.0,1,Desktop Frecuente
7783483124481840961,Referral,desktop,1,12.0,11.0,0.0,0.0,0,Desktop Engaged
7785081763173787250,Referral,desktop,4,18.0,14.5,0.0,0.5,1,Desktop Frecuente
7785229083090323902,Referral,desktop,10,14.0,9.0,0.0,0.1,1,Desktop Frecuente
7786496751068018925,Referral,desktop,3,6.0,6.0,0.3333333333333333,0.0,1,Desktop Frecuente
7787440954328108933,Organic Search,desktop,1,51.0,39.0,0.0,0.0,0,Desktop Engaged
7787965754580189953,Organic Search,desktop,1,27.0,27.0,0.0,0.0,0,Desktop Engaged
7788388085759905895,Referral,desktop,1,24.0,16.0,0.0,0.0,0,Desktop Engaged
7789668913244553459,Referral,desktop,8,4.0,3.5,0.375,0.0,1,Desktop Frecuente
7790208263336496144,Direct,desktop,5,1.0,1.0,0.6,0.0,1,Desktop Frecuente
7793160829626238821,Referral,desktop,1,42.0,31.0,0.0,0.0,0,Desktop Engaged
7794703468039668930,Direct,desktop,2,34.5,26.0,0.0,0.0,0,Desktop Engaged
7796097533930625172,Organic Search,mobile,1,12.0,9.0,0.0,0.0,3,Mobile Users
7796255033922388892,Referral,desktop,2,26.5,23.0,0.0,0.0,0,Desktop Engaged
7797161228996458724,Organic Search,desktop,1,45.0,33.0,0.0,0.0,0,Desktop Engaged
7797999885990809909,Organic Search,desktop,10,5.0,4.5,0.3,0.2,1,Desktop Frecuente
7798456604809994672,Referral,desktop,2,19.0,14.0,0.0,0.0,0,Desktop Engaged
7800508396890862296,Paid Search,mobile,7,14.0,14.0,0.4285714285714285,0.2857142857142857,3,Mobile Users
7801319347320449499,Organic Search,mobile,1,11.0,9.0,0.0,0.0,3,Mobile Users
7801380304889274913,Referral,desktop,6,19.5,14.5,0.0,0.3333333333333333,1,Desktop Frecuente
7802787655834834739,Organic Search,mobile,1,25.0,21.0,0.0,0.0,3,Mobile Users
7803437096506812413,Organic Search,desktop,4,6.0,6.0,0.25,0.0,1,Desktop Frecuente
7804796494256061450,Organic Search,mobile,5,19.0,13.0,0.0,0.2,3,Mobile Users
7806422854441917723,Organic Search,mobile,12,2.0,2.0,0.5,0.25,3,Mobile Users
7806543448896890229,Referral,desktop,1,9.0,9.0,0.0,0.0,0,Desktop Engaged
7806950251446529341,Referral,desktop,7,9.0,7.0,0.2857142857142857,0.0,1,Desktop Frecuente
7807217189456163612,Paid Search,desktop,3,10.0,7.0,0.0,0.0,1,Desktop Frecuente
7810785569344571093,Referral,desktop,1,27.0,25.0,0.0,0.0,0,Desktop Engaged
7811787934602942622,Direct,desktop,3,14.0,11.0,0.0,0.3333333333333333,1,Desktop Frecuente
7812169483646384233,Organic Search,desktop,1,30.0,26.0,0.0,0.0,0,Desktop Engaged
7813149961404844386,Direct,desktop,86,10.0,9.0,0.0813953488372093,0.0,1,Desktop Frecuente
7813186643472514760,Referral,desktop,4,16.5,13.0,0.0,0.0,1,Desktop Frecuente
7818622582367990484,Direct,desktop,1,14.0,12.0,0.0,0.0,0,Desktop Engaged
7819378251108446311,Organic Search,tablet,4,4.5,4.5,0.0,0.5,3,Mobile Users
7822178141511453911,Referral,desktop,5,4.0,4.0,0.0,0.4,1,Desktop Frecuente
7822986627298496483,Organic Search,desktop,1,32.0,27.0,0.0,0.0,0,Desktop Engaged
7824102392765552707,Referral,desktop,2,15.0,14.0,0.5,1.0,2,Weekend Warriors
7824759881998320555,Organic Search,desktop,1,26.0,21.0,0.0,0.0,0,Desktop Engaged
7828035665151307766,Referral,desktop,1,17.0,13.0,0.0,0.0,0,Desktop Engaged
7828268469636350286,Direct,desktop,9,12.0,9.0,0.0,0.0,1,Desktop Frecuente
7830344002776874199,Referral,desktop,1,10.0,10.0,0.0,0.0,0,Desktop Engaged
7830750206267475882,Organic Search,desktop,1,29.0,29.0,0.0,0.0,0,Desktop Engaged
7831153588410737092,Referral,desktop,3,9.0,9.0,0.0,0.0,1,Desktop Frecuente
7834164711977044454,Organic Search,desktop,1,65.0,58.0,0.0,0.0,0,Desktop Engaged
7834245291980769625,Referral,desktop,1,34.0,16.0,0.0,0.0,0,Desktop Engaged
7834618145872510794,Referral,desktop,6,3.5,3.5,0.0,0.0,1,Desktop Frecuente
7836922432734266850,Organic Search,desktop,2,9.0,8.0,0.5,0.0,1,Desktop Frecuente
7838650270550176403,Paid Search,mobile,3,28.0,26.0,0.0,0.0,3,Mobile Users
7839731383337024710,Direct,mobile,1,11.0,11.0,0.0,1.0,3,Mobile Users
7841078781730568178,Referral,desktop,2,14.0,12.0,0.0,0.5,2,Weekend Warriors
7841732003589019800,Referral,desktop,4,9.0,8.0,0.0,0.0,1,Desktop Frecuente
7842747307254703576,Referral,desktop,3,2.0,2.0,0.3333333333333333,0.3333333333333333,1,Desktop Frecuente
7843562488071473206,Direct,desktop,2,7.0,6.0,0.0,0.0,1,Desktop Frecuente
7844285640302688026,Organic Search,desktop,1,55.0,48.0,0.0,0.0,0,Desktop Engaged
7845967413109542320,Referral,desktop,2,35.0,27.0,0.0,0.0,0,Desktop Engaged
7846265776310082337,Organic Search,desktop,1,14.0,12.0,0.0,0.0,0,Desktop Engaged
7847878753909959497,Organic Search,desktop,2,16.5,14.5,0.0,1.0,2,Weekend Warriors
7849560023703448121,Referral,desktop,13,8.0,7.0,0.0769230769230769,0.3076923076923077,1,Desktop Frecuente
7851653566519396144,Display,desktop,4,8.0,7.0,0.25,0.0,1,Desktop Frecuente
7851878234225373633,Organic Search,desktop,2,52.5,37.0,0.0,1.0,2,Weekend Warriors
7853124250162225215,Organic Search,desktop,1,30.0,30.0,0.0,1.0,2,Weekend Warriors
7855520906498401439,Direct,mobile,13,5.0,5.0,0.2307692307692307,0.1538461538461538,3,Mobile Users
7857037940227176848,Direct,mobile,3,9.0,9.0,0.0,0.0,3,Mobile Users
7857488410437380421,Organic Search,desktop,4,10.0,8.5,0.25,0.0,1,Desktop Frecuente
7857874876716902829,Referral,desktop,3,36.0,24.0,0.0,0.0,0,Desktop Engaged
7859759557446158559,Organic Search,desktop,2,20.5,18.0,0.5,0.0,0,Desktop Engaged
7861268750444370687,Paid Search,desktop,3,35.0,28.0,0.0,0.3333333333333333,0,Desktop Engaged
7861360542752225034,Organic Search,desktop,6,8.5,7.5,0.0,0.0,1,Desktop Frecuente
7862709801346463450,Direct,desktop,1,17.0,16.0,0.0,0.0,0,Desktop Engaged
7864177582545842880,Organic Search,desktop,1,36.0,28.0,0.0,0.0,0,Desktop Engaged
7865812508027554896,Referral,desktop,2,16.5,14.0,0.0,0.0,0,Desktop Engaged
7866268239897048336,Referral,desktop,5,9.0,9.0,0.0,0.0,1,Desktop Frecuente
7866911767663069733,Organic Search,desktop,1,58.0,45.0,0.0,0.0,0,Desktop Engaged
7867882247088163383,Direct,desktop,1,61.0,50.0,0.0,0.0,0,Desktop Engaged
7869610070939620438,Referral,desktop,1,42.0,38.0,0.0,0.0,0,Desktop Engaged
7870849325324206691,Referral,desktop,1,22.0,20.0,0.0,0.0,0,Desktop Engaged
7871079031879063569,Organic Search,desktop,1,19.0,16.0,0.0,0.0,0,Desktop Engaged
7871426202983789446,Referral,desktop,3,25.0,19.0,0.0,0.0,0,Desktop Engaged
7872935762023823952,Organic Search,desktop,1,32.0,28.0,0.0,0.0,0,Desktop Engaged
7873356892876973109,Referral,desktop,3,59.0,43.0,0.3333333333333333,0.0,0,Desktop Engaged
7873937527041182412,Referral,desktop,2,18.0,15.5,0.0,0.0,0,Desktop Engaged
7874937204637644327,Referral,desktop,6,9.5,8.5,0.0,0.0,1,Desktop Frecuente
7875893829613781625,Direct,desktop,2,15.5,13.5,0.0,0.0,0,Desktop Engaged
7876109297899909726,Referral,desktop,1,19.0,16.0,0.0,1.0,2,Weekend Warriors
7877039778064211316,Organic Search,desktop,9,13.0,10.0,0.2222222222222222,0.2222222222222222,1,Desktop Frecuente
7878351670032839098,Organic Search,desktop,4,23.0,16.0,0.0,0.0,0,Desktop Engaged
7878988161509239513,Organic Search,desktop,1,21.0,18.0,0.0,0.0,0,Desktop Engaged
7879290112537608883,Referral,desktop,6,7.0,6.5,0.3333333333333333,0.0,1,Desktop Frecuente
7880167755277148359,Direct,desktop,2,37.0,25.5,0.0,0.0,0,Desktop Engaged
7880178108492772399,Display,desktop,2,27.0,21.0,0.0,0.0,0,Desktop Engaged
7884650300070174701,Organic Search,desktop,2,26.0,21.0,0.0,0.5,2,Weekend Warriors
7884773385633780909,Display,desktop,2,19.0,16.0,0.5,0.0,1,Desktop Frecuente
7884800380653018929,Referral,desktop,3,35.0,29.0,0.0,0.0,0,Desktop Engaged
7886298582663945846,Organic Search,desktop,1,26.0,20.0,0.0,0.0,0,Desktop Engaged
7886613135451853273,Organic Search,desktop,2,12.5,9.5,0.0,0.0,0,Desktop Engaged
7888170618859992433,Direct,desktop,1,109.0,102.0,0.0,0.0,0,Desktop Engaged
7890966908162899673,Referral,desktop,2,14.5,13.0,0.0,0.0,0,Desktop Engaged
7894063271151919255,Organic Search,desktop,2,10.5,10.5,0.0,0.0,0,Desktop Engaged
7895169393941050088,Organic Search,desktop,2,25.5,22.0,0.0,0.5,2,Weekend Warriors
7896369965230790406,Organic Search,desktop,4,33.5,26.5,0.0,0.5,2,Weekend Warriors
7898871805036704666,Direct,desktop,2,17.5,16.5,0.0,0.0,0,Desktop Engaged
7900214462329441890,Organic Search,desktop,1,47.0,39.0,0.0,0.0,0,Desktop Engaged
7902252986541229075,Organic Search,mobile,4,6.5,6.5,0.25,0.0,3,Mobile Users
7904889893242445451,Direct,desktop,10,5.0,5.0,0.1,0.0,1,Desktop Frecuente
7908307514083563203,Direct,desktop,1,32.0,27.0,0.0,0.0,0,Desktop Engaged
7908882748835077246,Referral,desktop,7,6.0,6.0,0.0,0.0,1,Desktop Frecuente
7908892250153476680,Referral,desktop,4,7.5,6.0,0.0,0.0,1,Desktop Frecuente
7910024669087314685,Referral,desktop,2,16.0,12.5,0.0,0.0,0,Desktop Engaged
7911172514249336913,Referral,desktop,1,59.0,45.0,0.0,0.0,0,Desktop Engaged
7911961580493101960,Referral,desktop,1,41.0,31.0,0.0,0.0,0,Desktop Engaged
7914594983424284090,Display,desktop,2,16.5,13.5,0.0,0.0,0,Desktop Engaged
7917822451855985643,Referral,desktop,1,29.0,25.0,0.0,0.0,0,Desktop Engaged
7917962954244786091,Organic Search,mobile,7,1.0,1.0,0.5714285714285714,0.0,3,Mobile Users
7920081257177282153,Organic Search,desktop,1,10.5,9.5,0.0,0.5,2,Weekend Warriors
7921241728788576695,Referral,desktop,5,2.0,2.0,0.2,0.0,1,Desktop Frecuente
7921624807402363638,Referral,desktop,1,24.0,16.0,0.0,0.0,0,Desktop Engaged
7923717574756069195,Organic Search,mobile,4,4.0,4.0,0.5,0.25,3,Mobile Users
7926818431252952072,Organic Search,desktop,8,14.5,12.0,0.0,0.0,1,Desktop Frecuente
7930731506451371847,Referral,desktop,4,5.5,5.5,0.25,0.0,1,Desktop Frecuente
7930995706732204088,Referral,desktop,1,43.0,33.0,0.0,0.0,0,Desktop Engaged
7933171750259720017,Organic Search,desktop,5,14.0,10.0,0.2,0.0,1,Desktop Frecuente
7934034759287623180,Referral,desktop,1,26.0,23.0,0.0,0.0,0,Desktop Engaged
7935549301309973853,Organic Search,desktop,2,9.0,9.0,0.0,0.0,1,Desktop Frecuente
7936166614949878797,Referral,desktop,1,14.0,13.0,0.0,0.0,0,Desktop Engaged
7937009225076356808,Referral,desktop,2,78.5,51.5,0.0,0.0,0,Desktop Engaged
7939195923933153052,Direct,desktop,1,24.0,24.0,0.0,0.0,0,Desktop Engaged
7939213367478794488,Direct,desktop,16,3.0,2.5,0.375,0.0,1,Desktop Frecuente
7939552270525180888,Referral,desktop,2,16.5,12.5,0.0,0.5,2,Weekend Warriors
7939582431160055646,Referral,desktop,2,22.5,18.5,0.0,0.0,0,Desktop Engaged
7939722678554181163,Direct,desktop,3,14.0,14.0,0.0,0.0,1,Desktop Frecuente
7940447523657179296,Organic Search,desktop,1,21.0,17.0,0.0,1.0,2,Weekend Warriors
7942035209319092535,Organic Search,desktop,1,27.0,25.0,0.0,1.0,2,Weekend Warriors
7942338055212909628,Organic Search,desktop,5,11.0,10.0,0.2,0.0,1,Desktop Frecuente
7945508458206701256,Referral,desktop,1,34.0,24.0,0.0,0.0,0,Desktop Engaged
7946697392929480488,Referral,desktop,4,18.0,14.0,0.0,0.0,1,Desktop Frecuente
7947262115800453109,Direct,desktop,4,18.0,14.0,0.0,0.25,1,Desktop Frecuente
7947697374901279912,Organic Search,mobile,3,6.0,6.0,0.0,0.0,3,Mobile Users
7948789322692677362,Organic Search,desktop,1,67.0,52.0,0.0,0.0,0,Desktop Engaged
7949599289543078043,Direct,desktop,1,110.0,89.0,0.0,0.0,0,Desktop Engaged
7949830908055384624,Direct,desktop,1,20.0,15.0,0.0,0.0,0,Desktop Engaged
7950848969150459416,Organic Search,mobile,2,27.5,21.0,0.0,1.0,3,Mobile Users
7952709367999520186,Organic Search,mobile,3,16.0,14.0,0.0,0.0,3,Mobile Users
7954367393399826900,Referral,desktop,10,3.0,3.0,0.2,0.0,1,Desktop Frecuente
7955265300701242032,Direct,mobile,1,12.0,12.0,0.0,1.0,3,Mobile Users
7956245656986449961,Referral,desktop,4,10.0,9.0,0.0,0.0,1,Desktop Frecuente
7958231810407314761,Direct,desktop,11,5.0,5.0,0.0909090909090909,0.5454545454545454,1,Desktop Frecuente
7958734805769918855,Referral,desktop,4,8.0,7.0,0.0,0.0,1,Desktop Frecuente
7959091864119809907,Referral,desktop,1,38.0,31.0,0.0,0.0,0,Desktop Engaged
7960216957065106735,Organic Search,desktop,1,57.0,43.0,0.0,1.0,2,Weekend Warriors
7964990028393230257,Organic Search,tablet,4,24.0,20.5,0.0,0.5,3,Mobile Users
7965265156545901045,Direct,desktop,6,19.5,15.0,0.1666666666666666,0.0,1,Desktop Frecuente
7966024019355321644,Referral,desktop,9,4.0,4.0,0.2222222222222222,0.3333333333333333,1,Desktop Frecuente
7966445662902884206,Referral,desktop,4,6.5,5.0,0.0,0.0,1,Desktop Frecuente
7970246388355187791,Organic Search,desktop,3,15.0,14.0,0.3333333333333333,0.3333333333333333,1,Desktop Frecuente
7970701992007145468,Referral,desktop,7,15.0,13.0,0.0,0.1428571428571428,1,Desktop Frecuente
7970882488065232755,Direct,desktop,19,9.0,9.0,0.1052631578947368,0.0,1,Desktop Frecuente
7971730380777984264,Referral,desktop,7,6.0,6.0,0.2857142857142857,0.0,1,Desktop Frecuente
7971854024765192624,Organic Search,desktop,1,40.0,30.0,0.0,1.0,2,Weekend Warriors
7971899755212526545,Referral,desktop,1,22.0,21.0,0.0,0.0,0,Desktop Engaged
7974559694020168451,Organic Search,desktop,1,18.0,16.0,0.0,0.0,0,Desktop Engaged
7974747290395913881,Referral,desktop,2,21.5,16.0,0.0,0.0,0,Desktop Engaged
7974773514952361623,Organic Search,desktop,1,21.0,17.0,0.0,0.0,0,Desktop Engaged
7976621551830058686,Organic Search,desktop,2,49.5,39.0,0.0,0.0,0,Desktop Engaged
7979010430069561046,Organic Search,desktop,1,85.0,68.0,0.0,0.0,0,Desktop Engaged
7980102376114249169,Referral,desktop,3,14.0,12.0,0.3333333333333333,0.6666666666666666,1,Desktop Frecuente
7980598881440576861,Referral,desktop,3,12.0,12.0,0.0,0.3333333333333333,1,Desktop Frecuente
7981489310601082763,Referral,desktop,2,26.0,20.0,0.0,0.0,0,Desktop Engaged
7982627573451336069,Direct,tablet,1,19.0,17.0,0.0,0.0,3,Mobile Users
7983896832980033675,Referral,desktop,6,13.5,11.5,0.0,0.0,1,Desktop Frecuente
7984761365552483293,Referral,desktop,4,3.0,3.0,0.0,0.0,1,Desktop Frecuente
7985347873719599013,Organic Search,desktop,1,47.0,31.0,0.0,1.0,2,Weekend Warriors
7985615137097388464,Direct,desktop,1,19.0,16.0,0.0,1.0,2,Weekend Warriors
7988589698705817924,Referral,desktop,2,28.0,23.0,0.0,0.0,0,Desktop Engaged
7989785134263351536,Referral,desktop,1,52.0,45.0,0.0,0.0,0,Desktop Engaged
7990135994432965391,Direct,desktop,12,10.0,10.0,0.25,0.0,1,Desktop Frecuente
7990454624282115583,Referral,desktop,1,22.0,20.0,0.0,0.0,0,Desktop Engaged
7992104623025928298,Referral,desktop,1,83.0,56.0,0.0,0.0,0,Desktop Engaged
7993959597454323418,Organic Search,tablet,3,19.0,18.0,0.0,0.0,3,Mobile Users
7994759815756161325,Referral,desktop,4,18.0,10.5,0.0,0.0,1,Desktop Frecuente
7998818416650846708,Direct,desktop,4,5.5,5.5,0.25,0.0,1,Desktop Frecuente
7999024439305263613,Referral,desktop,12,11.0,9.5,0.0833333333333333,0.0,1,Desktop Frecuente
7999476853921506700,Direct,desktop,1,10.0,10.0,0.0,1.0,2,Weekend Warriors
7999804494517330141,Organic Search,desktop,6,14.0,8.5,0.0,0.0,1,Desktop Frecuente
8000036903991844307,Referral,desktop,1,26.0,24.0,0.0,0.0,0,Desktop Engaged
8002426910576120967,Organic Search,mobile,5,12.0,8.0,0.4,0.0,3,Mobile Users
8003711571072690789,Referral,desktop,5,4.0,4.0,0.0,0.0,1,Desktop Frecuente
8004174355462183209,Organic Search,desktop,2,15.0,12.0,0.5,0.0,1,Desktop Frecuente
8004196057645719276,Organic Search,desktop,3,24.0,18.0,0.0,0.0,0,Desktop Engaged
8005660040592987731,Referral,desktop,1,33.0,26.0,0.0,0.0,0,Desktop Engaged
8005996482635469170,Referral,desktop,2,13.0,12.5,0.0,0.0,0,Desktop Engaged
8006404712306518616,Organic Search,desktop,1,12.0,10.0,0.0,0.0,0,Desktop Engaged
8007300615127214527,Organic Search,desktop,4,9.5,7.0,0.0,0.25,1,Desktop Frecuente
8007463966328729062,Referral,desktop,3,2.0,2.0,0.3333333333333333,0.0,1,Desktop Frecuente
8007564628670829915,Referral,desktop,6,3.0,3.0,0.0,0.1666666666666666,1,Desktop Frecuente
8008212076718860277,Direct,desktop,5,13.0,11.0,0.0,0.6,1,Desktop Frecuente
8008255526797390672,Paid Search,desktop,2,22.0,17.5,0.0,0.0,0,Desktop Engaged
8008641986881155629,Referral,desktop,7,4.0,4.0,0.1428571428571428,0.0,1,Desktop Frecuente
8009185599443907717,Organic Search,desktop,1,13.0,13.0,0.0,1.0,2,Weekend Warriors
8009715103196438268,Paid Search,desktop,3,28.0,23.0,0.3333333333333333,0.0,0,Desktop Engaged
8010010692264835422,Organic Search,desktop,2,26.0,21.5,0.0,0.0,0,Desktop Engaged
8010547430526656952,Referral,desktop,1,37.0,30.0,0.0,0.0,0,Desktop Engaged
8010576269203179764,Direct,mobile,2,8.5,7.5,0.5,0.0,3,Mobile Users
8010758488625619131,Direct,mobile,6,4.0,4.0,0.1428571428571428,0.0,3,Mobile Users
8010924216301401271,Referral,desktop,1,40.0,31.0,0.0,0.0,0,Desktop Engaged
8012063331203949252,Organic Search,mobile,1,10.0,10.0,0.0,0.0,3,Mobile Users
8013293722895490429,Direct,desktop,4,1.5,1.5,0.5,0.0,1,Desktop Frecuente
8013820676715807864,Referral,desktop,3,18.0,15.0,0.0,0.0,0,Desktop Engaged
8013949568772685376,Organic Search,desktop,1,21.0,17.0,0.0,0.0,0,Desktop Engaged
8014231325557842899,Direct,desktop,1,15.0,13.0,0.0,0.0,0,Desktop Engaged
8015709468280846772,Social,desktop,2,90.5,61.0,0.0,0.0,0,Desktop Engaged
8016003971239765913,Referral,desktop,2,97.0,53.5,0.5,0.0,0,Desktop Engaged
8017023262781664041,Referral,desktop,2,15.5,13.0,0.0,0.0,0,Desktop Engaged
8017036388062220760,Referral,desktop,5,5.0,5.0,0.4,0.2,1,Desktop Frecuente
8017527495949351517,Organic Search,desktop,1,25.0,20.0,0.0,0.0,0,Desktop Engaged
8021466760366947417,Direct,tablet,1,11.0,11.0,0.0,1.0,3,Mobile Users
8021812938751479108,Referral,desktop,2,65.0,46.5,0.0,0.0,0,Desktop Engaged
8021862140607876556,Referral,desktop,5,27.0,16.0,0.2,0.0,1,Desktop Frecuente
8022178122812724446,Referral,desktop,9,7.0,7.0,0.2222222222222222,0.0,1,Desktop Frecuente
8023076116006253866,Referral,desktop,1,38.0,28.0,0.0,0.0,0,Desktop Engaged
8024330436349031408,Referral,desktop,1,37.0,33.0,0.0,0.0,0,Desktop Engaged
8025955470222388064,Referral,desktop,10,6.5,6.0,0.2,0.0,1,Desktop Frecuente
8028246032728562106,Organic Search,desktop,6,4.0,4.0,0.0,0.1666666666666666,1,Desktop Frecuente
8031899498943781745,Organic Search,desktop,1,52.0,39.0,0.0,0.0,0,Desktop Engaged
8031999310239628131,Organic Search,desktop,5,2.0,2.0,0.4,0.0,1,Desktop Frecuente
8035911212149258356,Referral,desktop,3,58.0,39.0,0.0,0.0,0,Desktop Engaged
8035947432073895250,Organic Search,desktop,19,4.0,3.0,0.2105263157894736,0.1052631578947368,1,Desktop Frecuente
8038666867803422742,Referral,desktop,2,25.5,19.0,0.0,0.0,0,Desktop Engaged
8039691484832064792,Referral,desktop,3,19.0,17.0,0.0,0.0,0,Desktop Engaged
8040137666683755877,Referral,desktop,1,17.0,17.0,0.0,0.0,0,Desktop Engaged
8043579389028466016,Organic Search,desktop,2,31.5,26.0,0.0,0.5,2,Weekend Warriors
8043915706646697572,Organic Search,desktop,2,9.5,9.0,0.0,0.0,1,Desktop Frecuente
8044382674941310486,Direct,desktop,2,9.0,8.0,0.5,0.0,1,Desktop Frecuente
8045269004501879316,Organic Search,desktop,11,4.0,4.0,0.3636363636363636,0.0,1,Desktop Frecuente
8045999471143993326,Organic Search,desktop,1,70.0,50.0,0.0,1.0,2,Weekend Warriors
8046340312937401767,Organic Search,desktop,1,51.0,41.0,0.0,1.0,2,Weekend Warriors
8046522402447421999,Direct,desktop,1,20.0,18.0,0.0,1.0,2,Weekend Warriors
8048940618687997612,Organic Search,desktop,2,31.0,27.0,0.0,0.0,0,Desktop Engaged
8049218142229066555,Direct,desktop,2,12.0,10.0,0.0,0.0,0,Desktop Engaged
8049773876871004000,Organic Search,desktop,15,11.0,9.0,0.0,0.2,1,Desktop Frecuente
8050215728371627574,Direct,desktop,1,17.0,16.0,0.0,1.0,2,Weekend Warriors
8050569800100708827,Referral,desktop,1,71.0,57.0,0.0,1.0,2,Weekend Warriors
8051330666155148777,Direct,desktop,1,78.0,59.0,0.0,0.0,0,Desktop Engaged
8053221637100558472,Referral,desktop,4,6.5,4.5,0.0,0.25,1,Desktop Frecuente
8053647597306727204,Direct,desktop,1,12.0,12.0,0.0,0.0,0,Desktop Engaged
8055493920613960551,Referral,desktop,2,13.0,11.0,0.5,0.0,1,Desktop Frecuente
8056549664540866656,Organic Search,desktop,4,7.0,6.0,0.0,0.0,1,Desktop Frecuente
8057532275605267740,Paid Search,desktop,1,40.0,35.0,0.0,0.0,0,Desktop Engaged
8057866608589119200,Referral,desktop,1,34.0,28.0,0.0,0.0,0,Desktop Engaged
8064218130870190860,Referral,desktop,1,27.0,27.0,0.0,0.0,0,Desktop Engaged
8064625150033508396,Referral,desktop,5,2.0,2.0,0.4,0.0,1,Desktop Frecuente
8064977824443969181,Organic Search,mobile,2,24.5,20.5,0.5,0.0,3,Mobile Users
8068061072215926350,Direct,mobile,2,22.0,16.0,0.0,0.0,3,Mobile Users
8070491504211007857,Direct,mobile,1,22.0,21.0,0.0,0.0,3,Mobile Users
8072259894939566931,Referral,desktop,3,12.0,10.0,0.0,0.0,1,Desktop Frecuente
8075224072994529269,Referral,desktop,2,19.5,15.0,0.0,0.5,2,Weekend Warriors
8076486872734382011,Organic Search,desktop,1,170.0,115.0,0.0,1.0,2,Weekend Warriors
8076506950151787875,Direct,desktop,5,16.0,12.0,0.0,0.4,1,Desktop Frecuente
8082342727738025464,Referral,desktop,3,25.0,19.0,0.0,0.0,0,Desktop Engaged
8082758848088829782,Organic Search,desktop,2,26.5,22.0,0.0,0.0,0,Desktop Engaged
8083032289819495499,Organic Search,desktop,1,19.0,17.0,0.0,1.0,2,Weekend Warriors
8084104839232710920,Direct,desktop,7,2.0,2.0,0.0,0.4285714285714285,1,Desktop Frecuente
8084853554695349186,Paid Search,desktop,2,38.5,29.5,0.0,0.5,2,Weekend Warriors
8085361834408938573,Organic Search,desktop,3,32.0,20.0,0.0,1.0,2,Weekend Warriors
8086463065346141262,Referral,desktop,1,70.0,65.0,0.0,0.0,0,Desktop Engaged
8086664765433445252,Referral,desktop,5,6.0,6.0,0.0,0.2,1,Desktop Frecuente
8091284002796565569,Organic Search,mobile,1,25.0,22.0,0.0,1.0,3,Mobile Users
8091479699447776041,Organic Search,desktop,8,6.5,5.0,0.125,0.0,1,Desktop Frecuente
8091819011425358061,Referral,desktop,2,27.5,23.0,0.0,0.0,0,Desktop Engaged
8092136662808852323,Direct,desktop,3,19.0,15.0,0.3333333333333333,0.0,1,Desktop Frecuente
8094760238858385378,Organic Search,desktop,2,16.0,13.0,0.5,0.0,1,Desktop Frecuente
8095534864331914505,Organic Search,desktop,14,6.0,3.5,0.2857142857142857,0.0,1,Desktop Frecuente
8096379746481186433,Referral,desktop,2,30.5,22.5,0.0,0.0,0,Desktop Engaged
8097586032450579868,Organic Search,mobile,3,2.0,2.0,0.3333333333333333,0.6666666666666666,3,Mobile Users
8099100389239339471,Referral,desktop,1,27.0,23.0,0.0,1.0,2,Weekend Warriors
8100515448851904856,Referral,desktop,3,14.0,14.0,0.0,0.0,1,Desktop Frecuente
8100569458779902192,Referral,desktop,1,55.0,35.0,0.0,0.0,0,Desktop Engaged
8100631432407926233,Organic Search,desktop,13,6.0,6.0,0.0,0.2307692307692307,1,Desktop Frecuente
8101107214208089371,Direct,mobile,2,15.0,11.0,0.0,0.0,3,Mobile Users
8101430633758381310,Direct,mobile,1,41.0,33.0,0.0,0.0,3,Mobile Users
8104799165934477164,Referral,desktop,2,40.0,27.5,0.0,0.0,0,Desktop Engaged
8106330885742872677,Referral,desktop,4,11.5,9.0,0.0,0.0,1,Desktop Frecuente
8106371628500226206,Organic Search,mobile,4,40.0,31.0,0.25,0.25,3,Mobile Users
8108485834336096648,Direct,desktop,2,13.0,11.0,0.0,0.0,0,Desktop Engaged
8116377874526572960,Organic Search,desktop,1,15.0,12.0,0.0,0.0,0,Desktop Engaged
8119248827866217059,Direct,desktop,1,41.0,34.0,0.0,0.0,0,Desktop Engaged
8122301832779303001,Direct,desktop,5,5.0,4.0,0.0,0.2,1,Desktop Frecuente
8122366843389255502,Organic Search,desktop,1,22.0,19.0,0.0,0.0,0,Desktop Engaged
8122533509308793130,Referral,desktop,4,10.0,8.0,0.0,0.25,1,Desktop Frecuente
8125338238269523095,Organic Search,desktop,8,12.0,10.0,0.25,0.0,1,Desktop Frecuente
8126969642632206178,Referral,desktop,2,22.0,17.5,0.0,0.0,0,Desktop Engaged
8128044276581168688,Referral,desktop,1,37.0,28.0,0.0,0.0,0,Desktop Engaged
8130587090166604598,Referral,desktop,15,10.0,7.0,0.0,0.0666666666666666,1,Desktop Frecuente
8130967170149576800,Direct,desktop,2,8.0,6.5,0.0,0.0,1,Desktop Frecuente
8131657665328866600,Referral,desktop,7,5.0,5.0,0.0,0.0,1,Desktop Frecuente
8131817196837005031,Organic Search,desktop,8,5.0,5.0,0.25,0.25,1,Desktop Frecuente
8133234491242505022,Referral,desktop,2,24.5,18.0,0.0,0.0,0,Desktop Engaged
8134457531307751744,Organic Search,desktop,2,12.0,11.5,0.0,1.0,2,Weekend Warriors
8134897928460794661,Direct,desktop,3,14.0,10.0,0.0,0.3333333333333333,1,Desktop Frecuente
8135224127864726768,Organic Search,tablet,1,21.0,20.0,0.0,1.0,3,Mobile Users
8136695157497866307,Referral,desktop,5,3.0,2.0,0.2,0.4,1,Desktop Frecuente
8139395515641968950,Referral,desktop,4,17.0,13.5,0.0,0.5,1,Desktop Frecuente
8140584468135962727,Paid Search,mobile,1,23.0,20.0,0.0,0.0,3,Mobile Users
8141749716169872712,Organic Search,desktop,11,2.0,2.0,0.3636363636363636,0.5454545454545454,1,Desktop Frecuente
8142635325699708577,Organic Search,mobile,6,3.0,3.0,0.3333333333333333,0.5,3,Mobile Users
8143826864916032135,Organic Search,desktop,1,33.0,21.0,0.0,1.0,2,Weekend Warriors
8144887345147571750,Referral,desktop,3,18.0,16.0,0.0,0.0,0,Desktop Engaged
8145163960852754604,Organic Search,desktop,2,9.0,8.5,0.5,0.0,1,Desktop Frecuente
8146644046556936641,Referral,desktop,5,13.0,10.0,0.0,0.2,1,Desktop Frecuente
8147013538583336125,Organic Search,desktop,2,55.0,39.5,0.0,1.0,2,Weekend Warriors
8147175075790536758,Organic Search,desktop,3,12.0,12.0,0.3333333333333333,0.0,1,Desktop Frecuente
8149619824926013783,Direct,mobile,3,4.0,3.0,0.3333333333333333,0.0,3,Mobile Users
8149979272084433494,Direct,mobile,1,14.0,14.0,0.0,0.0,3,Mobile Users
8150757985945162593,Referral,desktop,1,52.0,42.0,0.0,0.0,0,Desktop Engaged
8151349247637576196,Referral,desktop,2,29.5,22.0,0.0,0.0,0,Desktop Engaged
8151896772745241193,Organic Search,mobile,3,44.0,36.0,0.0,0.0,3,Mobile Users
8151988731272450660,Referral,desktop,5,34.0,27.0,0.2,0.2,1,Desktop Frecuente
8153111037173030058,Referral,desktop,3,6.0,4.0,0.0,0.0,1,Desktop Frecuente
8154133792067968045,Referral,desktop,1,29.0,24.0,0.0,0.0,0,Desktop Engaged
8154318582372771955,Organic Search,desktop,1,23.0,23.0,0.0,1.0,2,Weekend Warriors
8154924519171024692,Referral,desktop,5,3.0,3.0,0.0,0.4,1,Desktop Frecuente
8155859003876028076,Organic Search,desktop,1,14.0,14.0,0.0,1.0,2,Weekend Warriors
8156693537451506265,Referral,desktop,2,26.0,20.0,0.0,0.0,0,Desktop Engaged
8160024468956674004,Organic Search,desktop,3,3.0,3.0,0.0,0.3333333333333333,1,Desktop Frecuente
8160051185492681700,Referral,desktop,8,6.0,5.5,0.25,0.0,1,Desktop Frecuente
8160942479431419810,Organic Search,desktop,4,75.5,52.5,0.0,0.0,0,Desktop Engaged
8161117182595468101,Display,desktop,3,5.0,5.0,0.0,0.0,1,Desktop Frecuente
8161635015929084485,Direct,desktop,2,41.5,31.5,0.0,0.5,2,Weekend Warriors
8163699947659294653,Referral,desktop,4,9.0,8.0,0.0,0.75,1,Desktop Frecuente
8166898430517779079,Organic Search,desktop,3,53.0,40.0,0.3333333333333333,1.0,2,Weekend Warriors
8167811292026269962,Paid Search,tablet,4,6.5,6.0,0.25,0.0,3,Mobile Users
8168437595738289713,Organic Search,mobile,2,9.5,9.0,0.0,0.0,3,Mobile Users
8169305932397665890,Referral,desktop,4,11.5,10.0,0.0,0.25,1,Desktop Frecuente
8171725495673246334,Direct,desktop,3,23.0,21.0,0.0,0.0,0,Desktop Engaged
8174855155412050430,Organic Search,desktop,2,29.0,23.0,0.0,0.0,0,Desktop Engaged
8176423825601532068,Organic Search,desktop,2,18.5,16.5,0.0,1.0,2,Weekend Warriors
8177926454449055094,Organic Search,desktop,1,46.0,39.0,0.0,1.0,2,Weekend Warriors
8180841505813977197,Referral,desktop,8,6.5,5.5,0.25,0.0,1,Desktop Frecuente
8180992226439641389,Direct,desktop,3,58.0,36.0,0.0,0.3333333333333333,0,Desktop Engaged
8181960330163795224,Organic Search,mobile,5,4.0,4.0,0.2,0.4,3,Mobile Users
8182918671103013679,Organic Search,desktop,12,9.0,6.0,0.4166666666666667,0.0833333333333333,1,Desktop Frecuente
8183327679520713401,Referral,desktop,5,7.0,4.0,0.2,0.0,1,Desktop Frecuente
8183717083474081265,Referral,desktop,1,52.0,40.0,0.0,0.0,0,Desktop Engaged
8184421504690024643,Direct,desktop,2,11.5,11.0,0.0,0.0,0,Desktop Engaged
8185162201902372556,Organic Search,desktop,1,12.0,12.0,0.0,0.0,0,Desktop Engaged
8186007457246709564,Organic Search,desktop,1,15.0,12.0,0.0,0.0,0,Desktop Engaged
8186865458665389919,Referral,desktop,2,18.0,16.5,0.0,0.0,0,Desktop Engaged
8188622413153223313,Direct,desktop,3,2.0,2.0,0.3333333333333333,0.0,1,Desktop Frecuente
8190060652712453472,Referral,desktop,4,24.5,20.5,0.25,0.0,1,Desktop Frecuente
8190690604112443321,Referral,desktop,6,2.0,2.0,0.3333333333333333,0.1666666666666666,1,Desktop Frecuente
8191371294306245008,Organic Search,desktop,7,9.0,8.0,0.0,0.1428571428571428,1,Desktop Frecuente
8192111433963330892,Direct,desktop,2,25.5,18.0,0.0,0.0,0,Desktop Engaged
8192167653246147286,Organic Search,desktop,1,15.0,11.0,0.0,0.0,0,Desktop Engaged
8194948038979976753,Referral,desktop,5,5.0,5.0,0.2,0.0,1,Desktop Frecuente
8195115218682006813,Organic Search,mobile,3,6.0,6.0,0.0,0.6666666666666666,3,Mobile Users
8195647791855576548,Organic Search,desktop,1,20.0,16.0,0.0,0.0,0,Desktop Engaged
8195906230937173122,Organic Search,desktop,1,46.0,33.0,0.0,1.0,2,Weekend Warriors
8196143996234418692,Organic Search,desktop,6,10.5,8.5,0.1666666666666666,0.0,1,Desktop Frecuente
8197492801805308758,Referral,desktop,2,11.0,9.0,0.0,0.0,0,Desktop Engaged
8197613511305133207,Direct,desktop,5,19.0,15.0,0.0,0.0,1,Desktop Frecuente
8197879643797712877,Organic Search,desktop,41,11.0,10.0,0.0975609756097561,0.3170731707317073,1,Desktop Frecuente
8198013259158335287,Paid Search,desktop,1,21.0,18.0,0.0,0.0,0,Desktop Engaged
8198644197116666636,Direct,desktop,2,13.0,12.5,0.0,0.0,0,Desktop Engaged
8198803929635342057,Organic Search,tablet,2,9.0,8.0,0.0,1.0,3,Mobile Users
8199120863421740501,Direct,mobile,7,5.0,5.0,0.2857142857142857,0.4285714285714285,3,Mobile Users
8199640753422534996,Social,desktop,1,39.0,33.0,0.0,0.0,0,Desktop Engaged
8199856575540889245,Referral,desktop,2,33.5,27.0,0.0,0.0,0,Desktop Engaged
8200024559872067967,Social,desktop,5,7.0,6.0,0.2,0.0,1,Desktop Frecuente
8200223105926163583,Organic Search,desktop,9,35.0,27.0,0.0,0.4444444444444444,1,Desktop Frecuente
8201898397843285921,Organic Search,desktop,1,23.0,20.0,0.0,0.0,0,Desktop Engaged
8202033545025881863,Direct,mobile,2,13.5,11.5,0.0,0.0,3,Mobile Users
8202091295920976223,Organic Search,desktop,3,6.0,4.0,0.0,0.0,1,Desktop Frecuente
8202388090302209552,Referral,desktop,3,6.0,6.0,0.3333333333333333,0.0,1,Desktop Frecuente
8202495144218667422,Social,desktop,3,7.0,6.0,0.0,0.0,1,Desktop Frecuente
8202507786150001667,Referral,desktop,6,8.5,8.5,0.0,0.5,1,Desktop Frecuente
8203412351715832620,Organic Search,desktop,1,18.0,17.0,0.0,0.0,0,Desktop Engaged
8204948786772799314,Referral,desktop,4,5.0,5.0,0.0,0.0,1,Desktop Frecuente
8205269849536680674,Referral,desktop,6,18.5,13.5,0.1666666666666666,0.3333333333333333,1,Desktop Frecuente
8206950109524998366,Referral,desktop,2,11.0,10.0,0.0,0.0,0,Desktop Engaged
8207927310589023961,Organic Search,desktop,2,17.0,15.0,0.0,0.0,0,Desktop Engaged
8209858673242465448,Direct,desktop,5,7.0,7.0,0.0,0.0,1,Desktop Frecuente
8209866700423757600,Direct,desktop,3,30.0,23.0,0.0,0.3333333333333333,0,Desktop Engaged
8214456767333378973,Referral,desktop,2,71.0,53.0,0.0,1.0,2,Weekend Warriors
8214783832710678228,Referral,desktop,2,16.0,14.0,0.0,0.0,0,Desktop Engaged
8216610377778696054,Referral,desktop,7,15.0,13.0,0.1428571428571428,0.0,1,Desktop Frecuente
8217878044942948307,Referral,desktop,1,82.0,54.0,0.0,0.0,0,Desktop Engaged
8219922685567782284,Referral,desktop,3,10.0,10.0,0.0,0.0,1,Desktop Frecuente
8220211701749350854,Paid Search,desktop,8,3.5,3.5,0.0,0.375,1,Desktop Frecuente
8220379117418201763,Paid Search,desktop,3,2.0,2.0,0.3333333333333333,0.3333333333333333,1,Desktop Frecuente
8221116605801885969,Organic Search,mobile,2,73.0,54.5,0.5,0.5,3,Mobile Users
8221394973703658443,Referral,desktop,4,10.5,10.0,0.25,0.0,1,Desktop Frecuente
8223058588270427668,Organic Search,desktop,9,8.0,8.0,0.1111111111111111,0.1111111111111111,1,Desktop Frecuente
8224029032220919338,Organic Search,tablet,3,1.0,1.0,0.6666666666666666,0.6666666666666666,3,Mobile Users
8229626512664616626,Referral,desktop,3,4.0,4.0,0.3333333333333333,0.0,1,Desktop Frecuente
8230689683989624083,Referral,desktop,5,7.0,7.0,0.0,0.0,1,Desktop Frecuente
8232554790596957878,Organic Search,desktop,3,14.0,8.0,0.0,0.0,0,Desktop Engaged
8232947695089161227,Referral,desktop,9,17.0,12.0,0.3333333333333333,0.0,1,Desktop Frecuente
8235813332821262003,Organic Search,mobile,2,17.5,14.5,0.5,0.0,3,Mobile Users
8236596587023469511,Organic Search,desktop,1,22.0,20.0,0.0,0.0,0,Desktop Engaged
8239546374178075911,Organic Search,desktop,6,3.5,3.5,0.1666666666666666,0.3333333333333333,1,Desktop Frecuente
8239665320308157318,Direct,tablet,3,8.0,8.0,0.3333333333333333,0.0,3,Mobile Users
8239950188993198154,Direct,desktop,2,21.0,16.0,0.0,0.5,2,Weekend Warriors
8241534264339644155,Direct,tablet,1,16.0,15.0,0.0,0.0,3,Mobile Users
8242635814734201197,Referral,desktop,4,7.0,6.0,0.0,0.0,1,Desktop Frecuente
8243678505312262823,Referral,desktop,2,19.0,14.5,0.0,0.0,0,Desktop Engaged
8245766833729280200,Direct,desktop,3,17.0,15.0,0.0,0.6666666666666666,2,Weekend Warriors
8246185970156821721,Organic Search,desktop,1,20.0,14.0,0.0,0.0,0,Desktop Engaged
8247388453936975366,Direct,desktop,3,3.0,3.0,0.0,0.0,1,Desktop Frecuente
8247997741428369490,Organic Search,mobile,1,34.0,30.0,0.0,0.0,3,Mobile Users
8250431010473509037,Referral,desktop,4,13.0,9.5,0.25,0.0,1,Desktop Frecuente
8250541234138796403,Organic Search,desktop,1,41.0,30.0,0.0,1.0,2,Weekend Warriors
8251114110522799892,Direct,desktop,5,2.0,2.0,0.4,0.2,1,Desktop Frecuente
8253742246691621007,Referral,desktop,4,9.5,8.5,0.0,0.0,1,Desktop Frecuente
8256695624571036150,Organic Search,desktop,4,11.5,8.5,0.0,0.0,1,Desktop Frecuente
8258605994436403442,Direct,desktop,11,7.0,7.0,0.0909090909090909,0.0,1,Desktop Frecuente
8259120017511248267,Direct,mobile,1,38.0,30.0,0.0,0.0,3,Mobile Users
8259756799557639912,Organic Search,desktop,7,7.0,7.0,0.1428571428571428,0.4285714285714285,1,Desktop Frecuente
8261368202596858055,Referral,desktop,7,7.0,7.0,0.0,0.1428571428571428,1,Desktop Frecuente
8261782903617301297,Referral,desktop,2,4.5,4.5,0.5,0.5,1,Desktop Frecuente
8263279530140831487,Referral,desktop,1,27.0,24.0,0.0,0.0,0,Desktop Engaged
8263537717482235288,Direct,desktop,1,41.0,35.0,0.0,0.0,0,Desktop Engaged
8264774401325439003,Referral,desktop,3,24.0,19.0,0.0,0.0,0,Desktop Engaged
8264857327019911007,Direct,desktop,1,10.0,10.0,0.0,0.0,0,Desktop Engaged
8264946937115630193,Referral,desktop,6,6.5,5.5,0.1666666666666666,0.0,1,Desktop Frecuente
8265320001557604227,Direct,desktop,1,11.0,11.0,0.0,1.0,2,Weekend Warriors
8269418639715927246,Referral,desktop,3,7.0,5.0,0.0,0.3333333333333333,1,Desktop Frecuente
8270496199036468990,Direct,desktop,1,27.0,21.0,0.0,0.0,0,Desktop Engaged
8271448463691293767,Referral,desktop,2,9.5,9.5,0.0,0.0,1,Desktop Frecuente
8273781557413173066,Organic Search,desktop,1,31.0,27.0,0.0,0.0,0,Desktop Engaged
8274025609481813813,Direct,desktop,1,37.0,29.0,0.0,1.0,2,Weekend Warriors
8274198779829884845,Referral,desktop,2,10.0,8.5,0.0,0.0,1,Desktop Frecuente
8274321599109591674,Direct,desktop,2,11.5,9.5,0.0,0.0,0,Desktop Engaged
8276434531874543884,Referral,desktop,6,2.5,2.5,0.3333333333333333,0.0,1,Desktop Frecuente
8277644417832306861,Direct,mobile,1,21.0,18.0,0.0,0.0,3,Mobile Users
8277648855078565042,Paid Search,desktop,2,17.5,14.5,0.0,0.0,0,Desktop Engaged
8277697496987047439,Referral,desktop,4,1.5,1.5,0.5,0.0,1,Desktop Frecuente
8280304533450595822,Organic Search,desktop,7,25.0,10.0,0.2857142857142857,0.1428571428571428,1,Desktop Frecuente
8281062230897695095,Direct,desktop,1,7.0,7.0,0.0,0.0,0,Desktop Engaged
8282958596112476816,Referral,desktop,5,7.0,5.0,0.0,0.0,1,Desktop Frecuente
8284311607531582308,Referral,desktop,2,16.5,14.0,0.0,0.0,0,Desktop Engaged
8284519161511719385,Direct,desktop,2,19.0,13.5,0.0,0.0,0,Desktop Engaged
8284521095885214097,Referral,desktop,3,19.0,15.0,0.0,0.0,0,Desktop Engaged
8286146551540018170,Organic Search,tablet,1,33.0,26.0,0.0,1.0,3,Mobile Users
8286582297172880189,Referral,desktop,3,24.0,20.0,0.0,0.0,0,Desktop Engaged
8287144117447582539,Referral,desktop,14,1.0,1.0,0.7142857142857143,0.0714285714285714,1,Desktop Frecuente
8287454401511660857,Referral,desktop,1,22.0,16.0,0.0,0.0,0,Desktop Engaged
8289823105768261598,Paid Search,tablet,3,8.0,7.0,0.25,0.5,3,Mobile Users
8292732469404938023,Organic Search,desktop,1,22.0,19.0,0.0,1.0,2,Weekend Warriors
8292770276291302207,Referral,desktop,1,85.0,65.0,0.0,0.0,0,Desktop Engaged
8293473430179141537,Referral,desktop,2,32.0,24.5,0.0,0.5,2,Weekend Warriors
8293848749722274504,Direct,desktop,1,13.0,11.0,0.0,0.0,0,Desktop Engaged
8299140226607408492,Referral,desktop,1,60.0,42.0,0.0,0.0,0,Desktop Engaged
8299318210630907459,Organic Search,desktop,1,28.0,23.0,0.0,0.0,0,Desktop Engaged
8303034258831697366,Referral,desktop,1,20.0,16.0,0.0,0.0,0,Desktop Engaged
8303950448649190197,Organic Search,desktop,2,19.0,17.5,0.0,0.0,0,Desktop Engaged
8304708431281283442,Paid Search,desktop,10,4.5,4.5,0.2,0.0,1,Desktop Frecuente
8305324219354284523,Direct,mobile,4,1.0,1.0,0.75,0.0,3,Mobile Users
8305810804832778221,Referral,desktop,3,2.0,2.0,0.3333333333333333,0.3333333333333333,1,Desktop Frecuente
8308144532481482080,Organic Search,desktop,5,5.0,3.0,0.0,0.0,1,Desktop Frecuente
8309271673651230831,Organic Search,tablet,2,12.5,10.5,0.5,0.5,3,Mobile Users
8312034469464405386,Referral,desktop,3,20.0,16.0,0.0,0.0,0,Desktop Engaged
8314880454483296591,Referral,desktop,1,13.0,13.0,0.0,0.0,0,Desktop Engaged
8317219000040874325,Referral,desktop,1,31.0,25.0,0.0,0.0,0,Desktop Engaged
8317479792403140471,Direct,desktop,2,20.5,9.5,0.0,0.0,0,Desktop Engaged
8317551596049231910,Referral,desktop,1,51.0,42.0,0.0,0.0,0,Desktop Engaged
8320651005755602125,Organic Search,mobile,1,48.0,37.0,0.0,0.0,3,Mobile Users
8321566838784998459,Organic Search,mobile,1,19.0,18.0,0.0,0.0,3,Mobile Users
8322523238552417357,Organic Search,mobile,2,43.5,34.0,0.5,0.0,3,Mobile Users
8322693232285500367,Direct,desktop,4,6.5,5.5,0.0,0.0,1,Desktop Frecuente
8322927237499215008,Referral,desktop,1,42.0,31.0,0.0,0.0,0,Desktop Engaged
8323502191714564898,Organic Search,desktop,2,32.0,23.0,0.0,0.0,0,Desktop Engaged
8325952063826402508,Organic Search,desktop,1,21.0,19.0,0.0,0.0,0,Desktop Engaged
8326216661433256672,Organic Search,desktop,8,7.5,6.5,0.125,0.0,1,Desktop Frecuente
8326820908618038040,Referral,desktop,5,7.0,7.0,0.0,0.0,1,Desktop Frecuente
8328595660449582446,Referral,desktop,4,19.0,18.0,0.0,0.25,1,Desktop Frecuente
8329981880354676608,Referral,desktop,10,4.5,4.5,0.0,0.2,1,Desktop Frecuente
8330472429404648819,Organic Search,desktop,1,95.0,73.0,0.0,0.0,0,Desktop Engaged
8332045142663298061,Referral,desktop,2,34.0,28.0,0.0,0.5,2,Weekend Warriors
8336976483259265727,Organic Search,desktop,2,55.0,40.5,0.0,0.0,0,Desktop Engaged
8337573900775639838,Organic Search,desktop,8,8.5,6.0,0.25,0.875,1,Desktop Frecuente
8339039424154298019,Organic Search,desktop,1,46.0,32.0,0.0,0.0,0,Desktop Engaged
8340067970218842770,Referral,desktop,3,4.0,4.0,0.3333333333333333,0.0,1,Desktop Frecuente
8341750475034482580,Organic Search,desktop,1,34.0,28.0,0.0,0.0,0,Desktop Engaged
8342494724781210773,Direct,mobile,1,11.0,11.0,0.0,0.0,3,Mobile Users
8343235523660453315,Referral,desktop,2,66.0,47.0,0.0,0.0,0,Desktop Engaged
8344446393157130768,Referral,desktop,6,5.5,5.5,0.1666666666666666,0.0,1,Desktop Frecuente
8345665415010586104,Direct,desktop,1,9.0,8.0,0.0,0.0,0,Desktop Engaged
8346636224920881105,Referral,desktop,1,12.0,11.0,0.0,0.0,0,Desktop Engaged
8347411219100561915,Referral,desktop,2,37.0,29.5,0.0,0.0,0,Desktop Engaged
8347525570641445794,Organic Search,desktop,1,16.0,16.0,0.0,0.0,0,Desktop Engaged
8349616493393634157,Referral,desktop,4,10.0,8.5,0.0,0.25,1,Desktop Frecuente
8354297261063065972,Social,desktop,1,51.0,39.0,0.0,1.0,2,Weekend Warriors
8355420463503976615,Organic Search,desktop,1,41.0,35.0,0.0,0.0,0,Desktop Engaged
8355761719753398617,Organic Search,desktop,3,2.0,2.0,0.0,0.0,1,Desktop Frecuente
8359659445596139520,Direct,mobile,6,7.0,6.5,0.3333333333333333,0.0,3,Mobile Users
8360090579788961221,Referral,desktop,1,36.0,23.0,0.0,0.0,0,Desktop Engaged
8361920675798597013,Organic Search,desktop,9,3.0,3.0,0.3333333333333333,0.1111111111111111,1,Desktop Frecuente
8362006336780022993,Organic Search,desktop,2,11.5,11.5,0.0,0.0,0,Desktop Engaged
8362548980861988572,Organic Search,desktop,1,45.0,35.0,0.0,0.0,0,Desktop Engaged
8363178793377014434,Referral,desktop,2,6.5,6.5,0.5,0.0,1,Desktop Frecuente
8364082612050395902,Referral,desktop,4,10.0,9.0,0.0,0.5,1,Desktop Frecuente
8367206066214183736,Referral,desktop,1,26.0,22.0,0.0,0.0,0,Desktop Engaged
8369998346550362748,Organic Search,desktop,9,9.0,5.0,0.2222222222222222,0.0,1,Desktop Frecuente
8373484914224526482,Referral,desktop,3,7.0,7.0,0.0,0.3333333333333333,1,Desktop Frecuente
8375075536798804409,Referral,desktop,2,17.5,14.0,0.0,0.0,0,Desktop Engaged
8376588599505232518,Referral,desktop,5,5.0,5.0,0.2,0.2,1,Desktop Frecuente
8377041631259444171,Referral,desktop,1,39.0,28.0,0.0,0.0,0,Desktop Engaged
8378544677792713974,Organic Search,desktop,2,12.5,11.5,0.0,0.0,0,Desktop Engaged
8379398938146461034,Referral,desktop,4,4.0,4.0,0.0,0.0,1,Desktop Frecuente
8379929056656388083,Referral,desktop,5,7.0,7.0,0.0,0.2,1,Desktop Frecuente
8380198705718952326,Organic Search,desktop,2,15.5,12.5,0.0,1.0,2,Weekend Warriors
8380542931232724976,Organic Search,desktop,5,100.0,59.0,0.0,0.4,0,Desktop Engaged
8380758485176387749,Direct,mobile,1,11.0,9.0,0.0,0.0,3,Mobile Users
8382560140451028355,Display,desktop,1,49.0,44.0,0.0,0.0,0,Desktop Engaged
8383482005458166982,Paid Search,desktop,2,22.0,20.0,0.0,0.0,0,Desktop Engaged
8386005360264400934,Organic Search,desktop,5,12.0,7.0,0.0,0.0,1,Desktop Frecuente
8386027227055813361,Organic Search,desktop,1,22.0,21.0,0.0,1.0,2,Weekend Warriors
8386561909318064795,Organic Search,desktop,1,60.0,46.0,0.0,0.0,0,Desktop Engaged
8386920340998668390,Direct,desktop,5,10.0,8.0,0.0,0.0,1,Desktop Frecuente
8388229339863885796,Direct,desktop,2,27.5,18.5,0.5,0.0,0,Desktop Engaged
8388599810336818038,Direct,mobile,5,7.0,6.0,0.4,0.2,3,Mobile Users
8389155277807224818,Direct,desktop,8,7.5,5.5,0.375,0.0,1,Desktop Frecuente
8389503850023713567,Organic Search,desktop,3,12.0,8.0,0.0,0.3333333333333333,1,Desktop Frecuente
8390158103120899776,Referral,desktop,6,32.0,21.0,0.0,0.0,0,Desktop Engaged
8391920835379946793,Paid Search,desktop,2,20.0,14.0,0.5,0.5,2,Weekend Warriors
8392868908637772371,Referral,desktop,6,14.0,11.5,0.0,0.0,1,Desktop Frecuente
8395347447837292340,Social,desktop,2,7.5,7.0,0.0,0.0,1,Desktop Frecuente
8396381914798990516,Direct,desktop,1,25.0,22.0,0.0,0.0,0,Desktop Engaged
8398495866792940081,Organic Search,desktop,7,19.0,15.0,0.0,0.2857142857142857,1,Desktop Frecuente
8399546162159355177,Direct,desktop,4,5.5,3.5,0.5,0.0,1,Desktop Frecuente
8400614529378971785,Organic Search,desktop,2,11.5,10.5,0.0,0.0,0,Desktop Engaged
8401094161048767375,Referral,desktop,3,29.0,23.0,0.0,0.3333333333333333,0,Desktop Engaged
8401651010663630290,Direct,desktop,1,13.0,13.0,0.0,0.0,0,Desktop Engaged
8402073479422206756,Organic Search,desktop,1,18.0,14.0,0.0,0.0,0,Desktop Engaged
8402574004959447870,Direct,desktop,2,32.5,28.5,0.0,0.5,2,Weekend Warriors
8403641595081021765,Direct,mobile,1,26.0,20.0,0.0,1.0,3,Mobile Users
8403832218630129304,Referral,desktop,1,52.0,40.0,0.0,0.0,0,Desktop Engaged
8403870234646174771,Organic Search,desktop,2,9.5,8.5,0.5,0.5,1,Desktop Frecuente
8404908998499788213,Organic Search,desktop,2,24.5,19.0,0.0,0.0,0,Desktop Engaged
8406359927975063956,Paid Search,desktop,1,32.0,26.0,0.0,0.0,0,Desktop Engaged
8407892564585684135,Organic Search,desktop,3,1.0,1.0,0.6666666666666666,0.0,1,Desktop Frecuente
8410351216723895628,Organic Search,desktop,1,88.0,73.0,0.0,0.0,0,Desktop Engaged
8410353231365247459,Referral,desktop,6,14.5,11.0,0.1666666666666666,0.1666666666666666,1,Desktop Frecuente
8413068470512078084,Organic Search,desktop,19,4.0,3.0,0.1052631578947368,0.0526315789473684,1,Desktop Frecuente
8414559574499268646,Referral,desktop,7,17.0,12.0,0.0,0.0,1,Desktop Frecuente
8415446163496582729,Referral,desktop,5,6.0,6.0,0.0,0.2,1,Desktop Frecuente
8417202623298662742,Direct,desktop,2,43.0,32.5,0.0,0.0,0,Desktop Engaged
8420677006492094603,Organic Search,desktop,1,18.0,18.0,0.0,0.0,0,Desktop Engaged
8421245050853915723,Referral,desktop,1,20.0,16.0,0.0,0.0,0,Desktop Engaged
8423222760928681011,Referral,desktop,1,31.0,26.0,0.0,0.0,0,Desktop Engaged
8424419632246672447,Organic Search,mobile,4,9.0,8.5,0.0,0.0,3,Mobile Users
8428387378868441998,Display,desktop,1,51.0,39.0,0.0,0.0,0,Desktop Engaged
8429032125086378862,Organic Search,desktop,4,10.0,10.0,0.0,0.0,1,Desktop Frecuente
8429653225633075806,Organic Search,desktop,3,3.0,3.0,0.0,1.0,1,Desktop Frecuente
8430163495777040605,Referral,desktop,1,15.0,13.0,0.0,0.0,0,Desktop Engaged
8430240768850820716,Referral,desktop,9,24.0,7.0,0.1111111111111111,0.0,0,Desktop Engaged
8431629828870913172,Organic Search,desktop,1,19.0,15.0,0.0,1.0,2,Weekend Warriors
8431948372603091644,Paid Search,desktop,3,22.0,18.0,0.0,0.0,0,Desktop Engaged
8432434567618305534,Organic Search,desktop,1,58.0,50.0,0.0,0.0,0,Desktop Engaged
8434433458217392549,Referral,desktop,5,8.0,8.0,0.0,0.0,1,Desktop Frecuente
8434622228747679141,Referral,desktop,3,31.0,19.0,0.0,0.0,0,Desktop Engaged
8436111518276224123,Organic Search,desktop,2,26.5,20.5,0.0,0.0,0,Desktop Engaged
8436426603099391262,Referral,desktop,34,9.5,8.0,0.1764705882352941,0.1176470588235294,1,Desktop Frecuente
8436822453341818983,Referral,desktop,2,29.5,20.0,0.0,0.0,0,Desktop Engaged
8437936763415718280,Referral,desktop,2,14.0,12.0,0.0,0.0,0,Desktop Engaged
8439747176401083617,Referral,desktop,4,13.0,11.0,0.0,0.0,1,Desktop Frecuente
8439876649327753892,Referral,desktop,3,20.0,14.0,0.0,0.0,0,Desktop Engaged
8441639142548296911,Referral,desktop,6,9.0,8.0,0.1666666666666666,0.0,1,Desktop Frecuente
8441678566500031275,Referral,desktop,3,3.0,3.0,0.0,0.0,1,Desktop Frecuente
8442346211640991096,Organic Search,desktop,4,8.0,6.5,0.0,0.0,1,Desktop Frecuente
8443643406410739523,Organic Search,desktop,8,16.5,12.5,0.125,0.0,1,Desktop Frecuente
8444517007698550437,Direct,desktop,3,6.0,3.0,0.3333333333333333,0.0,1,Desktop Frecuente
8444725132150789814,Referral,desktop,6,8.0,7.0,0.3333333333333333,0.0,1,Desktop Frecuente
8445452821576503914,Organic Search,desktop,1,14.0,12.0,0.0,0.0,0,Desktop Engaged
8445777031468826793,Organic Search,desktop,2,16.5,13.0,0.0,0.0,0,Desktop Engaged
8445874485122538874,Direct,desktop,1,18.0,16.0,0.0,1.0,2,Weekend Warriors
8447888804841685731,Organic Search,desktop,1,45.0,36.0,0.0,0.0,0,Desktop Engaged
8452979952112356529,Organic Search,desktop,9,8.0,8.0,0.0,0.4444444444444444,1,Desktop Frecuente
8454863669635317148,Organic Search,desktop,3,5.0,5.0,0.3333333333333333,0.3333333333333333,1,Desktop Frecuente
8455273438163563940,Organic Search,mobile,1,27.0,22.0,0.0,0.0,3,Mobile Users
8458146080792747296,Referral,desktop,3,11.0,9.0,0.0,0.0,1,Desktop Frecuente
8458243418330971612,Direct,desktop,1,37.0,26.0,0.0,0.0,0,Desktop Engaged
8459417204266603118,Referral,desktop,2,22.0,18.5,0.0,0.0,0,Desktop Engaged
8461110695299432015,Direct,desktop,11,2.0,2.0,0.3636363636363636,0.1818181818181818,1,Desktop Frecuente
8461125385427313402,Direct,desktop,3,7.0,5.0,0.3333333333333333,0.3333333333333333,1,Desktop Frecuente
8461560860601581176,Referral,desktop,2,9.0,8.0,0.0,0.5,1,Desktop Frecuente
8461696435976971245,Organic Search,desktop,5,8.0,8.0,0.0,0.0,1,Desktop Frecuente
8462260515362907602,Organic Search,desktop,3,7.0,5.0,0.0,0.3333333333333333,1,Desktop Frecuente
8466555030941163716,Referral,desktop,6,5.0,5.0,0.0,0.0,1,Desktop Frecuente
8467055724490997486,Organic Search,mobile,1,15.0,13.0,0.0,0.0,3,Mobile Users
8467075594022086226,Referral,desktop,1,35.0,33.0,0.0,0.0,0,Desktop Engaged
8467482024221985291,Referral,desktop,1,78.0,52.0,0.0,0.0,0,Desktop Engaged
8470869758522183123,Organic Search,mobile,6,1.5,1.5,0.5,0.6666666666666666,3,Mobile Users
8471635860223602848,Organic Search,desktop,6,16.5,13.5,0.0,0.0,1,Desktop Frecuente
8473691589953838175,Organic Search,desktop,3,13.0,10.0,0.0,0.0,1,Desktop Frecuente
8474121815405616583,Organic Search,desktop,1,84.0,59.0,0.0,0.0,0,Desktop Engaged
8474234016850664643,Organic Search,tablet,1,28.0,23.0,0.0,1.0,3,Mobile Users
8475830242904550241,Referral,desktop,3,2.0,2.0,0.0,0.0,1,Desktop Frecuente
8477265213767844589,Referral,desktop,4,8.5,6.5,0.5,0.0,1,Desktop Frecuente
8477845554065299759,Organic Search,desktop,3,30.0,21.0,0.0,0.0,0,Desktop Engaged
8478498564954638951,Direct,desktop,2,17.0,14.5,0.0,0.0,0,Desktop Engaged
8479157276312488883,Referral,desktop,10,5.5,5.0,0.0,0.0,1,Desktop Frecuente
8481119688738735207,Referral,desktop,5,9.0,9.0,0.0,0.0,1,Desktop Frecuente
8481378651104296608,Referral,desktop,4,8.0,6.0,0.0,0.0,1,Desktop Frecuente
8482358096465271237,Organic Search,desktop,8,17.5,16.0,0.0,0.0,1,Desktop Frecuente
8484431848057067080,Referral,desktop,1,41.0,24.0,0.0,0.0,0,Desktop Engaged
8485421393652582878,Direct,desktop,3,18.0,17.0,0.3333333333333333,0.0,1,Desktop Frecuente
8487348999733948081,Organic Search,desktop,3,11.0,8.0,0.0,0.0,1,Desktop Frecuente
8487502385460057220,Organic Search,desktop,2,19.0,16.5,0.0,0.0,0,Desktop Engaged
8487665150986176710,Organic Search,mobile,2,13.5,11.0,0.5,0.0,3,Mobile Users
8488247280044091366,Referral,desktop,4,14.0,12.0,0.0,0.0,1,Desktop Frecuente
8488955366649910156,Direct,desktop,1,46.0,36.0,0.0,0.0,0,Desktop Engaged
8489033194414810248,Organic Search,desktop,2,14.0,12.0,0.0,0.0,0,Desktop Engaged
8489866858804913505,Direct,desktop,2,17.0,15.0,0.0,0.0,0,Desktop Engaged
8490904732170914595,Organic Search,desktop,3,18.0,14.0,0.0,0.3333333333333333,0,Desktop Engaged
8491796434246453900,Organic Search,desktop,2,27.0,20.5,0.0,0.0,0,Desktop Engaged
8493357153364319748,Referral,desktop,3,15.0,13.0,0.0,0.0,1,Desktop Frecuente
8495435396140444674,Direct,desktop,2,15.5,15.0,0.0,0.0,0,Desktop Engaged
8496471110769354816,Organic Search,desktop,3,3.0,3.0,0.0,0.3333333333333333,1,Desktop Frecuente
8496641076182253278,Organic Search,desktop,1,26.0,23.0,0.0,1.0,2,Weekend Warriors
8501985399565493808,Paid Search,desktop,5,3.0,3.0,0.4,0.0,1,Desktop Frecuente
8502947184347760637,Referral,desktop,1,27.0,23.0,0.0,0.0,0,Desktop Engaged
8503170994445052294,Referral,desktop,1,22.0,17.0,0.0,0.0,0,Desktop Engaged
8504210729882302627,Organic Search,desktop,2,12.0,11.0,0.0,0.0,0,Desktop Engaged
8505849671977452585,Direct,desktop,1,39.0,32.0,0.0,1.0,2,Weekend Warriors
8510125348464766697,Organic Search,desktop,1,32.0,25.0,0.0,0.0,0,Desktop Engaged
8510958331981092876,Referral,desktop,4,12.5,12.5,0.25,0.5,1,Desktop Frecuente
8512789014299357843,Referral,desktop,4,10.0,9.5,0.25,0.0,1,Desktop Frecuente
8515771461294006341,Organic Search,desktop,1,37.0,25.0,0.0,1.0,2,Weekend Warriors
8516103494116609949,Referral,desktop,9,27.0,18.0,0.0,0.4444444444444444,1,Desktop Frecuente
8516473451212465925,Referral,desktop,1,35.0,29.0,0.0,0.0,0,Desktop Engaged
8516882506529991379,Direct,desktop,1,14.0,13.0,0.0,0.0,0,Desktop Engaged
8517640021399044163,Referral,desktop,3,5.0,5.0,0.3333333333333333,0.0,1,Desktop Frecuente
8518736572243003083,Organic Search,desktop,8,2.0,2.0,0.375,0.0,1,Desktop Frecuente
8518740059623315737,Referral,desktop,7,20.0,18.0,0.1428571428571428,0.0,1,Desktop Frecuente
8519577869545508855,Referral,desktop,8,8.5,6.0,0.125,0.0,1,Desktop Frecuente
8520080324772837069,Organic Search,tablet,1,33.0,29.0,0.0,0.0,3,Mobile Users
8520115029387302083,Referral,desktop,2,37.5,27.5,0.0,0.0,0,Desktop Engaged
8520669029121182420,Organic Search,desktop,2,144.5,63.0,0.0,0.0,0,Desktop Engaged
8521375068739461151,Organic Search,desktop,1,42.0,34.0,0.0,0.0,0,Desktop Engaged
8521734765148999907,Organic Search,desktop,2,14.5,11.0,0.0,0.0,0,Desktop Engaged
8525552808729629890,Referral,desktop,4,14.5,11.0,0.25,0.0,1,Desktop Frecuente
8526450853963599523,Organic Search,desktop,4,3.0,2.5,0.0,0.0,1,Desktop Frecuente
8527647041260806312,Referral,desktop,3,4.0,4.0,0.3333333333333333,0.3333333333333333,1,Desktop Frecuente
8528170749260731046,Referral,desktop,2,27.5,21.5,0.0,0.5,2,Weekend Warriors
8528637428767255034,Referral,desktop,5,3.0,1.0,0.4,0.0,1,Desktop Frecuente
8528973034561269758,Organic Search,desktop,1,26.0,20.0,0.0,0.0,0,Desktop Engaged
8529782523786367764,Referral,desktop,15,5.0,4.0,0.2,0.0,1,Desktop Frecuente
8530723892127582602,Organic Search,desktop,1,37.0,28.0,0.0,0.0,0,Desktop Engaged
8532055883431477965,Display,desktop,2,15.0,12.5,0.0,0.5,2,Weekend Warriors
8532069530739848157,Organic Search,desktop,4,9.0,6.5,0.25,0.5,1,Desktop Frecuente
8532593488057645523,Direct,desktop,1,33.0,31.0,0.0,0.0,0,Desktop Engaged
8533777620036139796,Organic Search,desktop,4,7.0,5.0,0.5,0.0,1,Desktop Frecuente
8534676356103269438,Organic Search,desktop,3,8.0,8.0,0.0,0.6666666666666666,1,Desktop Frecuente
8535572302467268502,Display,desktop,1,50.0,35.0,0.0,0.0,0,Desktop Engaged
8537734257593507372,Referral,desktop,4,11.5,10.0,0.25,0.0,1,Desktop Frecuente
8539433516671325668,Direct,desktop,8,12.5,9.5,0.0,0.0,1,Desktop Frecuente
8540688286241364465,Paid Search,mobile,3,15.0,12.0,0.0,0.3333333333333333,3,Mobile Users
8541162479552380791,Referral,desktop,2,27.0,22.0,0.0,0.0,0,Desktop Engaged
8542066801226157721,Organic Search,mobile,1,18.0,14.0,0.0,0.0,3,Mobile Users
8542560995794563676,Direct,desktop,1,31.0,27.0,0.0,0.0,0,Desktop Engaged
8542904760257700339,Direct,desktop,1,34.0,31.0,0.0,0.0,0,Desktop Engaged
8543869082820414205,Organic Search,desktop,10,1.5,1.5,0.5,0.3,1,Desktop Frecuente
8544910212244329397,Referral,desktop,1,20.0,20.0,0.0,0.0,0,Desktop Engaged
8545209036610253088,Referral,desktop,2,18.5,14.5,0.0,0.0,0,Desktop Engaged
8548338976207159985,Direct,desktop,2,43.5,34.5,0.0,0.0,0,Desktop Engaged
8551112991718773193,Referral,desktop,6,17.0,14.5,0.0,0.0,1,Desktop Frecuente
8551387579355778160,Referral,desktop,11,9.0,7.0,0.0,0.0909090909090909,1,Desktop Frecuente
8552454414912695320,Referral,desktop,2,43.0,34.5,0.0,0.0,0,Desktop Engaged
8552849490437440861,Referral,desktop,1,23.0,19.0,0.0,0.0,0,Desktop Engaged
8555060882924384609,Referral,desktop,2,33.0,26.5,0.0,0.0,0,Desktop Engaged
8558475151840397703,Referral,desktop,14,3.0,3.0,0.0714285714285714,0.0,1,Desktop Frecuente
8560007205901017606,Organic Search,desktop,1,34.0,24.0,0.0,1.0,2,Weekend Warriors
8561076636641751159,Referral,desktop,4,24.0,19.0,0.0,0.0,0,Desktop Engaged
8565474882130184766,Referral,desktop,29,5.0,5.0,0.1034482758620689,0.1034482758620689,1,Desktop Frecuente
8568993834443001603,Paid Search,desktop,1,50.0,39.0,0.0,1.0,2,Weekend Warriors
8570638550632009628,Referral,desktop,1,73.0,50.0,0.0,0.0,0,Desktop Engaged
8572246047047081810,Direct,desktop,3,34.0,21.0,0.0,0.0,0,Desktop Engaged
8573185463089844920,Organic Search,desktop,6,4.0,4.0,0.1666666666666666,0.0,1,Desktop Frecuente
8573628711430738315,Referral,desktop,4,13.5,10.0,0.0,0.0,1,Desktop Frecuente
8574251866665511168,Organic Search,desktop,4,12.5,8.5,0.25,0.0,1,Desktop Frecuente
8574963214851619381,Organic Search,desktop,4,12.0,10.0,0.0,0.0,1,Desktop Frecuente
8575483505094728323,Paid Search,desktop,1,10.0,10.0,0.0,0.0,0,Desktop Engaged
8576181290100309449,Referral,desktop,7,4.0,4.0,0.0,0.1428571428571428,1,Desktop Frecuente
8577293288032941687,Referral,desktop,6,6.5,5.0,0.0,0.1666666666666666,1,Desktop Frecuente
8578219364291235989,Referral,desktop,3,14.0,14.0,0.0,0.0,1,Desktop Frecuente
8579647481420425960,Referral,desktop,4,8.0,4.5,0.5,0.0,1,Desktop Frecuente
8579755621948479912,Organic Search,mobile,4,2.0,2.0,0.5,0.5,3,Mobile Users
8580500281836134994,Organic Search,desktop,4,12.5,9.0,0.0,0.0,1,Desktop Frecuente
8580690454272378006,Referral,desktop,3,4.0,4.0,0.3333333333333333,0.0,1,Desktop Frecuente
8581258083391856781,Organic Search,desktop,1,18.0,16.0,0.0,1.0,2,Weekend Warriors
8582544988720326355,Organic Search,desktop,3,25.0,20.0,0.0,0.3333333333333333,0,Desktop Engaged
8583162603800499528,Referral,desktop,1,34.0,31.0,0.0,0.0,0,Desktop Engaged
8583598676172207843,Organic Search,desktop,1,14.0,12.0,0.0,0.0,0,Desktop Engaged
8585031285178547027,Referral,desktop,2,26.0,20.0,0.0,0.0,0,Desktop Engaged
8590369633898567459,Direct,desktop,3,6.0,6.0,0.0,0.0,1,Desktop Frecuente
8596460758260544127,Referral,desktop,8,7.0,7.0,0.125,0.125,1,Desktop Frecuente
8596862850387134224,Organic Search,mobile,2,21.5,20.0,0.0,0.0,3,Mobile Users
8598995083021048462,Referral,desktop,5,6.0,5.0,0.0,0.0,1,Desktop Frecuente
8600540361187212386,Organic Search,desktop,2,19.0,15.0,0.5,0.0,0,Desktop Engaged
8601291069934991536,Referral,desktop,5,12.0,10.0,0.2,0.0,1,Desktop Frecuente
8607094794616630053,Organic Search,tablet,3,9.0,9.0,0.3333333333333333,0.0,3,Mobile Users
8609096969354600531,Paid Search,mobile,3,6.0,5.0,0.0,0.0,3,Mobile Users
8610829181848499351,Paid Search,desktop,2,20.0,19.5,0.0,0.0,0,Desktop Engaged
8611515155255472281,Direct,desktop,2,23.0,21.0,0.0,1.0,2,Weekend Warriors
8612048345358957540,Display,desktop,3,23.0,21.0,0.0,0.0,0,Desktop Engaged
8612454810238832902,Referral,desktop,2,12.0,9.5,0.0,0.0,0,Desktop Engaged
8613941918489869666,Organic Search,desktop,1,48.0,36.0,0.0,0.0,0,Desktop Engaged
8615021998775763953,Referral,desktop,2,20.0,17.0,0.0,0.0,0,Desktop Engaged
8616386948005204197,Referral,desktop,5,7.0,7.0,0.0,0.0,1,Desktop Frecuente
8616482225109152227,Referral,desktop,1,31.0,25.0,0.0,0.0,0,Desktop Engaged
8617743471212010127,Direct,desktop,8,7.0,5.5,0.0,0.375,1,Desktop Frecuente
8619176562727195197,Referral,desktop,1,9.0,9.0,0.0,0.0,0,Desktop Engaged
8622709293596932103,Organic Search,desktop,3,16.0,13.0,0.3333333333333333,0.0,1,Desktop Frecuente
8623452188249826507,Direct,desktop,2,15.5,13.5,0.0,0.0,0,Desktop Engaged
8624185886173345427,Referral,desktop,3,10.0,7.0,0.0,0.0,1,Desktop Frecuente
8624286382144579831,Direct,desktop,3,30.0,24.0,0.0,0.0,0,Desktop Engaged
8624665783694996927,Direct,desktop,4,5.0,4.0,0.0,0.0,1,Desktop Frecuente
8627561348122631479,Referral,desktop,9,21.0,14.0,0.2222222222222222,0.1111111111111111,1,Desktop Frecuente
8627749553178003543,Organic Search,desktop,1,39.0,33.0,0.0,0.0,0,Desktop Engaged
8628020817304393126,Referral,desktop,4,7.5,7.5,0.0,0.0,1,Desktop Frecuente
8628652903130668773,Referral,desktop,6,4.5,4.5,0.0,0.0,1,Desktop Frecuente
8628901127410360895,Display,desktop,1,68.0,50.0,0.0,0.0,0,Desktop Engaged
8632030329369995030,Organic Search,desktop,2,27.0,21.5,0.0,0.0,0,Desktop Engaged
8632589593647046749,Referral,desktop,1,43.0,37.0,0.0,0.0,0,Desktop Engaged
8634574195973179534,Referral,desktop,3,4.0,2.0,0.0,0.0,1,Desktop Frecuente
8635032301713979066,Referral,desktop,3,21.0,15.0,0.3333333333333333,0.0,1,Desktop Frecuente
8635761956186400931,Referral,desktop,2,24.0,17.0,0.0,0.5,2,Weekend Warriors
8635876981287578318,Direct,desktop,4,2.5,2.5,0.5,0.0,1,Desktop Frecuente
8636734210084365159,Direct,desktop,3,7.0,7.0,0.0,0.0,1,Desktop Frecuente
8637126764947849416,Referral,desktop,3,8.0,8.0,0.0,0.0,1,Desktop Frecuente
8637158932301658318,Referral,desktop,1,308.0,139.0,0.0,0.0,0,Desktop Engaged
8637646972279713218,Direct,desktop,6,11.5,6.5,0.0,0.0,1,Desktop Frecuente
8638210956990977839,Organic Search,desktop,1,19.0,16.0,0.0,1.0,2,Weekend Warriors
8639551625314218823,Referral,desktop,2,51.0,30.5,0.0,0.0,0,Desktop Engaged
8641796138378982634,Direct,desktop,3,21.0,16.0,0.0,0.0,0,Desktop Engaged
8643842096517952124,Organic Search,desktop,7,17.0,17.0,0.1428571428571428,0.0,1,Desktop Frecuente
8645410884814968942,Direct,desktop,3,15.0,12.0,0.0,0.0,1,Desktop Frecuente
8645618706223786939,Referral,desktop,5,9.0,9.0,0.0,0.0,1,Desktop Frecuente
8649724530015932809,Referral,desktop,3,13.0,11.0,0.0,0.3333333333333333,1,Desktop Frecuente
8650561939076104430,Referral,desktop,2,34.0,25.5,0.5,0.0,0,Desktop Engaged
8651862803150633528,Organic Search,desktop,2,14.0,13.5,0.0,0.0,0,Desktop Engaged
8651984745544066931,Referral,desktop,1,75.0,51.0,0.0,0.0,0,Desktop Engaged
8652257213131315139,Organic Search,desktop,11,2.0,2.0,0.0909090909090909,0.4545454545454545,1,Desktop Frecuente
8652691250363359598,Referral,desktop,8,25.5,18.5,0.125,0.0,1,Desktop Frecuente
8653598771564353072,Organic Search,desktop,1,27.0,21.0,0.0,1.0,2,Weekend Warriors
8653846523706419375,Direct,desktop,2,21.5,15.5,0.0,0.0,0,Desktop Engaged
8657427332734176422,Organic Search,desktop,10,25.5,18.0,0.1,0.1,1,Desktop Frecuente
8657760181531700072,Referral,desktop,5,15.0,10.0,0.2,0.2,1,Desktop Frecuente
8659312753149293081,Organic Search,desktop,3,66.0,43.0,0.0,0.0,0,Desktop Engaged
8659538857931665839,Referral,desktop,1,47.0,35.0,0.0,0.0,0,Desktop Engaged
8660468043927620162,Referral,mobile,2,28.0,21.0,0.0,0.0,3,Mobile Users
8661687930742624021,Direct,desktop,3,7.0,4.0,0.3333333333333333,0.0,1,Desktop Frecuente
8666574866065841577,Organic Search,desktop,1,70.0,51.0,0.0,0.0,0,Desktop Engaged
8667129106411175264,Display,desktop,5,5.0,4.0,0.2,0.0,1,Desktop Frecuente
8668902316036611419,Referral,desktop,8,29.0,20.0,0.0,0.0,1,Desktop Frecuente
8669188840409334896,Organic Search,desktop,4,11.5,8.0,0.25,1.0,2,Weekend Warriors
8670467728578251460,Organic Search,desktop,4,22.0,19.5,0.0,0.0,0,Desktop Engaged
8671741245048754342,Referral,desktop,1,65.0,51.0,0.0,1.0,2,Weekend Warriors
8673797451868502971,Referral,desktop,3,23.0,20.0,0.0,0.0,0,Desktop Engaged
8673840761390618502,Direct,tablet,2,12.5,12.0,0.0,0.0,3,Mobile Users
8674825610490991214,Referral,desktop,5,6.0,6.0,0.0,0.0,1,Desktop Frecuente
8674967480469977880,Organic Search,desktop,2,35.5,32.0,0.0,0.0,0,Desktop Engaged
8676763420791275254,Organic Search,desktop,2,26.0,18.5,0.0,0.0,0,Desktop Engaged
8681536568147881987,Organic Search,desktop,4,9.0,7.0,0.5,0.25,1,Desktop Frecuente
8681824816551475560,Referral,desktop,3,20.0,18.0,0.0,0.3333333333333333,0,Desktop Engaged
8683067250916424276,Direct,desktop,1,21.0,17.0,0.0,0.0,0,Desktop Engaged
8683107895227989538,Organic Search,desktop,4,11.0,6.5,0.25,0.0,1,Desktop Frecuente
8685842435623374798,Referral,desktop,3,3.0,2.0,0.0,0.0,1,Desktop Frecuente
8687730117523423401,Referral,desktop,2,17.0,15.0,0.0,0.5,2,Weekend Warriors
8687950969845469175,Referral,desktop,1,66.0,55.0,0.0,0.0,0,Desktop Engaged
8688274309849590379,Organic Search,desktop,9,9.0,9.0,0.0,0.1111111111111111,1,Desktop Frecuente
8689086948227235663,Organic Search,desktop,1,34.0,28.0,0.0,0.0,0,Desktop Engaged
8690416033474956546,Referral,desktop,4,22.0,15.0,0.0,0.0,0,Desktop Engaged
8693174288442040841,Organic Search,desktop,11,3.0,3.0,0.1818181818181818,0.0909090909090909,1,Desktop Frecuente
8693243630258269038,Direct,desktop,1,34.0,29.0,0.0,0.0,0,Desktop Engaged
8693462511450231969,Organic Search,desktop,4,34.0,24.5,0.0,0.0,0,Desktop Engaged
8694355452575545728,Organic Search,desktop,3,25.0,21.0,0.0,0.0,0,Desktop Engaged
8694856978867122948,Referral,desktop,3,10.0,10.0,0.0,0.0,1,Desktop Frecuente
8695060915944619742,Direct,mobile,14,1.0,1.0,0.5714285714285714,0.2857142857142857,3,Mobile Users
8696221716564059206,Direct,desktop,16,2.0,2.0,0.1875,0.0,1,Desktop Frecuente
8696957377453802990,Organic Search,desktop,3,3.0,3.0,0.0,0.3333333333333333,1,Desktop Frecuente
8698140093733128307,Organic Search,desktop,1,19.0,17.0,0.0,0.0,0,Desktop Engaged
8698795898814095008,Organic Search,desktop,5,20.0,14.0,0.0,0.0,1,Desktop Frecuente
8699673475078836442,Organic Search,desktop,1,53.0,40.0,0.0,1.0,2,Weekend Warriors
8702022874910109751,Referral,desktop,2,37.5,31.0,0.0,0.0,0,Desktop Engaged
8704055191873808093,Direct,desktop,2,34.0,24.0,0.0,0.0,0,Desktop Engaged
8706126538675944851,Referral,desktop,2,49.5,40.5,0.0,0.0,0,Desktop Engaged
8706346863273192844,Organic Search,desktop,1,19.0,17.0,0.0,0.0,0,Desktop Engaged
8706577222412136430,Direct,desktop,2,6.5,5.5,0.0,0.0,1,Desktop Frecuente
8708542801178892943,Referral,desktop,2,20.5,15.5,0.0,0.5,2,Weekend Warriors
8708692061686223002,Organic Search,desktop,2,17.0,16.0,0.0,0.0,0,Desktop Engaged
8710915219052042502,Direct,desktop,1,54.0,43.0,0.0,0.0,0,Desktop Engaged
8713287602878065062,Referral,desktop,1,50.0,44.0,0.0,0.0,0,Desktop Engaged
8713712358107522024,Organic Search,mobile,7,1.0,1.0,0.7142857142857143,0.0,3,Mobile Users
8714444733243039474,Referral,desktop,1,26.0,24.0,0.0,0.0,0,Desktop Engaged
8715196944012266147,Organic Search,mobile,2,12.0,12.0,0.0,0.3333333333333333,3,Mobile Users
8718443071348965186,Organic Search,desktop,2,10.5,8.5,0.0,0.0,0,Desktop Engaged
8718769444040470230,Referral,desktop,3,19.0,10.0,0.0,0.0,0,Desktop Engaged
8718806684615672297,Organic Search,desktop,4,19.0,16.5,0.0,0.0,1,Desktop Frecuente
8719058463049309640,Referral,desktop,3,27.0,20.0,0.3333333333333333,0.0,0,Desktop Engaged
8719867302995619824,Direct,desktop,1,49.0,42.0,0.0,0.0,0,Desktop Engaged
8720828592415489216,Social,desktop,1,20.0,17.0,0.0,0.0,0,Desktop Engaged
8721719977116949998,Organic Search,mobile,2,14.5,13.0,0.5,1.0,3,Mobile Users
8722134795757149550,Organic Search,desktop,5,3.0,3.0,0.0,0.6,1,Desktop Frecuente
8722391434555124556,Direct,desktop,1,28.0,22.0,0.0,0.0,0,Desktop Engaged
8722485686890283296,Referral,desktop,1,132.0,94.0,0.0,0.0,0,Desktop Engaged
8722920098698535020,Referral,desktop,2,16.5,14.0,0.0,0.5,2,Weekend Warriors
8725233109591668563,Social,desktop,1,14.0,13.0,0.0,0.0,0,Desktop Engaged
8726427406034606152,Organic Search,desktop,25,1.0,1.0,0.64,0.0,1,Desktop Frecuente
8726813153683135107,Referral,desktop,5,12.0,8.0,0.2,0.0,1,Desktop Frecuente
8726963264231955599,Referral,desktop,2,15.5,13.0,0.0,0.0,0,Desktop Engaged
8728228319865882103,Organic Search,desktop,6,4.0,4.0,0.3333333333333333,0.1666666666666666,1,Desktop Frecuente
8730049851613891578,Direct,desktop,2,24.5,21.0,0.0,0.5,2,Weekend Warriors
8730493892218660083,Referral,desktop,2,16.0,14.0,0.0,0.0,0,Desktop Engaged
8732851930858933154,Referral,desktop,12,1.0,1.0,0.6666666666666666,0.1666666666666666,1,Desktop Frecuente
8733093827821835870,Organic Search,mobile,5,12.0,10.0,0.0,0.2,3,Mobile Users
8733651591299904619,Organic Search,tablet,3,48.0,38.0,0.3333333333333333,0.0,3,Mobile Users
8734326510553351606,Direct,desktop,1,22.0,21.0,0.0,0.0,0,Desktop Engaged
8737287377964426748,Paid Search,desktop,5,1.0,1.0,0.8,0.0,1,Desktop Frecuente
8737836949525079223,Organic Search,desktop,2,34.5,22.5,0.0,0.0,0,Desktop Engaged
8740176326132717435,Organic Search,desktop,18,9.5,9.5,0.2222222222222222,0.0,1,Desktop Frecuente
8740219759835313049,Organic Search,desktop,1,75.0,52.0,0.0,0.0,0,Desktop Engaged
8743047878785774713,Referral,desktop,3,11.0,8.0,0.0,0.0,1,Desktop Frecuente
8743830704801425537,Paid Search,mobile,6,4.0,4.0,0.0,0.3333333333333333,3,Mobile Users
8744897619448167360,Referral,desktop,11,10.0,9.0,0.0,0.0,1,Desktop Frecuente
8747852564220610479,Referral,desktop,5,6.0,5.0,0.0,0.2,1,Desktop Frecuente
8748821386798757066,Direct,desktop,2,6.0,5.0,0.0,0.0,1,Desktop Frecuente
8749354080686070265,Social,desktop,2,17.5,12.0,0.0,0.5,2,Weekend Warriors
8750540969678184280,Referral,desktop,6,13.0,9.5,0.1666666666666666,0.0,1,Desktop Frecuente
8750631063700257788,Direct,desktop,7,6.0,6.0,0.2857142857142857,0.0,1,Desktop Frecuente
8751305504518329482,Paid Search,mobile,2,14.0,14.0,0.5,0.0,3,Mobile Users
8753403136686920665,Organic Search,desktop,1,40.0,31.0,0.0,0.0,0,Desktop Engaged
8754452884191338331,Direct,desktop,3,14.0,10.0,0.0,0.0,1,Desktop Frecuente
8757403953773731180,Organic Search,desktop,1,101.0,44.0,0.0,0.0,0,Desktop Engaged
8757627980689319217,Organic Search,desktop,1,90.0,69.0,0.0,1.0,2,Weekend Warriors
8759765163513556904,Referral,desktop,1,30.0,28.0,0.0,0.0,0,Desktop Engaged
8761209909981705857,Referral,desktop,4,19.0,13.0,0.25,0.25,1,Desktop Frecuente
8761401299376451102,Referral,desktop,2,24.5,16.0,0.0,0.0,0,Desktop Engaged
8762203686823311307,Organic Search,mobile,8,4.5,4.0,0.0,0.125,3,Mobile Users
8764063470465485753,Direct,mobile,1,13.0,13.0,0.0,1.0,3,Mobile Users
8764097305653418346,Referral,desktop,8,6.5,6.5,0.0,0.125,1,Desktop Frecuente
8764312739486524799,Organic Search,desktop,2,8.5,7.5,0.5,0.0,1,Desktop Frecuente
8767013027861401709,Paid Search,desktop,1,21.0,18.0,0.0,1.0,2,Weekend Warriors
8767345170065465322,Organic Search,desktop,3,17.0,10.0,0.3333333333333333,0.0,1,Desktop Frecuente
8767731065918299001,Referral,desktop,2,16.5,15.0,0.0,0.0,0,Desktop Engaged
8768174564332889527,Direct,desktop,2,47.5,33.5,0.0,0.0,0,Desktop Engaged
8768941993503190593,Organic Search,mobile,3,31.0,26.0,0.3333333333333333,0.0,3,Mobile Users
8769206328217001636,Organic Search,desktop,2,9.0,7.0,0.5,1.0,2,Weekend Warriors
8771334811414684214,Organic Search,desktop,6,17.5,11.5,0.1666666666666666,0.0,1,Desktop Frecuente
8771657580630576008,Direct,desktop,1,14.0,14.0,0.0,0.0,0,Desktop Engaged
8772028441330038912,Direct,desktop,2,9.5,7.5,0.0,0.0,1,Desktop Frecuente
8775794095398505821,Referral,desktop,2,15.0,12.0,0.0,0.5,2,Weekend Warriors
8777213135454243540,Organic Search,tablet,7,3.0,3.0,0.2857142857142857,0.1428571428571428,3,Mobile Users
8777961928768827238,Social,desktop,1,16.0,15.0,0.0,0.0,0,Desktop Engaged
8778563943491859628,Organic Search,desktop,1,30.0,28.0,0.0,0.0,0,Desktop Engaged
8780445498294202074,Referral,desktop,1,28.0,26.0,0.0,0.0,0,Desktop Engaged
8782460844887105749,Referral,desktop,1,20.0,18.0,0.0,0.0,0,Desktop Engaged
8783898015767070689,Referral,desktop,2,13.5,10.5,0.0,0.0,0,Desktop Engaged
8785104798900521933,Organic Search,mobile,1,41.0,31.0,0.0,1.0,3,Mobile Users
8785356457446164394,Paid Search,desktop,2,18.0,16.0,0.0,0.5,2,Weekend Warriors
8788548305613954215,Direct,desktop,3,5.0,5.0,0.0,0.0,1,Desktop Frecuente
8789089219161512447,Organic Search,mobile,1,16.0,14.0,0.0,1.0,3,Mobile Users
8790261555863797241,Referral,desktop,2,42.5,33.0,0.0,0.0,0,Desktop Engaged
8790318308962815398,Referral,desktop,3,13.0,8.0,0.0,0.3333333333333333,1,Desktop Frecuente
8790419059934322944,Direct,desktop,2,38.0,24.5,0.0,0.0,0,Desktop Engaged
8790696376081791158,Organic Search,desktop,1,19.0,17.0,0.0,1.0,2,Weekend Warriors
8792964538087565756,Referral,desktop,1,31.0,29.0,0.0,0.0,0,Desktop Engaged
8793209921547478119,Organic Search,mobile,6,4.0,4.0,0.3333333333333333,0.0,3,Mobile Users
8793305437694814320,Referral,desktop,9,6.0,4.0,0.1111111111111111,0.2222222222222222,1,Desktop Frecuente
8793343475856399817,Referral,desktop,1,17.0,15.0,0.0,0.0,0,Desktop Engaged
8793581808559142208,Paid Search,desktop,1,38.0,26.0,0.0,1.0,2,Weekend Warriors
8795588873125044253,Organic Search,desktop,2,13.0,11.0,0.0,0.0,0,Desktop Engaged
8796179874973851402,Organic Search,desktop,1,19.0,17.0,0.0,0.0,0,Desktop Engaged
8798035198491270608,Organic Search,desktop,1,24.0,19.0,0.0,0.0,0,Desktop Engaged
8798873887038332681,Direct,desktop,2,10.0,9.5,0.0,0.5,1,Desktop Frecuente
8800304863528971642,Organic Search,mobile,1,32.0,26.0,0.0,0.0,3,Mobile Users
8800711536412818925,Direct,desktop,3,5.0,3.0,0.0,0.0,1,Desktop Frecuente
8801662579253848745,Referral,desktop,2,26.0,21.0,0.0,0.0,0,Desktop Engaged
8804905634731085002,Organic Search,desktop,3,14.0,13.0,0.0,0.0,1,Desktop Frecuente
8806276575158015292,Organic Search,desktop,6,3.0,3.0,0.3333333333333333,0.1666666666666666,1,Desktop Frecuente
8806556614464089667,Referral,desktop,2,45.5,32.0,0.0,0.0,0,Desktop Engaged
8810145279946425641,Referral,desktop,2,11.5,8.5,0.5,0.0,1,Desktop Frecuente
8810851495186113937,Organic Search,mobile,15,4.0,4.0,0.1333333333333333,0.1333333333333333,3,Mobile Users
8811442991664814256,Referral,desktop,3,27.0,21.0,0.0,0.0,0,Desktop Engaged
8811772464235545235,Organic Search,desktop,1,40.0,34.0,0.0,0.0,0,Desktop Engaged
8813436791449006259,Organic Search,tablet,1,18.0,16.0,0.0,0.0,3,Mobile Users
8814021277498961876,Referral,desktop,1,64.0,52.0,0.0,0.0,0,Desktop Engaged
8816421642085267829,Organic Search,desktop,2,13.5,11.5,0.0,0.5,2,Weekend Warriors
8818233605702333697,Organic Search,desktop,2,46.5,35.0,0.0,1.0,2,Weekend Warriors
8819842572136871109,Paid Search,desktop,1,28.0,21.0,0.0,0.0,0,Desktop Engaged
8820042908642083525,Referral,desktop,4,7.0,6.5,0.25,0.0,1,Desktop Frecuente
8821259122819000444,Direct,desktop,2,86.5,57.5,0.0,0.0,0,Desktop Engaged
8821726080717309200,Direct,desktop,2,23.5,14.5,0.0,0.0,0,Desktop Engaged
8825602309761363794,Referral,desktop,4,16.5,14.0,0.5,0.75,1,Desktop Frecuente
8827321808428655650,Organic Search,mobile,2,13.5,11.5,0.5,1.0,3,Mobile Users
8831435448967549467,Organic Search,desktop,1,35.0,27.0,0.0,0.0,0,Desktop Engaged
8832229039690729204,Referral,desktop,4,16.5,12.0,0.25,0.0,1,Desktop Frecuente
8832840235464460612,Paid Search,desktop,1,48.0,38.0,0.0,0.0,0,Desktop Engaged
8833612323012512340,Organic Search,mobile,4,29.0,23.0,0.25,0.0,3,Mobile Users
8835299295328484368,Referral,desktop,5,4.0,4.0,0.2,0.0,1,Desktop Frecuente
8835738429285274387,Organic Search,desktop,10,9.5,7.5,0.0,0.4,1,Desktop Frecuente
8835920502090073411,Direct,mobile,1,38.0,30.0,0.0,0.0,3,Mobile Users
8836497360273825933,Direct,desktop,2,7.0,7.0,0.5,0.0,1,Desktop Frecuente
8836653961966700632,Direct,desktop,2,23.0,17.5,0.0,0.0,0,Desktop Engaged
8837556108431981384,Referral,desktop,1,28.0,19.0,0.0,0.0,0,Desktop Engaged
8838271881130575329,Display,desktop,4,4.5,4.5,0.25,0.25,1,Desktop Frecuente
8838657285552913253,Referral,desktop,3,24.0,17.0,0.3333333333333333,0.6666666666666666,2,Weekend Warriors
8838851880121159305,Organic Search,mobile,5,4.0,4.0,0.0,0.2,3,Mobile Users
8839065493642053324,Referral,desktop,1,31.0,22.0,0.0,0.0,0,Desktop Engaged
8841032067028596264,Direct,desktop,2,12.5,12.5,0.5,0.0,1,Desktop Frecuente
8841197329105123740,Referral,desktop,1,30.0,25.0,0.0,0.0,0,Desktop Engaged
8841710222631357512,Organic Search,mobile,3,1.0,1.0,0.6666666666666666,0.0,3,Mobile Users
8843025310060521600,Referral,desktop,16,9.5,8.0,0.3125,0.0,1,Desktop Frecuente
8843039531306434746,Organic Search,desktop,3,15.0,9.0,0.0,0.0,0,Desktop Engaged
8844262168616364981,Organic Search,desktop,6,21.0,17.0,0.0,0.0,1,Desktop Frecuente
8844595455983709186,Direct,desktop,4,1.0,1.0,0.75,0.25,1,Desktop Frecuente
8844888920708607331,Referral,desktop,4,4.5,4.5,0.0,0.0,1,Desktop Frecuente
8845114678141238765,Direct,desktop,1,20.0,18.0,0.0,0.0,0,Desktop Engaged
8845818020104828876,Organic Search,desktop,6,9.0,5.0,0.1666666666666666,0.0,1,Desktop Frecuente
8846420568137405552,Direct,desktop,1,50.0,40.0,0.0,0.0,0,Desktop Engaged
8846681432728347342,Referral,desktop,1,29.0,23.0,0.0,0.0,0,Desktop Engaged
8848160643936299367,Referral,desktop,3,16.0,11.0,0.0,0.0,0,Desktop Engaged
8848326438758712018,Referral,desktop,8,4.5,4.5,0.125,0.0,1,Desktop Frecuente
8849097332383122767,Organic Search,desktop,2,27.0,20.5,0.5,0.5,2,Weekend Warriors
8851822767477687842,Referral,desktop,27,11.0,7.0,0.1111111111111111,0.0,1,Desktop Frecuente
8852490676110541015,Direct,desktop,2,21.0,16.5,0.0,0.0,0,Desktop Engaged
8854720490471825875,Referral,desktop,12,1.0,1.0,0.8333333333333334,0.0833333333333333,1,Desktop Frecuente
8855225089630002391,Referral,desktop,3,7.0,6.0,0.3333333333333333,0.0,1,Desktop Frecuente
8855684563900497413,Referral,desktop,5,26.0,22.0,0.4,0.0,1,Desktop Frecuente
8855872305889653694,Organic Search,mobile,4,13.5,11.5,0.0,0.0,3,Mobile Users
8856514354723478027,Organic Search,desktop,2,25.5,20.0,0.0,0.0,0,Desktop Engaged
8856909534295344708,Referral,desktop,2,24.0,22.5,0.0,0.0,0,Desktop Engaged
8861704144366655271,Organic Search,desktop,9,31.0,22.0,0.1111111111111111,0.3333333333333333,1,Desktop Frecuente
8863430724995588001,Referral,desktop,1,38.0,30.0,0.0,0.0,0,Desktop Engaged
8863754637499294953,Referral,desktop,1,23.0,21.0,0.0,0.0,0,Desktop Engaged
8863954266845477277,Organic Search,mobile,2,21.0,18.5,0.0,1.0,3,Mobile Users
8864604309741280372,Referral,desktop,3,9.0,9.0,0.0,0.3333333333333333,1,Desktop Frecuente
8866035740350491393,Referral,desktop,6,2.0,2.0,0.3333333333333333,0.0,1,Desktop Frecuente
8867685262588027601,Referral,desktop,7,11.0,9.0,0.2857142857142857,0.2857142857142857,1,Desktop Frecuente
8867871460130530179,Direct,desktop,2,26.5,20.5,0.0,0.5,2,Weekend Warriors
8868569484719934197,Organic Search,desktop,4,5.5,5.5,0.0,0.0,1,Desktop Frecuente
8870316840527472336,Direct,mobile,2,7.0,6.0,0.0,0.5,3,Mobile Users
8874112180613492512,Paid Search,desktop,1,24.0,21.0,0.0,0.0,0,Desktop Engaged
8874818082863376714,Referral,desktop,1,63.0,42.0,0.0,0.0,0,Desktop Engaged
8874986476437588959,Referral,desktop,4,15.5,12.5,0.0,0.25,1,Desktop Frecuente
8878462912215206605,Organic Search,desktop,7,16.0,15.0,0.1428571428571428,0.4285714285714285,1,Desktop Frecuente
8878494571203388231,Referral,desktop,1,42.0,31.0,0.0,0.0,0,Desktop Engaged
8878587767550283378,Organic Search,desktop,1,11.0,11.0,0.0,0.0,0,Desktop Engaged
8879290650006947914,Referral,desktop,3,19.0,13.0,0.0,0.3333333333333333,0,Desktop Engaged
8879965876172125518,Referral,desktop,2,35.5,23.0,0.0,0.0,0,Desktop Engaged
8880653820119720366,Direct,desktop,1,19.0,16.0,0.0,0.0,0,Desktop Engaged
8880932172538804400,Organic Search,desktop,1,31.0,25.0,0.0,1.0,2,Weekend Warriors
8882815059081298260,Direct,desktop,2,17.5,15.5,0.0,0.0,0,Desktop Engaged
8883064592655631631,Referral,desktop,3,7.0,5.0,0.0,0.0,1,Desktop Frecuente
8883600023735279403,Organic Search,desktop,6,8.0,8.0,0.3333333333333333,0.0,1,Desktop Frecuente
8885051388942907862,Referral,desktop,7,13.0,11.0,0.0,0.2857142857142857,1,Desktop Frecuente
8885298272066714457,Referral,desktop,1,36.0,28.0,0.0,0.0,0,Desktop Engaged
8885678008062348404,Direct,desktop,4,4.0,3.0,0.25,0.0,1,Desktop Frecuente
8887639477324168725,Referral,desktop,1,18.0,16.0,0.0,0.0,0,Desktop Engaged
8889391457640720040,Direct,desktop,8,8.5,8.5,0.125,0.5,1,Desktop Frecuente
8889736070492596057,Organic Search,desktop,2,31.5,27.5,0.5,0.0,0,Desktop Engaged
8894186086393552891,Direct,mobile,1,70.0,34.0,0.0,0.0,3,Mobile Users
8894690679146407366,Direct,desktop,2,22.5,18.5,0.0,0.0,0,Desktop Engaged
8895070637038003269,Referral,desktop,1,12.0,10.0,0.0,0.0,0,Desktop Engaged
8896354517270377478,Referral,desktop,2,13.0,10.0,0.0,1.0,2,Weekend Warriors
8897693184289698556,Direct,desktop,1,40.0,31.0,0.0,0.0,0,Desktop Engaged
8899113493615355633,Direct,desktop,1,27.0,21.0,0.0,0.0,0,Desktop Engaged
8901669251595592717,Organic Search,desktop,1,29.0,25.0,0.0,0.0,0,Desktop Engaged
8903811163323410238,Organic Search,desktop,1,41.0,32.0,0.0,0.0,0,Desktop Engaged
8904129700986986241,Organic Search,mobile,3,26.0,20.0,0.0,0.3333333333333333,3,Mobile Users
8906575148569160903,Referral,desktop,4,10.0,10.0,0.25,0.0,1,Desktop Frecuente
8906637697429401120,Direct,desktop,4,13.5,10.5,0.25,0.0,1,Desktop Frecuente
8907488943105277340,Organic Search,desktop,4,6.5,6.5,0.0,0.0,1,Desktop Frecuente
8910230714986920649,Organic Search,desktop,2,17.5,13.5,0.0,0.0,0,Desktop Engaged
8910769516525628891,Referral,desktop,3,5.0,5.0,0.0,0.3333333333333333,1,Desktop Frecuente
8912902059525758308,Referral,desktop,5,12.0,8.0,0.0,0.0,1,Desktop Frecuente
8914990444419608855,Direct,mobile,1,18.0,14.0,0.0,0.0,3,Mobile Users
8915655068975271461,Referral,desktop,6,2.0,2.0,0.5,0.5,1,Desktop Frecuente
8917539256990829389,Organic Search,desktop,1,59.0,48.0,0.0,0.0,0,Desktop Engaged
8918875846126233398,Display,desktop,15,5.0,5.0,0.0666666666666666,0.0666666666666666,1,Desktop Frecuente
8919239727747917945,Referral,desktop,2,19.5,13.5,0.0,0.0,0,Desktop Engaged
8919336618754256169,Direct,tablet,5,30.0,24.0,0.2,0.2,3,Mobile Users
8921985008327806368,Referral,desktop,2,15.5,11.5,0.0,0.0,0,Desktop Engaged
8923647985251251100,Direct,desktop,2,28.0,25.5,0.0,0.0,0,Desktop Engaged
8923902094377758912,Direct,tablet,1,15.0,14.0,0.0,0.0,3,Mobile Users
8924760956022529477,Referral,desktop,7,12.0,12.0,0.0,0.0,1,Desktop Frecuente
8925835217447911803,Referral,desktop,15,4.0,4.0,0.2666666666666666,0.0,1,Desktop Frecuente
8926768253847212533,Referral,desktop,1,37.0,28.0,0.0,0.0,0,Desktop Engaged
8927403881471391262,Organic Search,desktop,1,24.0,18.0,0.0,0.0,0,Desktop Engaged
8928538201921041758,Organic Search,mobile,2,10.5,9.0,0.5,0.0,3,Mobile Users
8930278305459563871,Referral,desktop,4,21.5,13.5,0.0,0.25,0,Desktop Engaged
8932337508272506639,Referral,desktop,1,44.0,35.0,0.0,0.0,0,Desktop Engaged
8936288144041600738,Referral,desktop,3,15.0,12.0,0.0,0.0,1,Desktop Frecuente
8936592721963873590,Direct,mobile,2,6.5,6.5,0.0,0.5,3,Mobile Users
8937539596290330126,Referral,desktop,11,15.0,11.0,0.1818181818181818,0.0909090909090909,1,Desktop Frecuente
8938971326129686194,Paid Search,desktop,1,39.0,30.0,0.0,0.0,0,Desktop Engaged
8939441371996358045,Organic Search,mobile,1,23.0,23.0,0.0,1.0,3,Mobile Users
8942866004645538967,Direct,desktop,1,386.0,343.0,0.0,0.0,0,Desktop Engaged
8943826077363330152,Organic Search,tablet,2,14.0,13.0,0.5,0.0,3,Mobile Users
8944253492706794523,Paid Search,desktop,1,25.0,25.0,0.0,0.0,0,Desktop Engaged
8946514554986669717,Referral,desktop,2,13.0,11.0,0.0,0.0,0,Desktop Engaged
8947840269258098991,Referral,desktop,3,8.0,6.0,0.0,0.0,1,Desktop Frecuente
8947946498901524856,Organic Search,mobile,10,6.5,6.5,0.2,0.6,3,Mobile Users
8949523076100520428,Referral,desktop,1,44.0,34.0,0.0,0.0,0,Desktop Engaged
8950892768643244752,Paid Search,desktop,7,11.0,10.0,0.0,0.1428571428571428,1,Desktop Frecuente
8950965046902551656,Referral,desktop,1,17.0,15.0,0.0,0.0,0,Desktop Engaged
8951208689934718226,Direct,desktop,1,8.0,8.0,0.0,1.0,2,Weekend Warriors
8951303541866316338,Organic Search,mobile,2,20.0,17.5,0.0,0.5,3,Mobile Users
8952979124957210771,Paid Search,desktop,1,19.0,17.0,0.0,0.0,0,Desktop Engaged
8953287853000966954,Direct,desktop,1,84.0,61.0,0.0,0.0,0,Desktop Engaged
8953846772945325755,Referral,desktop,2,29.5,21.5,0.0,0.0,0,Desktop Engaged
8955721323152136358,Referral,desktop,2,23.5,18.5,0.0,0.0,0,Desktop Engaged
8955934640424753724,Organic Search,desktop,1,25.0,20.0,0.0,0.0,0,Desktop Engaged
8958014909815148266,Referral,desktop,2,12.0,11.0,0.0,0.0,0,Desktop Engaged
8959460688137585797,Direct,desktop,6,8.0,7.0,0.0,0.3333333333333333,1,Desktop Frecuente
8960419773475040176,Organic Search,desktop,3,32.0,27.0,0.0,0.0,0,Desktop Engaged
8961785775115413973,Referral,desktop,3,26.0,13.0,0.0,0.0,0,Desktop Engaged
8962889770860338577,Referral,desktop,1,29.0,26.0,0.0,0.0,0,Desktop Engaged
8963849210488709948,Organic Search,desktop,4,4.5,4.5,0.0,0.0,1,Desktop Frecuente
8964370317018374549,Referral,desktop,1,68.0,44.0,0.0,0.0,0,Desktop Engaged
8966130487678127924,Direct,desktop,1,101.0,63.0,0.0,0.0,0,Desktop Engaged
8966349442774967540,Referral,desktop,4,9.0,7.5,0.25,0.0,1,Desktop Frecuente
8968423580775985753,Referral,desktop,1,31.0,27.0,0.0,0.0,0,Desktop Engaged
8968458554624269944,Organic Search,desktop,3,3.0,3.0,0.0,0.0,1,Desktop Frecuente
8969339210638367422,Referral,desktop,1,46.0,32.0,0.0,0.0,0,Desktop Engaged
8972388387130785286,Organic Search,desktop,2,58.0,40.0,0.0,0.5,2,Weekend Warriors
8972907985642448260,Referral,desktop,1,34.0,30.0,0.0,0.0,0,Desktop Engaged
8977039158734679466,Paid Search,desktop,8,3.0,3.0,0.125,0.25,1,Desktop Frecuente
8981840546214249498,Organic Search,desktop,2,16.5,13.0,0.0,0.0,0,Desktop Engaged
8981902739255325984,Organic Search,desktop,1,16.0,15.0,0.0,0.0,0,Desktop Engaged
8982077970907117437,Referral,desktop,1,18.0,18.0,0.0,0.0,0,Desktop Engaged
8982530500105838244,Referral,desktop,3,16.0,14.0,0.0,0.0,1,Desktop Frecuente
8983751556062713329,Organic Search,desktop,4,23.0,17.5,0.0,0.0,0,Desktop Engaged
8983752580423023317,Referral,desktop,2,52.5,34.5,0.0,1.0,2,Weekend Warriors
8983864230494350692,Referral,desktop,2,16.5,14.0,0.0,0.0,0,Desktop Engaged
8984229209576578467,Referral,desktop,2,18.0,15.0,0.0,0.0,0,Desktop Engaged
8985948032553964111,Organic Search,desktop,1,23.0,20.0,0.0,0.0,0,Desktop Engaged
8986179509991315962,Referral,desktop,3,2.0,2.0,0.3333333333333333,0.0,1,Desktop Frecuente
8986419064533048234,Referral,desktop,4,32.5,23.5,0.25,0.0,0,Desktop Engaged
8986872282597680783,Direct,desktop,1,24.0,21.0,0.0,1.0,2,Weekend Warriors
8987973920515725045,Referral,desktop,1,23.0,19.0,0.0,0.0,0,Desktop Engaged
8988109274209001218,Social,desktop,1,12.0,11.0,0.0,0.0,0,Desktop Engaged
8988983016520499025,Direct,desktop,3,6.0,6.0,0.0,0.3333333333333333,1,Desktop Frecuente
8989045666766077096,Organic Search,desktop,1,65.0,49.0,0.0,0.0,0,Desktop Engaged
8989237843879391411,Referral,desktop,4,5.0,5.0,0.0,0.0,1,Desktop Frecuente
8991883753998763488,Referral,desktop,6,18.0,13.5,0.0,0.5,1,Desktop Frecuente
8993051197543109728,Referral,desktop,3,20.0,16.0,0.0,0.3333333333333333,0,Desktop Engaged
8993704269203931826,Organic Search,tablet,1,21.0,18.0,0.0,0.0,3,Mobile Users
8997285863534192253,Referral,desktop,4,5.0,5.0,0.0,0.25,1,Desktop Frecuente
9000020020655117691,Referral,desktop,2,24.5,18.5,0.0,1.0,2,Weekend Warriors
9000097709332736093,Paid Search,desktop,5,10.0,10.0,0.0,0.0,1,Desktop Frecuente
9001429991110397286,Referral,desktop,1,44.0,37.0,0.0,1.0,2,Weekend Warriors
9001502916626110125,Organic Search,desktop,3,12.0,11.0,0.0,0.0,1,Desktop Frecuente
9002364108822836989,Organic Search,desktop,4,45.5,31.0,0.25,0.0,0,Desktop Engaged
9002522655121012194,Organic Search,desktop,1,34.0,30.0,0.0,0.0,0,Desktop Engaged
9002953633143515508,Display,desktop,1,32.0,29.0,0.0,0.0,0,Desktop Engaged
9004668593024428031,Referral,desktop,13,6.0,5.0,0.0,0.0,1,Desktop Frecuente
9005201499963725625,Paid Search,desktop,11,3.0,2.0,0.2727272727272727,0.0,1,Desktop Frecuente
9006674589877323297,Direct,desktop,5,2.0,2.0,0.4,0.6,1,Desktop Frecuente
9007057960603042466,Paid Search,desktop,4,10.0,10.0,0.0,0.75,1,Desktop Frecuente
9007384118935693611,Referral,desktop,1,33.0,26.0,0.0,0.0,0,Desktop Engaged
9008243837280281377,Referral,desktop,1,53.0,34.0,0.0,0.0,0,Desktop Engaged
9013296840842675812,Organic Search,mobile,4,10.0,8.0,0.25,0.25,3,Mobile Users
9014136210132782367,Referral,desktop,6,8.5,6.5,0.1666666666666666,0.0,1,Desktop Frecuente
9014580000597240539,Referral,desktop,1,13.0,12.0,0.0,0.0,0,Desktop Engaged
9015377887977642612,Direct,desktop,1,36.0,28.0,0.0,0.0,0,Desktop Engaged
9017088554957791620,Organic Search,desktop,2,46.5,35.0,0.0,0.0,0,Desktop Engaged
9017249703406411169,Referral,desktop,5,3.0,3.0,0.2,0.2,1,Desktop Frecuente
9017631944623076688,Referral,desktop,2,16.5,12.5,0.0,0.0,0,Desktop Engaged
9018439696824607924,Referral,desktop,2,27.5,22.5,0.0,0.0,0,Desktop Engaged
9019087328365285075,Referral,desktop,1,23.0,21.0,0.0,0.0,0,Desktop Engaged
9019931627162740191,Referral,desktop,1,187.0,123.0,0.0,0.0,0,Desktop Engaged
9019965756278401473,Organic Search,mobile,1,19.0,18.0,0.0,0.0,3,Mobile Users
9020019480311270668,Referral,desktop,1,31.0,25.0,0.0,0.0,0,Desktop Engaged
9020183156357919977,Direct,desktop,3,9.0,9.0,0.0,0.0,1,Desktop Frecuente
9020293433767026152,Direct,tablet,1,13.0,13.0,0.0,0.0,3,Mobile Users
9020693101547107991,Organic Search,mobile,1,22.0,18.0,0.0,1.0,3,Mobile Users
9022213382661765375,Paid Search,desktop,1,27.0,22.0,0.0,1.0,2,Weekend Warriors
9023823809215849131,Referral,desktop,1,141.0,93.0,0.0,0.0,0,Desktop Engaged
9024790933657280533,Organic Search,desktop,2,39.0,28.5,0.0,0.0,0,Desktop Engaged
9026840718082010040,Direct,desktop,28,4.0,3.5,0.2142857142857142,0.0,1,Desktop Frecuente
9027926305196111055,Organic Search,desktop,2,22.5,21.5,0.0,0.0,0,Desktop Engaged
9028538602259911357,Referral,desktop,1,30.0,22.0,0.0,0.0,0,Desktop Engaged
9029794295932939024,Referral,desktop,22,32.5,23.5,0.1363636363636363,0.1363636363636363,1,Desktop Frecuente
9031259776223970026,Organic Search,mobile,11,1.0,1.0,0.5454545454545454,0.2727272727272727,3,Mobile Users
9031724260430223922,Organic Search,desktop,4,6.0,5.5,0.25,0.0,1,Desktop Frecuente
9033474883204542086,Referral,desktop,17,1.0,1.0,0.6470588235294118,0.0588235294117647,1,Desktop Frecuente
9034814434587721345,Direct,desktop,2,7.5,7.0,0.5,0.0,1,Desktop Frecuente
9035173114644245964,Organic Search,desktop,2,15.5,12.5,0.5,0.0,1,Desktop Frecuente
9037017629148514881,Referral,desktop,4,18.5,13.5,0.0,0.0,1,Desktop Frecuente
9037855677717484048,Referral,desktop,5,11.0,9.0,0.0,0.0,1,Desktop Frecuente
9039546167108792600,Direct,mobile,3,10.0,9.0,0.0,0.6666666666666666,3,Mobile Users
9040029218099206694,Direct,desktop,2,9.5,8.5,0.0,0.0,1,Desktop Frecuente
9040954603851979954,Direct,desktop,1,100.0,68.0,0.0,1.0,2,Weekend Warriors
9044068295785235529,Paid Search,desktop,2,24.5,21.0,0.0,0.0,0,Desktop Engaged
9044444019630799818,Paid Search,desktop,4,21.5,17.0,0.0,0.0,0,Desktop Engaged
9044693867377555655,Organic Search,desktop,2,22.0,18.0,0.0,1.0,2,Weekend Warriors
9044996785634982792,Referral,desktop,1,17.0,15.0,0.0,0.0,0,Desktop Engaged
9048067102444753039,Referral,desktop,10,12.5,10.5,0.3,0.3,1,Desktop Frecuente
9048197184831921852,Referral,desktop,1,23.0,20.0,0.0,0.0,0,Desktop Engaged
9049250229691904708,Referral,desktop,2,14.0,13.5,0.0,0.5,2,Weekend Warriors
9050594579750010296,Organic Search,desktop,1,14.0,14.0,0.0,0.0,0,Desktop Engaged
9050596587717743130,Direct,desktop,2,33.5,24.0,0.0,0.5,2,Weekend Warriors
9053359699050904883,Referral,desktop,2,17.0,13.0,0.0,0.0,0,Desktop Engaged
9054221017020554281,Direct,desktop,3,2.0,2.0,0.0,0.0,1,Desktop Frecuente
9055644031629567861,Referral,desktop,5,6.0,5.0,0.2,0.0,1,Desktop Frecuente
9056182171688831716,Referral,desktop,4,5.0,5.0,0.25,0.0,1,Desktop Frecuente
9056241680102285255,Referral,desktop,2,28.5,23.0,0.0,0.0,0,Desktop Engaged
9056455627173899052,Referral,desktop,6,15.0,12.5,0.1666666666666666,0.0,1,Desktop Frecuente
9059252837997508617,Paid Search,mobile,6,1.0,1.0,0.8333333333333334,0.0,3,Mobile Users
9060309108953686961,Direct,mobile,1,31.0,25.0,0.0,0.0,3,Mobile Users
9060420634893565665,Organic Search,desktop,1,24.0,21.0,0.0,0.0,0,Desktop Engaged
9061351810978432640,Paid Search,mobile,4,3.0,3.0,0.5,0.25,3,Mobile Users
9061352849805143725,Direct,desktop,1,23.0,19.0,0.0,0.0,0,Desktop Engaged
9065887794578941073,Referral,desktop,1,80.0,60.0,0.0,0.0,0,Desktop Engaged
9067286853388783670,Organic Search,desktop,12,4.5,3.0,0.0,0.0,1,Desktop Frecuente
9067391538272092242,Referral,desktop,3,3.0,3.0,0.0,0.0,1,Desktop Frecuente
9069857677561627108,Paid Search,mobile,7,3.0,3.0,0.2857142857142857,0.0,3,Mobile Users
9070662269260587187,Organic Search,desktop,3,17.0,15.0,0.0,0.0,0,Desktop Engaged
9072756856133512557,Referral,desktop,3,23.0,17.0,0.0,0.0,0,Desktop Engaged
9072959041280024923,Social,desktop,9,1.0,1.0,0.5555555555555556,0.0,1,Desktop Frecuente
9075997958759576862,Organic Search,desktop,3,31.0,24.0,0.0,0.6666666666666666,2,Weekend Warriors
9076167061423470043,Referral,desktop,1,22.0,17.0,0.0,0.0,0,Desktop Engaged
9076419614508247108,Organic Search,desktop,2,21.5,17.5,0.0,0.0,0,Desktop Engaged
9076855423971870982,Referral,desktop,2,10.5,9.0,0.5,0.0,1,Desktop Frecuente
9077492358266652792,Referral,desktop,2,10.0,9.5,0.0,0.0,1,Desktop Frecuente
9077649148974613765,Referral,desktop,7,8.0,6.0,0.2857142857142857,0.1428571428571428,1,Desktop Frecuente
9077717113702247034,Direct,desktop,9,8.0,6.0,0.1111111111111111,0.2222222222222222,1,Desktop Frecuente
9077832746989941740,Referral,desktop,1,74.0,57.0,0.0,0.0,0,Desktop Engaged
9078321444578002385,Referral,desktop,11,5.0,4.0,0.2727272727272727,0.0,1,Desktop Frecuente
9079614112770240084,Direct,desktop,10,6.5,5.5,0.0,0.1,1,Desktop Frecuente
9083435306748007208,Organic Search,mobile,3,23.0,21.0,0.3333333333333333,0.3333333333333333,3,Mobile Users
9084528523233662200,Referral,desktop,3,28.0,23.0,0.0,1.0,2,Weekend Warriors
9085030584269619160,Referral,desktop,2,13.5,11.5,0.0,0.0,0,Desktop Engaged
9085834622128985589,Direct,desktop,2,17.5,15.0,0.0,0.0,0,Desktop Engaged
9085889099907936864,Direct,desktop,1,19.0,18.0,0.0,0.0,0,Desktop Engaged
9086408578145100131,Referral,desktop,5,6.0,6.0,0.0,0.6,1,Desktop Frecuente
9087900634416277162,Organic Search,desktop,1,18.0,15.0,0.0,0.0,0,Desktop Engaged
9088228363013905444,Paid Search,desktop,1,33.0,29.0,0.0,0.0,0,Desktop Engaged
9089051012648902020,Referral,desktop,7,2.0,2.0,0.4285714285714285,0.1428571428571428,1,Desktop Frecuente
9089132392240687728,Direct,desktop,22,35.0,24.5,0.1363636363636363,0.0454545454545454,1,Desktop Frecuente
9089896742439819665,Organic Search,mobile,4,4.5,3.5,0.25,0.75,3,Mobile Users
9090173644074015025,Direct,mobile,1,10.0,10.0,0.0,0.0,3,Mobile Users
9092825759558883226,Organic Search,desktop,1,29.0,25.0,0.0,1.0,2,Weekend Warriors
9095439474545827790,Organic Search,desktop,5,16.0,10.0,0.0,0.0,1,Desktop Frecuente
9095973446989997244,Paid Search,desktop,1,24.0,18.0,0.0,0.0,0,Desktop Engaged
9096520761663761535,Direct,mobile,7,1.0,1.0,0.5714285714285714,0.0,3,Mobile Users
9097173062370236070,Referral,desktop,6,10.0,8.0,0.1666666666666666,0.0,1,Desktop Frecuente
9099065750965948583,Referral,desktop,7,3.0,3.0,0.1428571428571428,0.0,1,Desktop Frecuente
9100527044322435522,Referral,desktop,2,11.0,9.0,0.0,0.0,0,Desktop Engaged
9101737200885775701,Referral,desktop,1,17.0,15.0,0.0,0.0,0,Desktop Engaged
9102289582475822657,Organic Search,desktop,2,18.5,15.5,0.0,0.0,0,Desktop Engaged
9102474086699884011,Referral,desktop,7,5.0,5.0,0.1428571428571428,0.0,1,Desktop Frecuente
9102765564604864805,Organic Search,desktop,7,6.0,5.0,0.1428571428571428,0.0,1,Desktop Frecuente
9103254527726253075,Organic Search,desktop,2,46.0,38.5,0.0,0.0,0,Desktop Engaged
9103904807286032744,Referral,desktop,2,9.0,8.0,0.5,0.0,1,Desktop Frecuente
9104296808650483352,Referral,desktop,2,26.0,21.5,0.0,0.0,0,Desktop Engaged
9104422787977218572,Organic Search,desktop,1,29.0,23.0,0.0,0.0,0,Desktop Engaged
9104901150360487546,Organic Search,desktop,7,1.0,1.0,0.5714285714285714,0.0,1,Desktop Frecuente
9106581677989439015,Referral,desktop,22,1.5,1.5,0.5,0.1818181818181818,1,Desktop Frecuente
9106626115494639878,Direct,desktop,2,36.0,27.0,0.0,0.0,0,Desktop Engaged
9107843838553084970,Referral,desktop,3,9.0,9.0,0.0,0.0,1,Desktop Frecuente
9110454426797065694,Organic Search,desktop,9,7.0,7.0,0.1111111111111111,0.1111111111111111,1,Desktop Frecuente
9113512902535723065,Direct,desktop,7,12.0,8.0,0.2857142857142857,0.0,1,Desktop Frecuente
9113941842423951510,Referral,desktop,2,18.0,16.0,0.0,0.0,0,Desktop Engaged
9114472211309183696,Direct,desktop,1,19.0,17.0,0.0,0.0,0,Desktop Engaged
9116179941398163691,Organic Search,mobile,1,34.0,29.0,0.0,0.0,3,Mobile Users
9117420367534778573,Direct,desktop,2,10.0,9.0,0.5,0.0,1,Desktop Frecuente
9119291339649860876,Direct,desktop,5,6.0,6.0,0.4,0.0,1,Desktop Frecuente
9119794344298537076,Referral,desktop,1,13.0,11.0,0.0,0.0,0,Desktop Engaged
9122350425856868704,Organic Search,desktop,3,60.0,39.0,0.0,0.0,0,Desktop Engaged
9124070353088429794,Organic Search,tablet,1,25.0,21.0,0.0,0.0,3,Mobile Users
9125898229130280539,Referral,desktop,4,10.5,9.0,0.25,0.25,1,Desktop Frecuente
9127648314670892401,Referral,desktop,9,8.0,4.0,0.2222222222222222,0.0,1,Desktop Frecuente
9127657904050953509,Organic Search,desktop,1,114.0,70.0,0.0,0.0,0,Desktop Engaged
9129211916436188214,Direct,desktop,1,31.0,28.0,0.0,0.0,0,Desktop Engaged
9129722426445993838,Direct,desktop,2,11.0,11.0,0.0,0.5,2,Weekend Warriors
9130367396705369382,Organic Search,desktop,1,12.0,12.0,0.0,0.0,0,Desktop Engaged
9135168218457732709,Referral,desktop,1,94.0,64.0,0.0,0.0,0,Desktop Engaged
9135708143864560661,Organic Search,desktop,4,7.0,6.5,0.25,0.0,1,Desktop Frecuente
9138484868219723863,Referral,desktop,1,15.0,14.0,0.0,0.0,0,Desktop Engaged
9138559110728352408,Referral,desktop,3,14.0,12.0,0.0,0.3333333333333333,1,Desktop Frecuente
9138724730025253369,Referral,desktop,1,48.0,37.0,0.0,0.0,0,Desktop Engaged
9138953117283252035,Referral,desktop,7,1.0,1.0,0.5714285714285714,0.0,1,Desktop Frecuente
9141220446851563090,Referral,desktop,10,2.0,2.0,0.5,0.3,1,Desktop Frecuente
9150407128657944902,Referral,desktop,4,8.5,8.0,0.0,0.0,1,Desktop Frecuente
9152155335060859016,Organic Search,desktop,2,46.5,33.5,0.0,0.0,0,Desktop Engaged
9153398667901840439,Direct,desktop,2,12.5,10.5,0.0,0.0,0,Desktop Engaged
9153569028584301784,Organic Search,desktop,1,23.0,17.0,0.0,0.0,0,Desktop Engaged
9155247455094751450,Organic Search,desktop,1,16.0,13.0,0.0,0.0,0,Desktop Engaged
9155733677303509015,Direct,desktop,2,12.5,10.5,0.0,0.0,0,Desktop Engaged
9155837924786381268,Organic Search,desktop,2,17.0,15.5,0.0,0.0,0,Desktop Engaged
9156564036943742267,Direct,desktop,1,40.0,33.0,0.0,1.0,2,Weekend Warriors
9156598245251666249,Referral,desktop,1,20.0,16.0,0.0,0.0,0,Desktop Engaged
9160012321913348805,Direct,desktop,1,16.0,12.0,0.0,1.0,2,Weekend Warriors
9160688801124625042,Direct,desktop,5,41.0,26.0,0.2,0.4,0,Desktop Engaged
9160823894533636806,Organic Search,mobile,1,34.0,24.0,0.0,0.0,3,Mobile Users
9161549067325106850,Organic Search,mobile,2,10.0,8.5,0.5,0.5,3,Mobile Users
9161805961313922627,Organic Search,mobile,1,15.0,14.0,0.0,0.0,3,Mobile Users
9162599630650052136,Paid Search,desktop,5,46.0,27.0,0.0,0.0,0,Desktop Engaged
9162804834377040364,Organic Search,desktop,1,30.0,26.0,0.0,1.0,2,Weekend Warriors
9164781149169362915,Referral,desktop,1,15.0,13.0,0.0,0.0,0,Desktop Engaged
9164894477297734993,Organic Search,desktop,2,18.5,16.5,0.5,0.0,0,Desktop Engaged
9166972626679050152,Referral,desktop,1,52.0,38.0,0.0,0.0,0,Desktop Engaged
9167543463561381691,Organic Search,desktop,1,30.0,24.0,0.0,0.0,0,Desktop Engaged
9167619143528536175,Referral,desktop,2,66.5,45.5,0.0,0.0,0,Desktop Engaged
9169315450686147323,Organic Search,tablet,2,40.5,19.5,0.0,0.0,3,Mobile Users
9170450146722277059,Referral,desktop,9,4.0,4.0,0.1111111111111111,0.0,1,Desktop Frecuente
9171091809243293607,Organic Search,desktop,2,10.5,9.0,0.0,0.0,0,Desktop Engaged
9174179047311042433,Direct,mobile,2,9.5,8.5,0.5,1.0,3,Mobile Users
9175759822797346321,Direct,desktop,3,1.0,1.0,0.6666666666666666,0.0,1,Desktop Frecuente
9178268652793485152,Direct,desktop,2,12.0,10.5,0.0,0.5,2,Weekend Warriors
9179364299608933418,Paid Search,desktop,1,23.0,20.0,0.0,1.0,2,Weekend Warriors
9179681626908443847,Direct,desktop,4,9.5,9.0,0.0,0.0,1,Desktop Frecuente
9179926875035453581,Referral,desktop,3,21.0,18.0,0.3333333333333333,0.0,1,Desktop Frecuente
9180245817688143793,Organic Search,desktop,1,18.0,14.0,0.0,0.0,0,Desktop Engaged
9187801447162670683,Direct,desktop,1,16.0,16.0,0.0,0.0,0,Desktop Engaged
9188719261493987540,Organic Search,mobile,2,16.0,13.0,0.0,0.0,3,Mobile Users
9190832385916027459,Referral,desktop,2,25.5,18.0,0.0,0.0,0,Desktop Engaged
9191988749856258904,Organic Search,desktop,1,16.0,14.0,0.0,0.0,0,Desktop Engaged
9192050658112953220,Referral,desktop,5,19.0,14.0,0.2,0.2,1,Desktop Frecuente
9193930054101057748,Organic Search,desktop,7,13.0,11.0,0.0,0.0,1,Desktop Frecuente
9195681118622809806,Referral,desktop,1,29.0,25.0,0.0,0.0,0,Desktop Engaged
9196760344600861355,Referral,desktop,3,8.0,6.0,0.0,0.0,1,Desktop Frecuente
9197517123967159565,Referral,desktop,3,11.0,11.0,0.3333333333333333,0.0,1,Desktop Frecuente
9199984406158134288,Organic Search,desktop,1,14.0,12.0,0.0,0.0,0,Desktop Engaged
9201778469825138922,Organic Search,mobile,1,13.0,13.0,0.0,0.0,3,Mobile Users
9204558610482507007,Organic Search,desktop,7,4.0,4.0,0.1428571428571428,0.0,1,Desktop Frecuente
9205496322274361632,Organic Search,desktop,3,9.0,8.0,0.3333333333333333,0.6666666666666666,1,Desktop Frecuente
9207350605949288880,Organic Search,desktop,3,16.0,15.0,0.0,0.0,1,Desktop Frecuente
9207818451392214469,Referral,desktop,1,28.0,20.0,0.0,0.0,0,Desktop Engaged
9208589398581305030,Referral,desktop,2,28.0,23.5,0.0,0.0,0,Desktop Engaged
9213584705844626996,Referral,desktop,9,3.0,3.0,0.2222222222222222,0.0,1,Desktop Frecuente
9213598316210983037,Organic Search,desktop,4,26.5,18.5,0.0,0.0,0,Desktop Engaged
9216546597638935577,Organic Search,desktop,1,25.0,19.0,0.0,1.0,2,Weekend Warriors
9218024446277360910,Direct,desktop,1,66.0,54.0,0.0,0.0,0,Desktop Engaged
9218407649546437318,Organic Search,mobile,1,33.0,30.0,0.0,1.0,3,Mobile Users
9219439174856712797,Direct,mobile,2,13.0,12.5,0.0,0.0,3,Mobile Users
9219609257103359166,Referral,desktop,3,3.0,3.0,0.0,0.0,1,Desktop Frecuente
9220356678930617046,Referral,desktop,2,20.0,17.0,0.0,0.0,0,Desktop Engaged
9220403459070771293,Social,desktop,1,14.0,13.0,0.0,0.0,0,Desktop Engaged
9220624765783417577,Referral,desktop,1,26.0,24.0,0.0,1.0,2,Weekend Warriors
9221994018681606788,Referral,desktop,1,51.0,46.0,0.0,0.0,0,Desktop Engaged
9223171695530901209,Organic Search,desktop,2,43.5,30.5,0.0,1.0,2,Weekend Warriors
9224783500329448504,Organic Search,desktop,1,21.0,18.0,0.0,0.0,0,Desktop Engaged
9225056479434506088,Organic Search,desktop,6,12.0,8.5,0.1666666666666666,0.6666666666666666,1,Desktop Frecuente
9225817754546900364,Direct,desktop,1,67.0,51.0,0.0,1.0,2,Weekend Warriors
9226278380512438191,Paid Search,desktop,2,55.5,37.0,0.0,1.0,2,Weekend Warriors
9227772112500941696,Direct,mobile,5,12.0,12.0,0.4,0.0,3,Mobile Users
9228091811246318377,Direct,desktop,2,15.0,14.0,0.0,0.0,0,Desktop Engaged
9229542996504034507,Referral,desktop,5,2.0,2.0,0.2,0.0,1,Desktop Frecuente
9229825766007048797,Organic Search,desktop,2,16.5,15.0,0.0,0.0,0,Desktop Engaged
9232798931228744855,Organic Search,desktop,1,54.0,38.0,0.0,0.0,0,Desktop Engaged
9233239597587770346,Referral,desktop,5,4.0,4.0,0.0,0.0,1,Desktop Frecuente
9234156111722725905,Direct,tablet,2,16.0,12.0,0.5,0.5,3,Mobile Users
9234695430775481788,Organic Search,tablet,1,37.0,28.0,0.0,0.0,3,Mobile Users
9236111873622098497,Direct,desktop,3,1.0,1.0,0.6666666666666666,0.0,1,Desktop Frecuente
9236367624878317044,Referral,desktop,8,14.0,10.5,0.125,0.0,1,Desktop Frecuente
9236502013498900724,Referral,desktop,4,24.0,20.5,0.0,0.25,1,Desktop Frecuente
9236937732573035200,Direct,desktop,1,29.0,25.0,0.0,0.0,0,Desktop Engaged
9237271576556447449,Referral,desktop,1,42.0,38.0,0.0,1.0,2,Weekend Warriors
9238627988469145785,Referral,desktop,2,22.0,17.0,0.0,0.0,0,Desktop Engaged
9238751503458248415,Organic Search,desktop,2,8.0,7.5,0.0,0.0,1,Desktop Frecuente
9240425877262756231,Direct,desktop,2,20.0,18.0,0.5,0.0,0,Desktop Engaged
9241394751815106636,Referral,desktop,4,18.0,14.0,0.25,0.0,1,Desktop Frecuente
9241912494909831987,Referral,desktop,3,8.0,8.0,0.0,0.0,1,Desktop Frecuente
9242714675091818589,Organic Search,desktop,2,37.5,32.0,0.0,0.5,2,Weekend Warriors
9247058840665682249,Paid Search,mobile,7,4.0,4.0,0.0,0.1428571428571428,3,Mobile Users
9248282252259286465,Referral,desktop,1,45.0,41.0,0.0,0.0,0,Desktop Engaged
9249130983722228273,Referral,desktop,19,2.0,2.0,0.4210526315789473,0.0,1,Desktop Frecuente
9252419163788953027,Paid Search,desktop,1,50.0,33.0,0.0,1.0,2,Weekend Warriors
9253755615213751082,Direct,mobile,21,1.0,1.0,0.7619047619047619,0.1904761904761904,3,Mobile Users
9253840199847773410,Referral,desktop,1,28.0,22.0,0.0,0.0,0,Desktop Engaged
9257707423255469457,Referral,desktop,5,4.0,4.0,0.2,0.4,1,Desktop Frecuente
9259412484953197672,Referral,desktop,14,4.0,3.0,0.2857142857142857,0.0,1,Desktop Frecuente
9259810944241867637,Referral,desktop,11,4.0,4.0,0.0,0.0,1,Desktop Frecuente
9262188833552187885,Referral,desktop,2,21.5,17.5,0.0,0.0,0,Desktop Engaged
9263433725589070912,Referral,desktop,18,4.0,4.0,0.1666666666666666,0.0,1,Desktop Frecuente
9263852900501117129,Paid Search,mobile,4,9.5,8.0,0.25,0.25,3,Mobile Users
9263921253881961615,Referral,desktop,4,12.5,10.0,0.0,0.5,1,Desktop Frecuente
9264586279385429570,Direct,desktop,2,15.0,13.0,0.0,0.0,0,Desktop Engaged
9264804092676520813,Organic Search,desktop,3,85.0,71.0,0.3333333333333333,0.0,0,Desktop Engaged
9265868027745743240,Direct,mobile,1,27.0,24.0,0.0,0.0,3,Mobile Users
9269048191224173747,Referral,desktop,2,14.5,12.0,0.0,0.0,0,Desktop Engaged
9269711109739542805,Organic Search,desktop,1,40.0,32.0,0.0,0.0,0,Desktop Engaged
9271646111007364974,Organic Search,desktop,2,28.5,19.0,0.0,0.0,0,Desktop Engaged
9272602657052463173,Organic Search,desktop,8,1.5,1.5,0.5,0.0,1,Desktop Frecuente
9274574258402177426,Referral,desktop,2,24.5,19.0,0.0,0.0,0,Desktop Engaged
9275740735751035515,Referral,desktop,18,3.5,2.5,0.3888888888888889,0.0555555555555555,1,Desktop Frecuente
9275813847347927121,Paid Search,desktop,10,7.0,7.0,0.0,0.2,1,Desktop Frecuente
9276023667336827655,Referral,desktop,3,24.0,15.0,0.0,0.0,0,Desktop Engaged
9276664078105662060,Organic Search,desktop,3,32.0,25.0,0.0,0.0,0,Desktop Engaged
9277280346564018096,Referral,desktop,5,14.0,13.0,0.0,0.0,1,Desktop Frecuente
9278147896530416985,Organic Search,desktop,2,55.5,40.0,0.5,0.0,0,Desktop Engaged
9279054985382832587,Referral,desktop,2,11.5,9.5,0.0,0.0,0,Desktop Engaged
9279133350309970256,Direct,desktop,1,19.0,17.0,0.0,1.0,2,Weekend Warriors
9280768891345910775,Referral,desktop,2,26.5,22.5,0.0,0.0,0,Desktop Engaged
9280788141225702561,Referral,desktop,4,31.5,22.0,0.0,0.0,0,Desktop Engaged
9282206218253931143,Direct,desktop,2,22.5,19.5,0.0,0.0,0,Desktop Engaged
9283384332468140262,Referral,desktop,1,68.0,55.0,0.0,0.0,0,Desktop Engaged
9283837604660716391,Social,tablet,1,11.0,9.0,0.0,0.0,3,Mobile Users
9289122260423995124,Organic Search,desktop,3,29.0,27.0,0.0,0.0,0,Desktop Engaged
9292934245619777169,Referral,desktop,1,10.0,10.0,0.0,0.0,0,Desktop Engaged
9293223521534878892,Referral,desktop,1,23.0,18.0,0.0,0.0,0,Desktop Engaged
9293364933491818472,Organic Search,desktop,1,62.0,43.0,0.0,1.0,2,Weekend Warriors
9293575840819435961,Organic Search,desktop,3,13.0,9.0,0.0,0.0,1,Desktop Frecuente
9295804456839509915,Direct,desktop,3,13.0,12.0,0.3333333333333333,0.3333333333333333,1,Desktop Frecuente
9301277772206384773,Organic Search,desktop,4,13.5,10.5,0.0,0.25,1,Desktop Frecuente
9302330158412938253,Organic Search,desktop,1,49.0,39.0,0.0,0.0,0,Desktop Engaged
9302766158319731850,Direct,desktop,3,2.0,2.0,0.3333333333333333,0.0,1,Desktop Frecuente
9302767552528832368,Organic Search,desktop,4,11.0,5.5,0.25,0.25,1,Desktop Frecuente
9303426900204805186,Organic Search,desktop,2,27.0,21.5,0.0,0.0,0,Desktop Engaged
9303597515522078918,Organic Search,desktop,1,23.0,20.0,0.0,0.0,0,Desktop Engaged
9305224849656676534,Referral,desktop,3,28.0,20.0,0.0,0.0,0,Desktop Engaged
9305766004990797685,Referral,desktop,7,13.0,12.0,0.2857142857142857,0.0,1,Desktop Frecuente
9308310352918219134,Direct,desktop,9,3.0,3.0,0.1111111111111111,0.0,1,Desktop Frecuente
9310312423239347353,Organic Search,desktop,1,17.0,15.0,0.0,1.0,2,Weekend Warriors
9313739311793455748,Direct,mobile,4,4.0,4.0,0.25,0.0,3,Mobile Users
9314931620201618507,Organic Search,desktop,1,53.0,47.0,0.0,1.0,2,Weekend Warriors
9317820054005983401,Organic Search,desktop,3,2.0,2.0,0.3333333333333333,0.0,1,Desktop Frecuente
9317886250645600595,Direct,tablet,2,75.5,50.5,0.5,0.5,3,Mobile Users
9319442569262055147,Organic Search,desktop,1,84.0,80.0,0.0,0.0,0,Desktop Engaged
9320164337521602239,Direct,desktop,1,57.0,40.0,0.0,1.0,2,Weekend Warriors
9321249088840780912,Paid Search,mobile,1,26.0,23.0,0.0,0.0,3,Mobile Users
9321967957655029034,Referral,desktop,2,89.0,37.5,0.0,0.0,0,Desktop Engaged
9321992357308939253,Organic Search,desktop,3,33.0,16.0,0.0,0.0,0,Desktop Engaged
9322809355317505593,Referral,desktop,5,10.0,10.0,0.4,0.2,1,Desktop Frecuente
9323069406687793647,Referral,desktop,1,13.0,13.0,0.0,0.0,0,Desktop Engaged
9324829089415258862,Referral,desktop,3,14.0,12.0,0.3333333333333333,0.0,1,Desktop Frecuente
9326855238826836003,Direct,desktop,1,20.0,20.0,0.0,0.0,0,Desktop Engaged
9329980237636889950,Organic Search,desktop,1,25.0,23.0,0.0,0.0,0,Desktop Engaged
9330433473613640440,Referral,desktop,4,17.5,13.0,0.0,0.0,1,Desktop Frecuente
9330660893585289377,Organic Search,desktop,3,7.0,7.0,0.0,0.0,1,Desktop Frecuente
9332319683360717593,Organic Search,desktop,7,5.0,5.0,0.1428571428571428,0.2857142857142857,1,Desktop Frecuente
9332559619940886845,Referral,desktop,1,57.0,47.0,0.0,0.0,0,Desktop Engaged
9332976968342857288,Referral,desktop,3,11.0,10.0,0.0,0.0,1,Desktop Frecuente
9333802179902056601,Organic Search,desktop,2,24.5,20.5,0.0,0.0,0,Desktop Engaged
9335042568264282780,Referral,mobile,14,3.0,3.0,0.3571428571428571,0.2142857142857142,3,Mobile Users
9336440504907193236,Organic Search,mobile,2,31.5,24.0,0.0,0.0,3,Mobile Users
9337603034215016451,Referral,desktop,2,18.0,13.5,0.0,0.0,0,Desktop Engaged
9338119404746657652,Organic Search,desktop,1,32.0,23.0,0.0,0.0,0,Desktop Engaged
9338374006954760146,Direct,desktop,4,41.0,30.5,0.0,0.0,0,Desktop Engaged
9340120327183935722,Direct,desktop,7,1.0,1.0,0.5714285714285714,0.1428571428571428,1,Desktop Frecuente
9340462929584208347,Direct,desktop,3,6.0,6.0,0.0,0.0,1,Desktop Frecuente
9341809902223423547,Direct,desktop,1,14.0,13.0,0.0,0.0,0,Desktop Engaged
9341891163458549514,Referral,desktop,3,5.0,5.0,0.3333333333333333,0.0,1,Desktop Frecuente
9342781097328717607,Organic Search,desktop,3,7.0,7.0,0.0,0.0,1,Desktop Frecuente
9344315745283537381,Organic Search,desktop,7,16.0,12.0,0.1428571428571428,0.5714285714285714,1,Desktop Frecuente
9344661624535255277,Referral,desktop,17,5.0,5.0,0.1764705882352941,0.0588235294117647,1,Desktop Frecuente
9345236291311011831,Referral,desktop,2,17.0,14.0,0.0,0.0,0,Desktop Engaged
9347594099928593114,Direct,desktop,3,6.0,4.0,0.0,0.0,1,Desktop Frecuente
9349161317881541522,Social,desktop,12,1.5,1.5,0.5,0.0833333333333333,1,Desktop Frecuente
9349364692544549739,Referral,desktop,2,18.5,15.5,0.0,0.5,2,Weekend Warriors
9350198009120928098,Referral,desktop,5,4.0,4.0,0.2,0.0,1,Desktop Frecuente
9352955759477478024,Direct,desktop,2,10.5,9.5,0.0,0.0,0,Desktop Engaged
9356220375344128149,Organic Search,desktop,2,35.0,23.5,0.0,1.0,2,Weekend Warriors
9356437814803179808,Organic Search,desktop,2,17.0,15.5,0.0,0.5,2,Weekend Warriors
9356454171454557820,Referral,desktop,9,6.0,6.0,0.1111111111111111,0.2222222222222222,1,Desktop Frecuente
9359260991266226539,Referral,desktop,4,13.5,11.5,0.25,0.0,1,Desktop Frecuente
9360023356351962017,Organic Search,desktop,1,24.0,19.0,0.0,0.0,0,Desktop Engaged
9360830967310345792,Organic Search,desktop,1,142.0,88.0,0.0,0.0,0,Desktop Engaged
9361412188151560825,Direct,desktop,1,13.0,11.0,0.0,0.0,0,Desktop Engaged
9362054500840831902,Direct,desktop,2,21.0,15.5,0.0,0.0,0,Desktop Engaged
9363207205094761073,Referral,desktop,11,2.0,2.0,0.0909090909090909,0.0,1,Desktop Frecuente
9363688388068627633,Direct,mobile,2,14.0,11.0,0.0,0.0,3,Mobile Users
9364595610986559397,Direct,desktop,1,15.0,15.0,0.0,0.0,0,Desktop Engaged
9365923038189145929,Organic Search,desktop,1,18.0,15.0,0.0,1.0,2,Weekend Warriors
9366501767240596824,Display,mobile,2,31.5,21.5,0.0,0.0,3,Mobile Users
9366737913025963076,Direct,mobile,1,14.0,14.0,0.0,0.0,3,Mobile Users
9367883304718826385,Referral,desktop,1,43.0,36.0,0.0,0.0,0,Desktop Engaged
9368618189538624238,Direct,mobile,7,2.0,2.0,0.4285714285714285,0.0,3,Mobile Users
9369594665112316825,Referral,desktop,3,15.0,8.0,0.0,0.0,0,Desktop Engaged
9372380334741229572,Referral,desktop,1,21.0,18.0,0.0,0.0,0,Desktop Engaged
9372618001980854712,Referral,desktop,11,25.0,21.0,0.0909090909090909,0.1818181818181818,1,Desktop Frecuente
9372757256015495422,Referral,desktop,5,11.0,11.0,0.2,0.0,1,Desktop Frecuente
9373231378984131987,Organic Search,desktop,4,19.5,18.0,0.0,1.0,2,Weekend Warriors
9373768824735614756,Organic Search,mobile,3,3.0,3.0,0.3333333333333333,0.0,3,Mobile Users
9374455635799053074,Referral,desktop,4,7.5,7.5,0.0,0.0,1,Desktop Frecuente
9374732127201012465,Referral,desktop,8,5.0,5.0,0.25,0.375,1,Desktop Frecuente
9374906684711010516,Referral,desktop,3,12.0,11.0,0.0,0.0,1,Desktop Frecuente
9375313974510864309,Organic Search,desktop,2,23.5,17.5,0.0,0.0,0,Desktop Engaged
9375786706418760163,Direct,desktop,2,12.5,12.0,0.0,0.0,0,Desktop Engaged
9376652341885109410,Referral,desktop,1,29.0,21.0,0.0,0.0,0,Desktop Engaged
9377429831454005466,Organic Search,desktop,28,13.0,11.5,0.1785714285714285,0.0357142857142857,1,Desktop Frecuente
9377458374004899718,Referral,desktop,3,25.0,19.0,0.0,0.0,0,Desktop Engaged
9378433426283964191,Referral,desktop,2,24.0,19.5,0.0,0.0,0,Desktop Engaged
9381613889924165775,Organic Search,desktop,1,43.0,31.0,0.0,0.0,0,Desktop Engaged
9382046690457797406,Organic Search,desktop,2,62.5,57.5,0.5,0.0,0,Desktop Engaged
9383567792856137029,Direct,desktop,2,8.5,7.5,0.0,0.0,1,Desktop Frecuente
9386787389707627667,Referral,desktop,3,22.0,20.0,0.0,0.3333333333333333,0,Desktop Engaged
9387513564437162701,Direct,desktop,1,16.0,15.0,0.0,1.0,2,Weekend Warriors
9388951771131521213,Organic Search,desktop,1,26.0,22.0,0.0,0.0,0,Desktop Engaged
9388969702302248585,Referral,desktop,2,12.0,12.0,0.0,0.0,0,Desktop Engaged
9389394020676013822,Organic Search,tablet,1,50.0,41.0,0.0,0.0,3,Mobile Users
9389853808320852799,Organic Search,desktop,2,51.0,39.0,0.0,0.0,0,Desktop Engaged
9391607314160932483,Direct,desktop,1,32.0,29.0,0.0,1.0,2,Weekend Warriors
9392183378177213313,Direct,desktop,2,27.5,20.5,0.0,0.0,0,Desktop Engaged
9392576903731388837,Direct,desktop,5,5.0,5.0,0.0,0.0,1,Desktop Frecuente
9392777155254383554,Referral,desktop,4,4.5,4.5,0.25,0.0,1,Desktop Frecuente
9393064695401243962,Organic Search,desktop,1,30.0,27.0,0.0,0.0,0,Desktop Engaged
9396277966684928974,Direct,desktop,1,32.0,26.0,0.0,0.0,0,Desktop Engaged
9398183614127015265,Referral,desktop,1,8.0,8.0,0.0,0.0,0,Desktop Engaged
9398461133792674482,Organic Search,mobile,2,14.0,13.5,0.0,0.0,3,Mobile Users
9400788889925375458,Organic Search,tablet,2,10.5,9.0,0.5,0.5,3,Mobile Users
9401702056400438327,Referral,desktop,3,12.0,9.0,0.0,0.0,1,Desktop Frecuente
9404133201034662338,Referral,desktop,6,5.0,4.0,0.3333333333333333,0.0,1,Desktop Frecuente
9405485680580115481,Organic Search,tablet,2,13.0,10.0,0.0,0.0,3,Mobile Users
9407411142026570431,Referral,desktop,4,40.5,33.0,0.0,0.0,0,Desktop Engaged
9408687249095650177,Organic Search,desktop,2,15.0,13.0,0.0,0.0,0,Desktop Engaged
9409306998104220839,Referral,desktop,6,9.0,9.0,0.1428571428571428,0.4285714285714285,1,Desktop Frecuente
9412019855771301758,Referral,desktop,3,1.0,1.0,0.6666666666666666,0.0,1,Desktop Frecuente
9412874126037419152,Organic Search,mobile,3,2.0,2.0,0.3333333333333333,0.0,3,Mobile Users
9412934606338965915,Organic Search,desktop,1,20.0,17.0,0.0,0.0,0,Desktop Engaged
9415047435363681557,Direct,desktop,7,10.0,9.0,0.1428571428571428,0.0,1,Desktop Frecuente
9415829283766056542,Referral,desktop,3,16.0,13.0,0.0,0.0,0,Desktop Engaged
9417857471295131045,Direct,desktop,16,20.5,14.5,0.0,0.0,1,Desktop Frecuente
9417971731855271040,Referral,desktop,3,32.0,27.0,0.0,0.0,0,Desktop Engaged
9418009854931436193,Direct,desktop,2,42.0,30.0,0.0,0.0,0,Desktop Engaged
9418685082988026045,Referral,desktop,2,26.0,22.0,0.0,1.0,2,Weekend Warriors
9419904291932489665,Direct,desktop,4,23.5,18.5,0.0,0.0,0,Desktop Engaged
9420235641168987849,Organic Search,desktop,1,32.0,20.0,0.0,0.0,0,Desktop Engaged
9421912012077740280,Referral,desktop,1,50.0,33.0,0.0,0.0,0,Desktop Engaged
9422085418164335542,Organic Search,desktop,1,23.0,23.0,0.0,0.0,0,Desktop Engaged
9422501587775170340,Organic Search,mobile,1,32.0,25.0,0.0,1.0,3,Mobile Users
9422760889084118921,Direct,desktop,1,20.0,15.0,0.0,0.0,0,Desktop Engaged
9423576751760739793,Organic Search,mobile,1,49.0,42.0,0.0,0.0,3,Mobile Users
9424126722376172691,Direct,desktop,2,11.5,10.5,0.0,0.5,2,Weekend Warriors
9424559988281477207,Paid Search,desktop,1,23.0,19.0,0.0,0.0,0,Desktop Engaged
9426148810376053164,Referral,desktop,1,45.0,33.0,0.0,0.0,0,Desktop Engaged
9426279967175711043,Referral,desktop,5,5.0,5.0,0.0,0.0,1,Desktop Frecuente
9427363159955336757,Paid Search,desktop,3,4.0,4.0,0.3333333333333333,0.6666666666666666,1,Desktop Frecuente
9428659505903216368,Direct,desktop,1,50.0,37.0,0.0,0.0,0,Desktop Engaged
9429313791879453897,Direct,desktop,1,14.0,13.0,0.0,0.0,0,Desktop Engaged
9429712068285188439,Referral,desktop,2,19.5,16.0,0.0,0.0,0,Desktop Engaged
9431575744211678902,Organic Search,desktop,2,22.5,18.5,0.0,0.0,0,Desktop Engaged
9432393275834688713,Referral,desktop,4,14.5,12.0,0.0,0.0,1,Desktop Frecuente
9433517997046669782,Direct,desktop,6,11.5,11.0,0.1666666666666666,0.1666666666666666,1,Desktop Frecuente
9433643728318784543,Referral,desktop,2,26.0,20.5,0.0,0.0,0,Desktop Engaged
9436659411047882708,Organic Search,desktop,3,16.0,12.0,0.0,0.0,0,Desktop Engaged
9438258078214082431,Organic Search,desktop,2,15.5,14.0,0.0,1.0,2,Weekend Warriors
9440207305045075925,Organic Search,desktop,3,7.0,7.0,0.0,0.3333333333333333,1,Desktop Frecuente
9441031549900042682,Referral,desktop,14,3.0,3.0,0.2142857142857142,0.1428571428571428,1,Desktop Frecuente
9445040027321501864,Organic Search,desktop,2,43.0,34.5,0.0,0.0,0,Desktop Engaged
9445171435422230535,Referral,desktop,1,20.0,16.0,0.0,0.0,0,Desktop Engaged
9447628234251166900,Referral,desktop,3,18.0,18.0,0.0,0.0,0,Desktop Engaged
9447764837726982874,Referral,desktop,3,35.0,28.0,0.0,0.3333333333333333,0,Desktop Engaged
9448751983627817237,Referral,desktop,2,20.0,15.5,0.0,0.0,0,Desktop Engaged
9450483833307402164,Referral,desktop,1,27.0,25.0,0.0,0.0,0,Desktop Engaged
9452086584507678214,Referral,desktop,5,4.0,4.0,0.0,0.0,1,Desktop Frecuente
9453866125712882796,Referral,desktop,2,7.0,7.0,0.0,0.0,1,Desktop Frecuente
9454658927597604131,Referral,desktop,1,20.0,18.0,0.0,0.0,0,Desktop Engaged
9456983848041488032,Organic Search,desktop,1,29.0,21.0,0.0,1.0,2,Weekend Warriors
9457104387096900889,Direct,desktop,2,33.0,23.0,0.0,1.0,2,Weekend Warriors
9457424060742283177,Display,desktop,1,26.0,20.0,0.0,0.0,0,Desktop Engaged
9457643087878203141,Direct,desktop,5,41.0,33.0,0.0,0.0,0,Desktop Engaged
9458478946174454541,Paid Search,desktop,2,26.5,20.5,0.0,0.0,0,Desktop Engaged
9459521664420901303,Direct,desktop,3,5.0,4.0,0.0,0.0,1,Desktop Frecuente
9459841378978411340,Organic Search,desktop,2,72.5,59.0,0.0,0.0,0,Desktop Engaged
9460311742865907976,Paid Search,mobile,1,26.0,22.0,0.0,1.0,3,Mobile Users
9461085764410174486,Organic Search,desktop,2,10.0,8.5,0.0,0.0,0,Desktop Engaged
9461228084210317849,Referral,desktop,1,27.0,23.0,0.0,1.0,2,Weekend Warriors
9461730563867902782,Referral,desktop,1,38.0,29.0,0.0,0.0,0,Desktop Engaged
9462748099855919289,Referral,desktop,1,67.0,45.0,0.0,0.0,0,Desktop Engaged
9463310901039395339,Direct,desktop,1,32.0,16.0,0.0,0.0,0,Desktop Engaged
9463806441056350498,Organic Search,desktop,3,8.0,8.0,0.3333333333333333,0.0,1,Desktop Frecuente
9465600959747280653,Organic Search,desktop,2,8.5,7.0,0.0,0.0,1,Desktop Frecuente
9465622574731169620,Referral,desktop,1,68.0,52.0,0.0,0.0,0,Desktop Engaged
9465930712258878497,Referral,desktop,1,16.0,14.0,0.0,0.0,0,Desktop Engaged
9466698608172865233,Organic Search,desktop,1,32.0,27.0,0.0,0.0,0,Desktop Engaged
9467619663210756890,Direct,desktop,38,1.0,1.0,0.5263157894736842,0.0263157894736842,1,Desktop Frecuente
9469111554165256569,Referral,desktop,1,31.0,22.0,0.0,0.0,0,Desktop Engaged
9469223284221868281,Referral,desktop,4,11.0,7.5,0.25,1.0,2,Weekend Warriors
9469314136392123821,Direct,desktop,1,22.0,19.0,0.0,0.0,0,Desktop Engaged
9470918284099545159,Direct,desktop,1,23.0,22.0,0.0,0.0,0,Desktop Engaged
9471233281786880311,Referral,desktop,10,2.5,2.5,0.5,0.0,1,Desktop Frecuente
9471810254016440991,Organic Search,desktop,2,19.0,16.0,0.0,0.0,0,Desktop Engaged
9475000972333610150,Referral,desktop,2,27.0,23.0,0.0,0.0,0,Desktop Engaged
9475218131155083092,Referral,desktop,1,30.0,24.0,0.0,0.0,0,Desktop Engaged
9476348446859765776,Display,desktop,16,11.0,9.0,0.0,0.0,1,Desktop Frecuente
9477829551781094415,Direct,desktop,3,9.0,9.0,0.0,0.0,1,Desktop Frecuente
9478017318518077381,Referral,desktop,2,16.0,14.5,0.0,0.0,0,Desktop Engaged
9478362596934369742,Organic Search,mobile,1,27.0,22.0,0.0,0.0,3,Mobile Users
9478703665192320614,Organic Search,desktop,1,11.0,11.0,0.0,0.0,0,Desktop Engaged
9480326759336957376,Organic Search,mobile,1,24.0,19.0,0.0,0.0,3,Mobile Users
9482544472489334744,Referral,desktop,6,10.0,9.0,0.0,0.0,1,Desktop Frecuente
9484234336257707179,Referral,desktop,5,9.0,9.0,0.0,0.2,1,Desktop Frecuente
9485972956098452266,Organic Search,desktop,3,78.0,57.0,0.0,0.0,0,Desktop Engaged
9490705353206455281,Referral,desktop,5,4.0,4.0,0.2,0.4,1,Desktop Frecuente
9492321535184723478,Referral,desktop,4,18.5,13.0,0.0,0.0,1,Desktop Frecuente
9493021416478611124,Referral,desktop,1,28.0,26.0,0.0,1.0,2,Weekend Warriors
9493494763769975479,Direct,desktop,3,12.0,9.0,0.0,0.6666666666666666,2,Weekend Warriors
9493534941623975611,Referral,desktop,2,28.0,22.5,0.0,0.5,2,Weekend Warriors
9494133895731511288,Referral,desktop,1,24.0,20.0,0.0,0.0,0,Desktop Engaged
9494932638513134134,Organic Search,desktop,1,71.0,54.0,0.0,0.0,0,Desktop Engaged
9495542473910378037,Organic Search,mobile,6,5.0,5.0,0.3333333333333333,0.0,3,Mobile Users
9499863085866799147,Referral,desktop,2,12.0,12.0,0.0,0.5,2,Weekend Warriors
9501779440932333497,Referral,desktop,14,1.0,1.0,0.6428571428571429,0.0,1,Desktop Frecuente
9501935735689807050,Referral,desktop,16,5.0,5.0,0.0625,0.125,1,Desktop Frecuente
9502030060369131343,Organic Search,desktop,1,20.0,17.0,0.0,0.0,0,Desktop Engaged
9503263320769884901,Referral,desktop,7,4.0,4.0,0.2857142857142857,0.0,1,Desktop Frecuente
9503612993189278427,Direct,desktop,5,13.0,10.0,0.2,0.0,1,Desktop Frecuente
9505279375401532282,Organic Search,mobile,1,29.0,27.0,0.0,1.0,3,Mobile Users
9505484401754648749,Referral,desktop,9,7.0,7.0,0.2222222222222222,0.1111111111111111,1,Desktop Frecuente
9505488127999299537,Referral,desktop,5,3.0,3.0,0.2,0.0,1,Desktop Frecuente
9507736163898888702,Organic Search,desktop,1,25.0,19.0,0.0,0.0,0,Desktop Engaged
9508544975396755922,Referral,desktop,1,28.0,24.0,0.0,0.0,0,Desktop Engaged
9508546152429052363,Organic Search,desktop,3,26.0,22.0,0.0,0.6666666666666666,2,Weekend Warriors
9509348681300444250,Organic Search,mobile,12,2.0,2.0,0.3333333333333333,0.0833333333333333,3,Mobile Users
9509621049646377285,Direct,desktop,3,2.0,2.0,0.3333333333333333,0.0,1,Desktop Frecuente
9512194866017738775,Referral,desktop,4,7.0,6.5,0.25,0.0,1,Desktop Frecuente
9512976956663565169,Referral,desktop,3,26.0,17.0,0.3333333333333333,0.6666666666666666,2,Weekend Warriors
9514997449000983414,Referral,desktop,1,24.0,20.0,0.0,0.0,0,Desktop Engaged
9517876334933975316,Direct,mobile,2,31.5,24.5,0.0,1.0,3,Mobile Users
9519453598438934808,Referral,desktop,4,33.0,23.0,0.25,0.25,0,Desktop Engaged
9519477824585169413,Direct,desktop,1,29.0,21.0,0.0,0.0,0,Desktop Engaged
9519825248461982188,Referral,desktop,7,4.0,4.0,0.1428571428571428,0.0,1,Desktop Frecuente
9520888113788925789,Organic Search,desktop,11,5.0,5.0,0.0909090909090909,0.0,1,Desktop Frecuente
9520903448566864775,Organic Search,desktop,4,18.5,12.5,0.0,0.0,0,Desktop Engaged
9521438372294298977,Organic Search,desktop,2,18.5,15.5,0.0,0.0,0,Desktop Engaged
9521468135901127639,Direct,desktop,1,49.0,39.0,0.0,1.0,2,Weekend Warriors
9522133298937793910,Referral,desktop,1,23.0,19.0,0.0,0.0,0,Desktop Engaged
9523029968201478956,Direct,mobile,1,17.0,16.0,0.0,1.0,3,Mobile Users
9523142287027067833,Referral,desktop,18,11.5,9.5,0.0555555555555555,0.0,1,Desktop Frecuente
9524665728498622443,Organic Search,desktop,2,25.5,20.0,0.0,0.0,0,Desktop Engaged
9524801176083053157,Referral,desktop,1,13.0,11.0,0.0,0.0,0,Desktop Engaged
9525538709571335494,Organic Search,desktop,1,35.0,27.0,0.0,0.0,0,Desktop Engaged
9530011325522794445,Referral,desktop,8,7.0,7.0,0.0,0.0,1,Desktop Frecuente
9530106606759874111,Organic Search,desktop,3,19.0,14.0,0.0,0.6666666666666666,2,Weekend Warriors
9530536315613357862,Referral,desktop,8,12.0,10.0,0.25,0.0,1,Desktop Frecuente
9531727821358779487,Referral,desktop,2,18.5,15.5,0.0,0.0,0,Desktop Engaged
9534631187575350094,Organic Search,mobile,1,24.0,23.0,0.0,0.0,3,Mobile Users
9535165767399175841,Organic Search,desktop,5,13.0,10.0,0.2,1.0,2,Weekend Warriors
9535515835082372493,Organic Search,desktop,3,27.0,23.0,0.0,0.3333333333333333,0,Desktop Engaged
9539836985691184336,Display,desktop,3,30.0,22.0,0.0,0.0,0,Desktop Engaged
9540071251493866863,Paid Search,desktop,1,46.0,42.0,0.0,0.0,0,Desktop Engaged
9540801604803443114,Direct,desktop,1,15.0,13.0,0.0,0.0,0,Desktop Engaged
9541216071431560465,Direct,desktop,3,23.0,17.0,0.0,0.0,0,Desktop Engaged
9541870086630790426,Organic Search,desktop,4,2.0,2.0,0.25,0.0,1,Desktop Frecuente
9541996968314639199,Organic Search,desktop,5,29.0,18.0,0.0,0.2,0,Desktop Engaged
9545750263088247027,Organic Search,desktop,2,49.5,37.0,0.0,0.0,0,Desktop Engaged
9546342724507949955,Referral,desktop,2,32.0,14.5,0.0,0.0,0,Desktop Engaged
9546428836895358892,Direct,desktop,2,9.5,9.5,0.0,0.0,1,Desktop Frecuente
9547536437145935282,Display,desktop,2,26.0,18.5,0.0,0.0,0,Desktop Engaged
9549186864389701668,Organic Search,desktop,1,13.0,11.0,0.0,0.0,0,Desktop Engaged
9549544476728099943,Organic Search,desktop,1,45.0,37.0,0.0,1.0,2,Weekend Warriors
9550705733723196313,Referral,desktop,3,3.0,3.0,0.0,0.0,1,Desktop Frecuente
9550788770850634932,Organic Search,tablet,1,32.0,25.0,0.0,1.0,3,Mobile Users
9552836893396913614,Paid Search,mobile,1,42.0,29.0,0.0,1.0,3,Mobile Users
9554559055315205819,Organic Search,desktop,3,3.0,3.0,0.3333333333333333,0.0,1,Desktop Frecuente
9554575617548923526,Paid Search,desktop,2,14.5,11.5,0.0,0.0,0,Desktop Engaged
9555741736996986439,Organic Search,desktop,1,55.0,41.0,0.0,1.0,2,Weekend Warriors
9556550673068144771,Paid Search,desktop,1,43.0,33.0,0.0,0.0,0,Desktop Engaged
9556564333684881224,Paid Search,desktop,3,65.0,54.0,0.0,0.0,0,Desktop Engaged
9556948295824706209,Direct,desktop,2,7.5,7.5,0.0,1.0,2,Weekend Warriors
9558145388456421164,Referral,desktop,3,3.0,3.0,0.0,0.0,1,Desktop Frecuente
9560188227657174682,Referral,desktop,4,15.0,12.5,0.0,0.25,1,Desktop Frecuente
9561553646862286320,Organic Search,mobile,1,13.0,13.0,0.0,1.0,3,Mobile Users
9562131572678756288,Organic Search,desktop,2,48.5,33.5,0.0,0.5,2,Weekend Warriors
9562948220302753056,Organic Search,desktop,2,15.5,15.5,0.0,0.0,0,Desktop Engaged
9565722193439879038,Referral,desktop,2,9.0,8.0,0.0,0.0,1,Desktop Frecuente
9566536237552821183,Direct,desktop,1,18.0,18.0,0.0,1.0,2,Weekend Warriors
9566773033271495002,Direct,desktop,1,30.0,22.0,0.0,0.0,0,Desktop Engaged
9569453499465889655,Referral,desktop,1,46.0,39.0,0.0,0.0,0,Desktop Engaged
9571301648285059423,Organic Search,mobile,6,1.0,1.0,0.6666666666666666,0.5,3,Mobile Users
9573045056982336984,Organic Search,desktop,1,64.0,42.0,0.0,0.0,0,Desktop Engaged
9574251971324605553,Organic Search,desktop,1,26.0,21.0,0.0,0.0,0,Desktop Engaged
9574540989591143939,Referral,desktop,2,17.5,15.0,0.0,0.5,2,Weekend Warriors
9574549721552883119,Direct,desktop,1,16.0,14.0,0.0,0.0,0,Desktop Engaged
9575170126084021202,Organic Search,desktop,1,17.0,13.0,0.0,0.0,0,Desktop Engaged
9575515287846808484,Referral,desktop,3,41.0,26.0,0.0,0.0,0,Desktop Engaged
9578166410230124397,Referral,desktop,1,22.0,17.0,0.0,0.0,0,Desktop Engaged
9578964619917220172,Referral,desktop,1,11.0,11.0,0.0,1.0,2,Weekend Warriors
9583683554162057560,Organic Search,desktop,3,3.0,2.0,0.3333333333333333,0.6666666666666666,1,Desktop Frecuente
9583857723785815226,Organic Search,desktop,1,32.0,28.0,0.0,1.0,2,Weekend Warriors
9584184125095401285,Organic Search,desktop,1,27.0,24.0,0.0,1.0,2,Weekend Warriors
9584543788078228989,Organic Search,desktop,2,18.5,14.0,0.0,0.0,0,Desktop Engaged
9584769989000380816,Referral,desktop,3,6.0,6.0,0.0,1.0,2,Weekend Warriors
9585355996663809959,Referral,desktop,3,11.0,8.0,0.0,0.0,1,Desktop Frecuente
9585994831948642933,Direct,desktop,3,10.0,6.0,0.0,0.0,1,Desktop Frecuente
9587233052829072755,Referral,desktop,2,24.0,17.5,0.0,0.0,0,Desktop Engaged
9587450597345558573,Referral,desktop,1,22.0,19.0,0.0,1.0,2,Weekend Warriors
9588908882266612738,Referral,desktop,5,4.0,4.0,0.0,0.2,1,Desktop Frecuente
9589822168101300209,Organic Search,desktop,4,2.0,2.0,0.5,0.0,1,Desktop Frecuente
9590846031894656114,Referral,desktop,1,15.0,11.0,0.0,0.0,0,Desktop Engaged
9591183428141040621,Direct,mobile,1,11.0,11.0,0.0,0.0,3,Mobile Users
9591202457292182670,Referral,desktop,9,7.0,6.0,0.1111111111111111,0.0,1,Desktop Frecuente
9592404849906839377,Referral,desktop,3,20.0,18.0,0.0,0.0,0,Desktop Engaged
9593778944877514352,Display,desktop,1,53.0,37.0,0.0,0.0,0,Desktop Engaged
9593962411719065292,Organic Search,mobile,2,17.5,12.0,0.5,0.0,3,Mobile Users
9594765739832160882,Organic Search,desktop,2,15.0,13.5,0.0,0.0,0,Desktop Engaged
9594790927947588163,Organic Search,desktop,5,27.0,19.0,0.0,0.4,1,Desktop Frecuente
9595877689889623969,Referral,desktop,8,3.0,2.5,0.375,0.125,1,Desktop Frecuente
9596205344388090168,Direct,mobile,1,18.0,17.0,0.0,0.0,3,Mobile Users
9596545122550322974,Organic Search,desktop,5,7.0,5.0,0.2,0.2,1,Desktop Frecuente
9596568187246807844,Referral,desktop,2,18.5,16.0,0.5,0.0,1,Desktop Frecuente
9597957223706817135,Organic Search,desktop,1,62.0,48.0,0.0,1.0,2,Weekend Warriors
9598226286194728257,Organic Search,mobile,3,11.0,10.0,0.0,0.0,3,Mobile Users
9598871851189945502,Referral,desktop,6,13.5,11.0,0.1666666666666666,0.0,1,Desktop Frecuente
9600570327260491637,Referral,desktop,4,15.0,12.5,0.25,0.0,1,Desktop Frecuente
9602340005188195003,Organic Search,desktop,1,36.0,28.0,0.0,1.0,2,Weekend Warriors
9602459823241782836,Direct,desktop,5,13.0,10.0,0.0,0.0,1,Desktop Frecuente
9603605279207456197,Organic Search,desktop,3,9.0,8.0,0.0,0.0,1,Desktop Frecuente
9605314266724791091,Referral,desktop,1,39.0,30.0,0.0,0.0,0,Desktop Engaged
9605564341819923809,Referral,desktop,3,23.0,19.0,0.3333333333333333,0.0,1,Desktop Frecuente
9606909032279164243,Direct,desktop,2,19.5,15.0,0.0,0.0,0,Desktop Engaged
9607694910197531314,Referral,desktop,8,5.5,4.5,0.5,0.125,1,Desktop Frecuente
9610282033684440542,Organic Search,desktop,1,27.0,22.0,0.0,1.0,2,Weekend Warriors
9611453235665038841,Referral,desktop,3,40.0,27.0,0.0,0.0,0,Desktop Engaged
9612120883044802142,Referral,desktop,3,17.0,15.0,0.0,0.0,0,Desktop Engaged
9612869627266957386,Paid Search,desktop,2,13.0,11.0,0.0,1.0,2,Weekend Warriors
9613834008182881588,Referral,desktop,2,47.5,34.0,0.0,0.0,0,Desktop Engaged
9619365002104387449,Referral,desktop,5,6.0,6.0,0.4,0.0,1,Desktop Frecuente
9620467764501266748,Organic Search,desktop,1,36.0,30.0,0.0,0.0,0,Desktop Engaged
9620923631569343304,Direct,desktop,11,4.0,4.0,0.3636363636363636,0.0,1,Desktop Frecuente
9624104127022444576,Referral,desktop,2,10.5,8.5,0.0,0.0,0,Desktop Engaged
9624789523147347433,Direct,desktop,1,18.0,18.0,0.0,0.0,0,Desktop Engaged
9629138648067304387,Paid Search,desktop,1,28.0,24.0,0.0,0.0,0,Desktop Engaged
9631155213272957768,Organic Search,mobile,2,23.5,19.5,0.5,1.0,3,Mobile Users
9631204932882122975,Display,desktop,2,17.5,16.5,0.0,0.0,0,Desktop Engaged
9632311716719827389,Direct,desktop,4,3.0,3.0,0.0,0.0,1,Desktop Frecuente
9633718916074132320,Paid Search,desktop,1,36.0,26.0,0.0,1.0,2,Weekend Warriors
9634718394347160889,Organic Search,desktop,6,58.5,48.0,0.0,0.3333333333333333,0,Desktop Engaged
9635029100521487345,Referral,desktop,2,25.0,20.5,0.0,0.0,0,Desktop Engaged
9635342124483085641,Organic Search,desktop,1,75.0,54.0,0.0,0.0,0,Desktop Engaged
9636144416770522959,Referral,desktop,2,42.0,33.5,0.0,0.5,2,Weekend Warriors
9636457851469586874,Direct,desktop,2,19.0,14.0,0.0,0.0,0,Desktop Engaged
9636637171171801959,Organic Search,desktop,2,8.5,7.5,0.0,0.0,1,Desktop Frecuente
9637722417818323113,Organic Search,desktop,4,7.0,6.5,0.25,0.0,1,Desktop Frecuente
9638518335828715596,Referral,desktop,4,31.5,23.5,0.0,0.75,2,Weekend Warriors
9641579430088545210,Referral,desktop,3,7.0,7.0,0.3333333333333333,0.0,1,Desktop Frecuente
9642345231341170049,Referral,desktop,4,11.0,10.0,0.0,0.25,1,Desktop Frecuente
9642698057695067786,Direct,desktop,11,7.0,6.0,0.0,0.0,1,Desktop Frecuente
9642795519040209415,Organic Search,desktop,3,20.0,15.0,0.0,0.6666666666666666,2,Weekend Warriors
9652788542912871580,Organic Search,desktop,2,9.5,8.5,0.5,1.0,2,Weekend Warriors
9653642698910159272,Paid Search,desktop,2,22.0,19.0,0.0,0.6666666666666666,2,Weekend Warriors
9654518257837426461,Referral,desktop,4,21.0,15.0,0.0,0.0,0,Desktop Engaged
9654758935896158776,Direct,desktop,1,17.0,15.0,0.0,0.0,0,Desktop Engaged
9654830487352643520,Direct,desktop,1,15.0,14.0,0.0,0.0,0,Desktop Engaged
9657742098396819155,Referral,desktop,2,27.0,21.5,0.0,0.0,0,Desktop Engaged
9658269809829788524,Referral,desktop,1,13.0,13.0,0.0,0.0,0,Desktop Engaged
9658647957470838961,Referral,desktop,1,28.0,22.0,0.0,0.0,0,Desktop Engaged
9658825846616570867,Referral,desktop,2,9.0,7.5,0.0,0.0,1,Desktop Frecuente
9661775944684760384,Referral,desktop,5,14.0,13.0,0.2,0.0,1,Desktop Frecuente
9662800125044386280,Organic Search,desktop,17,10.0,9.0,0.1176470588235294,0.0,1,Desktop Frecuente
9664089506613891955,Referral,desktop,3,59.0,42.0,0.3333333333333333,0.6666666666666666,2,Weekend Warriors
9664379686822682449,Referral,tablet,1,38.0,31.0,0.0,0.0,3,Mobile Users
9665457273951170213,Direct,desktop,2,15.5,12.0,0.0,0.0,0,Desktop Engaged
9665573489181105578,Direct,desktop,4,14.0,11.0,0.25,0.0,1,Desktop Frecuente
9668596499730980627,Referral,desktop,1,32.0,20.0,0.0,0.0,0,Desktop Engaged
9669933764937008223,Organic Search,mobile,13,1.0,1.0,0.5384615384615384,0.3076923076923077,1,Desktop Frecuente
9670996124580137796,Referral,desktop,4,16.5,11.5,0.0,0.0,1,Desktop Frecuente
9671728324632392297,Referral,desktop,7,8.0,6.0,0.2857142857142857,0.0,1,Desktop Frecuente
9672097680372886188,Referral,desktop,15,5.0,5.0,0.0666666666666666,0.0,1,Desktop Frecuente
9673854839473677147,Referral,desktop,4,8.0,8.0,0.0,0.0,1,Desktop Frecuente
9673964860189487919,Referral,desktop,2,34.5,27.5,0.0,0.0,0,Desktop Engaged
9674294764861018259,Referral,desktop,3,6.0,6.0,0.0,0.0,1,Desktop Frecuente
9676863188506481453,Direct,desktop,2,23.5,18.5,0.5,0.0,0,Desktop Engaged
9677097503012171995,Display,desktop,1,21.0,18.0,0.0,0.0,0,Desktop Engaged
9677387117802304062,Organic Search,desktop,3,19.0,14.0,0.0,0.0,0,Desktop Engaged
9677631416486425032,Referral,desktop,1,21.0,16.0,0.0,0.0,0,Desktop Engaged
9679444214215496163,Direct,desktop,1,25.0,12.0,0.0,0.0,0,Desktop Engaged
9680451704023510043,Referral,desktop,1,47.0,31.0,0.0,0.0,0,Desktop Engaged
9685922238510897411,Referral,desktop,1,41.0,33.0,0.0,1.0,2,Weekend Warriors
9687331249457582509,Direct,desktop,1,63.0,45.0,0.0,0.0,0,Desktop Engaged
9687976620185337812,Referral,desktop,2,22.5,19.0,0.0,0.0,0,Desktop Engaged
9692588428659286117,Referral,desktop,5,8.0,8.0,0.0,0.0,1,Desktop Frecuente
9692965964258784311,Referral,desktop,1,35.0,26.0,0.0,1.0,2,Weekend Warriors
9693524201785668348,Referral,desktop,1,22.0,20.0,0.0,0.0,0,Desktop Engaged
9696420302967750807,Referral,desktop,5,3.0,3.0,0.2,0.0,1,Desktop Frecuente
9697396763466620407,Organic Search,desktop,3,39.0,29.0,0.0,0.6666666666666666,2,Weekend Warriors
9697633748020539508,Direct,desktop,3,7.0,7.0,0.0,0.3333333333333333,1,Desktop Frecuente
9697929460014674172,Organic Search,mobile,4,7.0,7.0,0.2,0.0,3,Mobile Users
9699088107852986293,Organic Search,desktop,1,24.0,19.0,0.0,0.0,0,Desktop Engaged
9701061368030628353,Referral,desktop,1,37.0,27.0,0.0,0.0,0,Desktop Engaged
9701069095310895981,Direct,desktop,1,46.0,38.0,0.0,0.0,0,Desktop Engaged
9702922854313747953,Referral,desktop,6,19.5,16.5,0.1666666666666666,0.0,1,Desktop Frecuente
9705228674184876468,Referral,desktop,4,6.5,5.5,0.0,0.25,1,Desktop Frecuente
9705361545058587946,Referral,desktop,2,11.5,10.5,0.0,0.0,0,Desktop Engaged
9705754144788625017,Organic Search,desktop,1,29.0,22.0,0.0,1.0,2,Weekend Warriors
9707913144913687378,Referral,desktop,6,10.5,7.5,0.0,0.0,1,Desktop Frecuente
9709755708205339245,Referral,desktop,2,19.0,15.5,0.0,0.0,0,Desktop Engaged
9710480501909231921,Referral,desktop,5,16.0,14.0,0.0,0.0,1,Desktop Frecuente
9710874505391569149,Organic Search,mobile,1,101.0,77.0,0.0,0.0,3,Mobile Users
9711893424833628957,Organic Search,desktop,1,14.0,14.0,0.0,0.0,0,Desktop Engaged
9712244099278864842,Direct,mobile,1,19.0,17.0,0.0,0.0,3,Mobile Users
9713078881816410558,Referral,desktop,6,7.0,6.5,0.0,0.1666666666666666,1,Desktop Frecuente
9715183070192673688,Referral,desktop,2,21.0,17.5,0.0,0.0,0,Desktop Engaged
9715798393834232864,Referral,desktop,1,15.0,13.0,0.0,0.0,0,Desktop Engaged
9716190683846040221,Referral,desktop,1,27.0,18.0,0.0,0.0,0,Desktop Engaged
9717690429113938490,Organic Search,desktop,2,16.0,12.0,0.0,1.0,2,Weekend Warriors
9720544232071502970,Organic Search,mobile,3,7.0,7.0,0.3333333333333333,0.0,3,Mobile Users
9722351659146132815,Direct,desktop,1,64.0,55.0,0.0,0.0,0,Desktop Engaged
9723761653714272430,Paid Search,desktop,2,21.0,16.0,0.0,0.0,0,Desktop Engaged
9725725636158347694,Organic Search,mobile,2,27.5,24.0,0.0,0.5,3,Mobile Users
9725818592109154839,Referral,desktop,1,29.0,23.0,0.0,1.0,2,Weekend Warriors
9725941383382274621,Direct,mobile,18,2.5,2.5,0.4444444444444444,0.0555555555555555,3,Mobile Users
9729747258221015409,Paid Search,mobile,1,24.0,11.0,0.0,0.0,3,Mobile Users
9730292256253714917,Direct,desktop,2,7.5,7.0,0.5,0.0,1,Desktop Frecuente
9731351380091791032,Direct,desktop,1,13.0,13.0,0.0,0.0,0,Desktop Engaged
9732382276114221984,Referral,desktop,3,28.0,25.0,0.0,0.0,0,Desktop Engaged
9732592243898924812,Direct,desktop,2,12.5,10.5,0.0,0.0,0,Desktop Engaged
9733256607380770596,Referral,desktop,5,8.0,6.0,0.0,0.0,1,Desktop Frecuente
9733639222165329418,Referral,desktop,2,37.5,27.0,0.0,0.5,2,Weekend Warriors
9737166459620980047,Paid Search,desktop,2,29.0,21.5,0.5,0.0,0,Desktop Engaged
9737461194458412198,Organic Search,mobile,5,7.0,7.0,0.2,0.0,3,Mobile Users
9738687776376381043,Referral,desktop,18,15.5,12.0,0.1666666666666666,0.2222222222222222,1,Desktop Frecuente
9739911317705292942,Referral,desktop,2,17.0,13.5,0.0,0.0,0,Desktop Engaged
9740050408987139130,Direct,desktop,1,19.0,18.0,0.0,0.0,0,Desktop Engaged
9740627261104812573,Organic Search,desktop,2,8.0,7.0,0.0,0.0,1,Desktop Frecuente
9740683001373444377,Direct,desktop,2,29.0,21.0,0.0,0.0,0,Desktop Engaged
9743654204388613984,Direct,desktop,1,14.0,12.0,0.0,0.0,0,Desktop Engaged
9744206202426423353,Referral,desktop,2,22.5,19.0,0.0,0.0,0,Desktop Engaged
9745349280610704454,Organic Search,mobile,1,17.0,15.0,0.0,1.0,3,Mobile Users
9746124619174084370,Referral,desktop,12,16.5,12.0,0.0833333333333333,0.0,1,Desktop Frecuente
9748388824239957018,Referral,desktop,4,34.0,24.0,0.25,0.5,2,Weekend Warriors
9751902738681438477,Direct,desktop,5,3.0,3.0,0.2,0.2,1,Desktop Frecuente
9754532782260767990,Organic Search,desktop,15,23.0,16.0,0.0,0.1333333333333333,1,Desktop Frecuente
9755261936668961758,Referral,desktop,4,13.0,9.5,0.0,0.0,1,Desktop Frecuente
9755564418432346621,Referral,desktop,4,11.5,10.0,0.0,0.0,1,Desktop Frecuente
9758235511148216157,Direct,desktop,3,29.0,22.0,0.0,0.0,0,Desktop Engaged
9758237602406121028,Referral,desktop,3,15.0,12.0,0.3333333333333333,0.6666666666666666,1,Desktop Frecuente
9763612016045313011,Referral,desktop,1,81.0,57.0,0.0,0.0,0,Desktop Engaged
9764549242376534173,Referral,desktop,1,28.0,22.0,0.0,0.0,0,Desktop Engaged
9767254351346198956,Organic Search,mobile,3,15.0,14.0,0.0,0.0,3,Mobile Users
9770143532481532256,Referral,desktop,7,13.0,11.0,0.0,0.2857142857142857,1,Desktop Frecuente
9771437221362506189,Direct,mobile,6,54.5,41.0,0.1666666666666666,0.0,3,Mobile Users
9773485240177005933,Organic Search,mobile,1,22.0,19.0,0.0,1.0,3,Mobile Users
9775593270405443706,Organic Search,desktop,1,94.0,69.0,0.0,0.0,0,Desktop Engaged
9776803566040829876,Paid Search,desktop,1,31.0,22.0,0.0,0.0,0,Desktop Engaged
9779316034185036780,Social,desktop,1,22.0,19.0,0.0,1.0,2,Weekend Warriors
9779522664716568834,Referral,desktop,1,33.0,25.0,0.0,0.0,0,Desktop Engaged
9783175008050479221,Organic Search,mobile,1,60.0,46.0,0.0,0.0,3,Mobile Users
9784853758319873850,Direct,desktop,4,24.0,17.5,0.0,0.0,0,Desktop Engaged
9785180034243040481,Organic Search,desktop,1,45.0,19.0,0.0,0.0,0,Desktop Engaged
9785268681128245172,Referral,desktop,2,9.5,9.5,0.0,0.0,1,Desktop Frecuente
9786438806019918915,Referral,desktop,4,37.0,30.5,0.0,1.0,2,Weekend Warriors
9787338107687829305,Direct,desktop,1,10.0,9.0,0.0,0.0,0,Desktop Engaged
9791048489281287821,Direct,desktop,6,11.0,9.5,0.3333333333333333,0.0,1,Desktop Frecuente
9791901930361310595,Organic Search,mobile,3,17.0,12.0,0.3333333333333333,0.3333333333333333,3,Mobile Users
9791969825416528969,Organic Search,desktop,2,14.0,12.0,0.0,0.0,0,Desktop Engaged
9792836485846811388,Referral,desktop,3,8.0,8.0,0.3333333333333333,0.0,1,Desktop Frecuente
9793419613813560755,Organic Search,desktop,3,11.0,10.0,0.0,0.0,1,Desktop Frecuente
9794005369838434901,Referral,desktop,4,7.0,5.5,0.25,0.0,1,Desktop Frecuente
9797076878073373768,Referral,desktop,1,38.0,29.0,0.0,0.0,0,Desktop Engaged
9798839014162565789,Organic Search,mobile,6,6.5,6.5,0.3333333333333333,0.0,3,Mobile Users
9799169384521023462,Organic Search,desktop,1,53.0,42.0,0.0,0.0,0,Desktop Engaged
9800325346437826374,Referral,desktop,2,19.0,15.0,0.0,0.0,0,Desktop Engaged
9800907227461881952,Direct,desktop,8,6.5,5.5,0.125,0.0,1,Desktop Frecuente
9800958292463692895,Referral,desktop,2,16.0,13.5,0.0,0.0,0,Desktop Engaged
9801270104963945292,Organic Search,mobile,1,33.0,27.0,0.0,1.0,3,Mobile Users
9801630253390309535,Referral,desktop,3,29.0,20.0,0.0,0.3333333333333333,0,Desktop Engaged
9802926311803722380,Organic Search,desktop,4,7.0,6.0,0.25,0.0,1,Desktop Frecuente
9803059849568954404,Organic Search,desktop,1,17.0,15.0,0.0,1.0,2,Weekend Warriors
9803295841650471013,Direct,desktop,3,5.0,4.0,0.0,0.0,1,Desktop Frecuente
9803564384419875699,Direct,desktop,4,7.0,6.0,0.25,0.0,1,Desktop Frecuente
9804085499377106175,Referral,desktop,2,9.0,8.5,0.5,0.0,1,Desktop Frecuente
9804405852019862459,Organic Search,desktop,1,40.0,32.0,0.0,0.0,0,Desktop Engaged
9804471949887866440,Organic Search,desktop,1,75.0,63.0,0.0,0.0,0,Desktop Engaged
9804901099323555269,Direct,desktop,1,11.0,11.0,0.0,0.0,0,Desktop Engaged
9805083893536695604,Direct,desktop,3,15.0,13.0,0.0,0.0,1,Desktop Frecuente
9806766048628835536,Organic Search,desktop,1,41.0,31.0,0.0,1.0,2,Weekend Warriors
9807072102349488174,Organic Search,desktop,19,10.0,9.0,0.0,0.0,1,Desktop Frecuente
9808813686211268341,Referral,desktop,2,14.0,10.5,0.0,0.0,0,Desktop Engaged
9808994150708454013,Organic Search,desktop,2,38.0,29.5,0.0,0.0,0,Desktop Engaged
9809961963298200028,Organic Search,desktop,4,5.0,5.0,0.0,0.0,1,Desktop Frecuente
9810394160327877765,Organic Search,desktop,1,28.0,25.0,0.0,0.0,0,Desktop Engaged
9813095973388605327,Paid Search,desktop,4,16.0,12.5,0.0,0.0,1,Desktop Frecuente
9813933631966543232,Direct,desktop,2,50.0,35.5,0.0,0.0,0,Desktop Engaged
9814816673410517752,Organic Search,desktop,3,6.0,6.0,0.0,0.6666666666666666,1,Desktop Frecuente
9816583667217814097,Organic Search,mobile,1,32.0,27.0,0.0,0.0,3,Mobile Users
9816766544877211790,Organic Search,desktop,2,33.0,24.0,0.0,0.0,0,Desktop Engaged
9817024525567218739,Referral,desktop,2,16.0,13.0,0.0,0.0,0,Desktop Engaged
9817395183603701442,Referral,desktop,4,70.0,50.0,0.0,0.0,0,Desktop Engaged
9820981713611818804,Referral,desktop,1,130.0,77.0,0.0,0.0,0,Desktop Engaged
9821043739851308814,Organic Search,desktop,3,23.0,20.0,0.0,0.0,0,Desktop Engaged
9821966112980946101,Referral,desktop,1,40.0,36.0,0.0,0.0,0,Desktop Engaged
9822492926505552185,Referral,desktop,5,3.0,3.0,0.2,0.0,1,Desktop Frecuente
9822939082777176462,Organic Search,desktop,1,82.0,61.0,0.0,0.0,0,Desktop Engaged
9824524325763367768,Organic Search,desktop,4,13.5,12.5,0.0,0.0,1,Desktop Frecuente
9824651586153580201,Direct,desktop,2,14.0,11.5,0.0,0.5,2,Weekend Warriors
9826816980924031810,Referral,desktop,10,3.0,3.0,0.2,0.0,1,Desktop Frecuente
9830452655516409751,Organic Search,desktop,1,25.0,22.0,0.0,0.0,0,Desktop Engaged
9830505479421032237,Organic Search,desktop,2,13.0,10.5,0.0,0.0,0,Desktop Engaged
9831116840406512749,Direct,desktop,1,13.0,12.0,0.0,0.0,0,Desktop Engaged
9832163989743197601,Referral,desktop,2,32.0,24.0,0.0,0.0,0,Desktop Engaged
9832479082059669028,Organic Search,desktop,7,9.0,7.0,0.0,0.1428571428571428,1,Desktop Frecuente
9832724657425849218,Organic Search,desktop,2,41.0,30.5,0.0,0.0,0,Desktop Engaged
9833947383414672576,Organic Search,desktop,19,4.0,3.0,0.1052631578947368,0.0,1,Desktop Frecuente
9837789829773129524,Direct,desktop,2,23.0,19.5,0.0,0.0,0,Desktop Engaged
9838019020016513772,Referral,desktop,9,11.0,9.0,0.1111111111111111,0.3333333333333333,1,Desktop Frecuente
9839986196824974326,Referral,desktop,5,1.0,1.0,0.6,0.0,1,Desktop Frecuente
9840650149470197060,Direct,desktop,1,7.0,7.0,0.0,0.0,0,Desktop Engaged
9841406679261096518,Direct,desktop,1,28.0,24.0,0.0,0.0,0,Desktop Engaged
9843808262868142262,Paid Search,desktop,2,20.5,18.5,0.0,0.0,0,Desktop Engaged
9846359776693659031,Referral,desktop,5,15.0,11.0,0.4,0.0,1,Desktop Frecuente
9846963060470956023,Direct,desktop,2,16.5,14.5,0.0,0.0,0,Desktop Engaged
9849207490494234255,Referral,desktop,2,13.0,11.0,0.0,0.5,2,Weekend Warriors
9849495333412600966,Direct,desktop,3,38.0,25.0,0.3333333333333333,0.3333333333333333,0,Desktop Engaged
9850138238904592883,Referral,desktop,1,25.0,21.0,0.0,0.0,0,Desktop Engaged
9850419624481065692,Direct,desktop,2,12.0,10.5,0.0,0.0,0,Desktop Engaged
9850558045899887104,Referral,desktop,4,10.0,9.5,0.25,0.5,1,Desktop Frecuente
9851301756919291624,Organic Search,desktop,2,20.0,16.5,0.0,0.0,0,Desktop Engaged
9853584520646834627,Referral,desktop,6,6.0,5.0,0.1666666666666666,0.0,1,Desktop Frecuente
9856403899995722473,Direct,desktop,5,1.0,1.0,0.6,0.0,1,Desktop Frecuente
9858575902161625282,Referral,desktop,3,7.0,4.0,0.0,0.0,1,Desktop Frecuente
9858678631293882543,Direct,desktop,1,21.0,21.0,0.0,0.0,0,Desktop Engaged
9863787389438412366,Referral,desktop,11,15.0,11.0,0.0,0.4545454545454545,1,Desktop Frecuente
9865389122450632094,Organic Search,desktop,3,15.0,13.0,0.0,0.0,1,Desktop Frecuente
9865893747933434812,Direct,desktop,2,11.0,10.0,0.0,0.0,0,Desktop Engaged
9866199972997605138,Referral,desktop,1,26.0,19.0,0.0,0.0,0,Desktop Engaged
9867098324358727615,Paid Search,desktop,3,1.0,1.0,0.6666666666666666,0.0,1,Desktop Frecuente
9868557064314705324,Organic Search,desktop,3,10.0,8.0,0.0,0.0,1,Desktop Frecuente
9874141416269179088,Referral,desktop,2,9.5,8.5,0.0,0.0,1,Desktop Frecuente
9874814452029274358,Organic Search,desktop,1,36.0,26.0,0.0,0.0,0,Desktop Engaged
9875621296770930505,Referral,desktop,2,14.5,10.5,0.5,0.0,1,Desktop Frecuente
9876655880508708318,Organic Search,desktop,1,31.0,29.0,0.0,1.0,2,Weekend Warriors
9877436521898350258,Organic Search,desktop,1,19.0,17.0,0.0,0.0,0,Desktop Engaged
9878888578038359547,Direct,mobile,4,2.5,2.5,0.5,0.0,3,Mobile Users
9878983280738866304,Organic Search,desktop,2,18.5,15.5,0.0,0.5,2,Weekend Warriors
9879056257140317872,Referral,desktop,1,85.0,67.0,0.0,0.0,0,Desktop Engaged
9880284115430195099,Organic Search,desktop,2,11.5,9.5,0.0,1.0,2,Weekend Warriors
9880297921932182386,Organic Search,desktop,1,33.0,29.0,0.0,0.0,0,Desktop Engaged
9880387215496431637,Direct,desktop,2,24.5,17.5,0.0,0.0,0,Desktop Engaged
9880980015643386554,Referral,desktop,3,20.0,12.0,0.3333333333333333,0.3333333333333333,1,Desktop Frecuente
9882672558688171171,Organic Search,desktop,1,28.0,26.0,0.0,0.0,0,Desktop Engaged
9884208408379950496,Direct,desktop,2,69.5,48.0,0.0,0.0,0,Desktop Engaged
9884258024135679219,Organic Search,tablet,13,7.0,6.0,0.0769230769230769,0.0769230769230769,3,Mobile Users
9884876722285756468,Referral,desktop,2,46.0,33.0,0.0,0.0,0,Desktop Engaged
9890182105631590481,Referral,desktop,8,13.0,11.0,0.125,0.5,1,Desktop Frecuente
9891213406376337214,Referral,desktop,1,17.0,15.0,0.0,0.0,0,Desktop Engaged
9891815404632176641,Referral,desktop,6,11.0,8.5,0.1666666666666666,0.0,1,Desktop Frecuente
9892878855186083289,Referral,desktop,12,2.0,2.0,0.0,0.0833333333333333,1,Desktop Frecuente
9893747990452034103,Direct,desktop,1,25.0,21.0,0.0,0.0,0,Desktop Engaged
9894212842135396605,Referral,desktop,3,7.0,5.0,0.0,0.0,1,Desktop Frecuente
9894656893993782511,Organic Search,desktop,6,10.5,8.5,0.0,0.0,1,Desktop Frecuente
9894955795481014038,Organic Search,tablet,17,37.0,31.0,0.2352941176470588,0.7058823529411765,3,Mobile Users
9898247421236738052,Referral,desktop,5,8.0,7.0,0.0,0.0,1,Desktop Frecuente
9901114469536551008,Referral,desktop,2,16.0,13.5,0.5,0.5,1,Desktop Frecuente
9903092874460609398,Organic Search,desktop,1,73.0,54.0,0.0,0.0,0,Desktop Engaged
9904201230891066243,Referral,desktop,3,57.0,42.0,0.0,0.0,0,Desktop Engaged
9904371777257029279,Organic Search,desktop,2,15.5,13.5,0.0,1.0,2,Weekend Warriors
9904739620314056122,Organic Search,desktop,1,37.0,31.0,0.0,0.0,0,Desktop Engaged
9905174730865679854,Organic Search,desktop,8,16.0,12.5,0.125,0.0,1,Desktop Frecuente
9907138721210043039,(Other),mobile,1,17.0,16.0,0.0,0.0,3,Mobile Users
9908750318118847909,Referral,desktop,1,49.0,35.0,0.0,0.0,0,Desktop Engaged
9908767277612583945,Organic Search,desktop,4,13.5,13.5,0.0,0.0,1,Desktop Frecuente
9908993706216463889,Direct,mobile,1,39.0,32.0,0.0,0.0,3,Mobile Users
9909403981445501787,Referral,desktop,4,18.0,11.0,0.0,0.0,1,Desktop Frecuente
9911363060681535330,Referral,desktop,2,8.5,7.5,0.0,0.0,1,Desktop Frecuente
9911451154506607743,Organic Search,mobile,2,19.0,18.0,0.0,0.0,3,Mobile Users
9912185644936709935,Organic Search,desktop,9,9.0,6.0,0.2222222222222222,0.2222222222222222,1,Desktop Frecuente
9913050839913654697,Direct,desktop,1,11.0,9.0,0.0,1.0,2,Weekend Warriors
9913613662127530897,Direct,desktop,4,7.0,6.5,0.25,0.0,1,Desktop Frecuente
9913737248744802178,Direct,desktop,5,11.0,9.0,0.2,0.0,1,Desktop Frecuente
9914300408059481847,Referral,desktop,1,21.0,19.0,0.0,1.0,2,Weekend Warriors
9917525450459164301,Direct,desktop,3,31.0,25.0,0.0,0.0,0,Desktop Engaged
9918252406090832709,Organic Search,mobile,5,7.0,7.0,0.0,0.0,3,Mobile Users
9920226064713599750,Social,desktop,8,5.0,4.5,0.25,0.0,1,Desktop Frecuente
9921480541153586613,Referral,desktop,4,7.0,6.0,0.0,0.5,1,Desktop Frecuente
9922694841308849938,Referral,desktop,2,15.5,11.0,0.0,0.0,0,Desktop Engaged
9923410478294660642,Direct,desktop,1,17.0,16.0,0.0,0.0,0,Desktop Engaged
9924932134687067068,Organic Search,mobile,3,58.0,41.0,0.0,0.6666666666666666,3,Mobile Users
9926374531981663094,Referral,desktop,2,18.5,17.0,0.0,0.0,0,Desktop Engaged
9926655339980503224,Direct,mobile,16,5.0,5.0,0.125,0.125,3,Mobile Users
9928617535489326376,Referral,desktop,1,53.0,35.0,0.0,0.0,0,Desktop Engaged
9929551139809305177,Referral,desktop,1,45.0,37.0,0.0,0.0,0,Desktop Engaged
9929718464015751383,Referral,desktop,1,19.0,15.0,0.0,0.0,0,Desktop Engaged
9930798771236875483,Paid Search,desktop,1,31.0,27.0,0.0,0.0,0,Desktop Engaged
9935363478089463685,Referral,desktop,3,39.0,31.0,0.0,0.3333333333333333,0,Desktop Engaged
9935876634073968558,Social,desktop,3,8.0,5.0,0.0,0.0,1,Desktop Frecuente
9936519501163153285,Referral,desktop,2,37.0,26.0,0.0,0.0,0,Desktop Engaged
9936682614369895259,Direct,desktop,3,95.0,70.0,0.0,0.3333333333333333,0,Desktop Engaged
9937197778376136258,Direct,desktop,2,19.5,15.5,0.0,0.0,0,Desktop Engaged
9938760478533661623,Referral,desktop,4,6.5,6.5,0.0,0.0,1,Desktop Frecuente
9940848760323603762,Organic Search,desktop,1,19.0,16.0,0.0,0.0,0,Desktop Engaged
9940991329561445192,Organic Search,desktop,3,14.0,13.0,0.0,0.0,1,Desktop Frecuente
9941112068189451364,Organic Search,desktop,2,12.5,10.0,0.0,0.0,0,Desktop Engaged
9941749289816017941,Organic Search,desktop,3,15.0,9.0,0.3333333333333333,0.0,1,Desktop Frecuente
9941820622412680350,Direct,desktop,1,28.0,22.0,0.0,0.0,0,Desktop Engaged
9941926446046145468,Referral,desktop,6,2.5,2.5,0.3333333333333333,0.0,1,Desktop Frecuente
9944396671447365394,Referral,desktop,1,21.0,19.0,0.0,0.0,0,Desktop Engaged
9944482549138933048,Referral,desktop,5,14.0,10.0,0.2,0.0,1,Desktop Frecuente
9946129061582785641,Paid Search,desktop,4,6.5,6.5,0.5,0.0,1,Desktop Frecuente
9946704516426299877,Referral,desktop,3,4.0,4.0,0.3333333333333333,0.0,1,Desktop Frecuente
9947665738712650436,Referral,desktop,4,21.5,13.0,0.0,0.0,0,Desktop Engaged
9947771382967630972,Referral,desktop,1,17.0,15.0,0.0,0.0,0,Desktop Engaged
9952616174324085427,Direct,desktop,24,8.5,7.5,0.2916666666666667,0.0,1,Desktop Frecuente
9952985751740974556,Referral,desktop,3,4.0,4.0,0.3333333333333333,0.0,1,Desktop Frecuente
9953956744551076841,Referral,desktop,3,25.0,15.0,0.0,0.0,0,Desktop Engaged
9954048786263371625,Organic Search,desktop,1,42.0,33.0,0.0,0.0,0,Desktop Engaged
9954291757269899812,Referral,desktop,1,17.0,17.0,0.0,0.0,0,Desktop Engaged
9956296141985415749,Direct,desktop,3,14.0,12.0,0.0,0.0,1,Desktop Frecuente
9957433141256744131,Referral,desktop,2,13.5,11.5,0.0,0.0,0,Desktop Engaged
9958703050592305834,Referral,desktop,3,39.0,32.0,0.0,0.3333333333333333,0,Desktop Engaged
9961396584113412108,Referral,desktop,6,11.0,8.5,0.0,0.0,1,Desktop Frecuente
9961713390620821018,Paid Search,mobile,1,33.0,27.0,0.0,0.0,3,Mobile Users
9962134079133468457,Direct,mobile,2,13.0,11.5,0.0,0.0,3,Mobile Users
9963131995239003867,Referral,desktop,5,4.0,3.0,0.2,0.0,1,Desktop Frecuente
9963197880398595287,Paid Search,desktop,4,16.5,14.5,0.0,0.25,1,Desktop Frecuente
9963340111077611257,Referral,desktop,2,41.5,29.5,0.5,0.5,2,Weekend Warriors
9963742951438650349,Direct,desktop,5,11.0,7.0,0.2,0.4,1,Desktop Frecuente
9964156711625932045,Referral,desktop,1,27.0,21.0,0.0,0.0,0,Desktop Engaged
9964295350119415430,Referral,desktop,1,22.0,19.0,0.0,0.0,0,Desktop Engaged
9965495974379156538,Referral,desktop,1,30.0,24.0,0.0,0.0,0,Desktop Engaged
9967421462090240825,Organic Search,mobile,6,3.0,2.5,0.5,0.1666666666666666,3,Mobile Users
9968035159703740191,Organic Search,desktop,5,16.0,14.0,0.2,0.2,1,Desktop Frecuente
9970378027479686216,Referral,desktop,3,26.0,20.0,0.0,0.3333333333333333,0,Desktop Engaged
9971923779409622764,Direct,desktop,1,9.0,9.0,0.0,1.0,2,Weekend Warriors
9972043774359472649,Referral,desktop,3,9.0,7.0,0.0,0.0,1,Desktop Frecuente
9972597816595372004,Organic Search,desktop,1,39.0,35.0,0.0,0.0,0,Desktop Engaged
9972641923092309898,Organic Search,desktop,2,11.5,9.5,0.0,1.0,2,Weekend Warriors
9973195165804180005,Organic Search,tablet,3,14.0,13.0,0.0,0.0,3,Mobile Users
9973665079624172058,Direct,desktop,3,4.0,4.0,0.3333333333333333,0.3333333333333333,1,Desktop Frecuente
9974232250427988367,Direct,desktop,7,24.0,22.0,0.0,0.1428571428571428,1,Desktop Frecuente
9974351919673138742,Referral,desktop,4,3.5,3.0,0.0,0.0,1,Desktop Frecuente
9974461982959135812,Referral,desktop,2,14.5,13.0,0.0,0.0,0,Desktop Engaged
9975702176622548240,Referral,desktop,4,28.5,23.0,0.0,0.0,0,Desktop Engaged
9976366744327936965,Direct,desktop,1,14.0,12.0,0.0,0.0,0,Desktop Engaged
9977123823906435841,Organic Search,desktop,2,73.0,50.5,0.0,1.0,2,Weekend Warriors
9979550771372989715,Organic Search,desktop,4,5.0,4.5,0.0,0.0,1,Desktop Frecuente
9979979376705372624,Organic Search,desktop,1,18.0,16.0,0.0,0.0,0,Desktop Engaged
9980323391675823795,Referral,desktop,1,34.0,25.0,0.0,0.0,0,Desktop Engaged
9981562221973608723,Referral,desktop,1,122.0,90.0,0.0,0.0,0,Desktop Engaged
9982117639715718754,Organic Search,tablet,1,62.0,60.0,0.0,1.0,2,Weekend Warriors
9982700667464896535,Direct,desktop,1,13.0,12.0,0.0,0.0,0,Desktop Engaged
9982895886072793603,Referral,desktop,3,12.0,10.0,0.0,0.0,1,Desktop Frecuente
9988272152672987767,Referral,desktop,1,80.0,64.0,0.0,0.0,0,Desktop Engaged
9988700586657346958,Organic Search,desktop,2,14.5,11.5,0.5,0.5,1,Desktop Frecuente
9989256027389985761,Organic Search,mobile,6,10.5,9.0,0.3333333333333333,0.8333333333333334,3,Mobile Users
9989795984216871126,Referral,desktop,5,14.0,12.0,0.0,0.0,1,Desktop Frecuente
9990183617359422098,Organic Search,desktop,9,11.0,8.0,0.1111111111111111,0.0,1,Desktop Frecuente
9990797196896345494,Organic Search,desktop,1,40.0,26.0,0.0,0.0,0,Desktop Engaged
9991633376050115277,Social,desktop,1,17.0,16.0,0.0,0.0,0,Desktop Engaged
9994767073213036303,Organic Search,desktop,5,42.0,30.0,0.0,0.0,0,Desktop Engaged
9997409246962677759,Referral,desktop,1,86.0,65.0,0.0,0.0,0,Desktop Engaged
9998597322098588317,Direct,desktop,1,37.0,33.0,0.0,0.0,0,Desktop Engaged
9998996003043230595,Organic Search,desktop,1,16.0,16.0,0.0,0.0,0,Desktop Engaged
